rank,formula,predicted_freesolv,predictive_sd,target_error,bayesian_credible_score_percent,score,atoms,heavy_atoms,local_bonds,dietz_bonding_systems,seed_molecule,random_seed,target_freesolv
1,CH2Cl2FNO,-5.116436193489799,1.3541145732297242,0.11643619348979861,59.263839006998,-0.5231708635076525,8,6,7,0,water,0,-5.0
2,HClO,-4.0193238091105545,1.0683040028786324,0.9806761908894455,54.59275448784206,-0.6052690137307545,3,2,2,0,water,0,-5.0
3,HFO,-4.006608342210418,1.0714499808434648,0.9933916577895818,54.22774244606812,-0.6119775552461919,3,2,2,0,water,0,-5.0
4,HClO,-4.006608342210418,1.0714499808434648,0.9933916577895818,54.22774244606812,-0.6119775552461919,3,2,2,0,water,0,-5.0
5,H2ClNO2,-5.326496932676972,1.5531957706334942,0.3264969326769718,53.29488119101489,-0.6293298971202352,6,4,5,0,water,0,-5.0
6,HCl2NO2,-4.738776502073199,1.6493830064292776,0.26122349792680133,51.3710794846276,-0.6660948278183237,6,5,5,0,water,0,-5.0
7,C3H6F2O2,-4.11708735161594,1.4628752376301706,0.8829126483840604,49.84551764342596,-0.6962416105051364,13,7,12,0,water,0,-5.0
8,CH3ClO,-3.8422628692096876,1.2783222921245665,1.1577371307903124,47.77368214197661,-0.7386952809208874,6,3,5,0,water,0,-5.0
9,C2H4ClFO2,-5.795334972340064,1.7725878174794043,0.795334972340064,45.522873875195664,-0.7869552638220507,10,6,9,0,water,0,-5.0
10,C2H3ClF2O2,-3.761391551591783,1.5041579905229088,1.238608448408217,43.76371717604122,-0.8263650868740656,10,7,9,0,water,0,-5.0
11,CH2ClFO,-3.6066942402901505,0.8767987357596163,1.3933057597098495,43.43461533097457,-0.8339134745149271,6,4,5,0,water,0,-5.0
12,CH4O,-3.8221969072061,1.6297051408057033,1.1778030927939,43.26189657262373,-0.8378979251707402,6,2,5,0,water,0,-5.0
13,C2H5ClO2,-6.106958430294477,1.7205012275004048,1.106958430294477,43.04820488150065,-0.8428496544390257,10,5,9,0,water,0,-5.0
14,HClO2,-3.7091429389279136,1.5742764631096595,1.2908570610720864,42.1976794389037,-0.862804956057547,4,3,3,0,water,0,-5.0
15,C2H4ClF2NO,-6.2483084684233985,1.6837911757627972,1.2483084684233985,41.67530909771098,-0.8752613405170473,11,7,10,0,water,0,-5.0
16,H2O2,-5.8534049136120485,2.050529146882384,0.8534049136120485,40.87121592120779,-0.8947441379073605,4,2,3,0,water,0,-5.0
17,CH3ClFNO,-6.494126324252924,1.2325352687681506,1.4941263242529237,40.4521960587018,-0.9050492532600758,8,5,7,0,water,0,-5.0
18,C3H5F3O2,-3.393227424906691,1.5908033317873682,1.6067725750933088,36.92223200090846,-0.9963563231182477,13,8,12,0,water,0,-5.0
19,CH3ClFNO2,-6.746219670310506,1.618616780775682,1.7462196703105057,34.49323455260199,-1.0644069811054615,9,6,8,0,water,0,-5.0
20,CH2ClF2NO2,-6.419436577430421,2.2512311932102484,1.419436577430421,34.385496982933205,-1.0675353098400617,9,7,8,0,water,0,-5.0
21,C2H6FNO3,-6.965572872408769,2.0456156419972866,1.965572872408769,30.25718392128034,-1.195436544705337,13,7,12,0,water,0,-5.0
22,CHCl2FO,-3.1911036608376775,0.8916131687684888,1.8088963391623225,30.000426408863,-1.203958590798182,6,5,5,0,water,0,-5.0
23,CH3Cl2NO2,-2.9973171676244372,2.323801291795,2.0026828323755628,28.895350904135302,-1.2414894721794294,9,6,8,0,water,0,-5.0
24,CH3ClFNO2,-2.8855931686277043,1.848975174922333,2.1144068313722957,28.684631986072006,-1.2488086775068117,9,6,8,0,water,0,-5.0
25,C2H5ClFNO,-6.293682678754726,3.5143129386904817,1.2936826787547258,25.705804829550527,-1.3584533507373404,11,6,10,0,water,0,-5.0
26,C2H4ClFO2,-2.650920860236842,1.9453128939662852,2.349079139763158,25.682336372121867,-1.3593667310819664,10,6,9,0,water,0,-5.0
27,C2H4Cl2O2,-2.650920860236842,1.9453128939662852,2.349079139763158,25.682336372121867,-1.3593667310819664,10,6,9,0,water,0,-5.0
28,CH4FNO2,-7.254605690977348,1.4578750339437132,2.254605690977348,25.082580718962653,-1.3829965760369902,9,5,8,0,water,0,-5.0
29,CHClF3NO2,-2.5591261478828855,1.8129367080776393,2.4408738521171145,24.10667909755217,-1.4226812429106803,9,8,8,0,water,0,-5.0
30,C2H6F2N2O,-7.580644667652505,2.9014147247556576,2.580644667652505,22.880655820152317,-1.474878356419088,13,7,12,0,water,0,-5.0
31,CH4FNO,-7.795990073174411,2.898481337323817,2.795990073174411,21.51987573405279,-1.5361932251511061,8,4,7,0,water,0,-5.0
32,H2ClNO,-7.300170549125511,1.159099632847672,2.300170549125511,21.126528232210738,-1.5546406730082647,5,3,4,0,water,0,-5.0
33,CHCl3FNO,-2.5765611370969044,1.2846990050498144,2.4234388629030956,20.28476679960789,-1.5952999855945356,8,7,7,0,water,0,-5.0
34,CHCl2F2NO,-2.5765363162464756,1.2847030294154338,2.4234636837535244,20.284354551753808,-1.5953203088275938,8,7,7,0,water,0,-5.0
35,H3NO3,-7.962740123104937,3.2881382382582767,2.962740123104937,20.066459807539932,-1.6061204309889152,7,4,6,0,water,0,-5.0
36,H3ClFN3O2,-7.433987551132041,4.283623908495291,2.4339875511320406,19.506574434140937,-1.634418626772072,10,7,9,0,water,0,-5.0
37,C2H5NO4,-7.264908948367417,4.482897065595732,2.2649089483674167,19.27944122455781,-1.646130879354426,12,7,12,0,water,0,-5.0
38,CH3ClFNO3,-7.19520719389981,4.619549643026609,2.19520719389981,18.993982051266737,-1.6610479911363598,10,7,9,0,water,0,-5.0
39,C2H7F2N3,-6.5673354785332245,4.973745144659368,1.5673354785332245,18.79256678579902,-1.6717087780710405,14,7,13,0,water,0,-5.0
40,C4H5Cl2F2N3O,-7.795724356524043,4.36211701146676,2.795724356524043,18.383892346102762,-1.693695320746163,17,12,18,0,water,0,-5.0
41,C4H4Cl2F3N3O,-7.5786832835765034,4.903073104427005,2.5786832835765034,17.499133492160777,-1.843018821018188,17,13,18,0,water,0,-5.0
42,C4H5Cl2F2N3O,-7.703098717473588,4.816624200881021,2.703098717473588,17.47952167054658,-1.7441401805203207,17,12,18,0,water,0,-5.0
43,CH6N2O2,-7.617693844561632,4.8836921532060025,2.6176938445616322,17.476569581327198,-1.7443090832277275,11,5,10,0,water,0,-5.0
44,C4H5ClF3N3O,-7.718700886838759,4.837262928498169,2.718700886838759,17.399292118571264,-1.7487406634359093,17,12,18,0,water,0,-5.0
45,H3ClF2N4O2,-6.935780328422059,5.307697063538217,1.9357803284220587,17.36304366631324,-1.7508261657232322,12,9,11,0,water,0,-5.0
46,C4H6Cl2FN3O,-7.751078692793348,4.9063330648053105,2.7510786927933477,17.173352404905483,-1.761811282326627,17,11,18,0,water,0,-5.0
47,C2H2ClNO5,-5.197726809933766,5.80495608536299,0.19772680993376568,16.96704217538652,-1.7738974192000476,11,9,12,0,water,0,-5.0
48,C3H4ClNO5,-5.071429034095479,5.810255742897579,0.07142903409547863,16.960319948967665,-1.7742936908867282,14,10,15,0,water,0,-5.0
49,C2H3NO5,-4.993670158774583,5.81578696609045,0.006329841225417354,16.945886818045935,-1.7751450472117032,11,8,12,0,water,0,-5.0
50,C2H8FN3O,-5.6246494057191665,5.818265814694298,0.6246494057191665,16.844329557223205,-1.781156110620771,15,7,14,0,water,0,-5.0
51,C5H6Cl2F3N3O,-7.65681850152329,5.117670723758474,2.65681850152329,16.842998757922388,-1.9812351195162856,20,14,21,0,water,0,-5.0
52,C4H6ClNO5,-4.8155909563789825,5.890378404085935,0.1844090436210175,16.7293845082879,-1.7880034613679754,17,11,18,0,water,0,-5.0
53,H3ClN2O2,-8.325179807178724,4.561650115844476,3.325179807178724,16.618567662389268,-1.7946495818396597,8,5,7,0,water,0,-5.0
54,C4H6Cl2N2O4,-5.781844977719979,5.883531617711427,0.7818449777199792,16.613106110865527,-1.7949782773853717,18,12,19,0,water,0,-5.0
55,C5H8Cl2F2N4O,-7.105990467449006,5.5840929482114765,2.105990467449006,16.453813273730635,-2.004612925687256,22,14,23,0,water,0,-5.0
56,C3H9FN2O3,-5.812311098621011,5.948364565556555,0.8123110986210111,16.42904355461482,-1.8061194689860969,18,9,17,0,water,0,-5.0
57,HClO3,-1.3201902468636397,3.163130067073215,3.67980975313636,16.293709028760013,-1.8143911018287464,5,4,4,0,water,0,-5.0
58,H5N3O2,-6.822714880023034,5.7833507426008515,1.8227148800230344,16.236050550832765,-1.8179360735134067,10,5,9,0,water,0,-5.0
59,C4H7ClN2O4,-5.637874819273474,6.049839136856818,0.637874819273474,16.220083291152516,-1.818920002224458,18,11,19,0,water,0,-5.0
60,H5ClN4O2,-7.379718224454224,5.565645365706711,2.3797182244542237,16.185574994142236,-1.8210497728805817,12,7,11,0,water,0,-5.0
61,C4H6Cl2N6O,-6.1671224622769785,5.994206748637587,1.1671224622769785,16.154662414702265,-1.922961483574829,19,13,22,0,water,0,-5.0
62,C5H7Cl2N5O2,-6.076550163002507,6.02266139956918,1.0765501630025067,16.12701497038584,-2.024674371709258,21,14,24,0,water,0,-5.0
63,C4H6ClN3O4,-5.707199720949917,6.093504934549483,0.7071997209499168,16.088437955760565,-1.8270693113770426,18,12,20,0,water,0,-5.0
64,C12H11NO,-6.124949313159885,6.035643190339436,1.1249493131598847,16.0714103996836,-2.0281282440859227,25,14,32,0,water,0,-5.0
65,C4H4ClN3O5,-4.83688652735177,6.145860234416991,0.16311347264822995,16.054402154899023,-1.9291870964554791,17,13,20,0,water,0,-5.0
66,H3ClF2N4O3,-6.164988739498719,6.038061950300453,1.1649887394987193,16.045706212856082,-1.8297288978821933,13,10,12,0,water,0,-5.0
67,C4H9ClFN3O,-5.871807086288314,6.092096220361345,0.8718070862883138,16.03723671321775,-1.830256873127768,19,10,19,0,water,0,-5.0
68,C3H6Cl2FNO2,-3.6672907033901536,6.016440013501663,1.3327092966098464,16.00937771408299,-1.8319955283118232,15,9,14,0,water,0,-5.0
69,C4H11ClFN3O,-5.504356587398153,6.147322735714275,0.5043565873981528,16.003628592874286,-1.8323547024059639,21,10,20,0,water,0,-5.0
70,C4H5Cl2F2N3O2,-7.437417285738846,5.617566405274457,2.437417285738846,15.99751349999713,-1.9327368820752922,18,13,19,0,water,0,-5.0
71,C12H11NO,-5.782141985982282,6.121383626788817,0.7821419859822818,15.994785624643223,-2.0329074153245523,25,14,32,0,water,0,-5.0
72,C4H5Cl2FN6O,-6.94859400040809,5.8525099225992605,1.9485940004080904,15.959516616979874,-2.0351148815817433,19,14,22,0,water,0,-5.0
73,C3H7ClFNO2,-3.531400920669197,6.004485951694157,1.468599079330803,15.956729841786277,-1.8352895120918993,15,8,14,0,water,0,-5.0
74,H5FN4O2,-6.9448338206582925,5.855663524675803,1.9448338206582925,15.95537331591323,-1.8353745284800178,12,7,11,0,water,0,-5.0
75,C6H8N4O4,-5.614647641076148,6.15865895032022,0.6146476410761483,15.949813130310424,-2.0357230727938687,22,14,26,0,water,0,-5.0
76,C5H8FN3O3,-6.629351750468668,5.964047265286491,1.6293517504686683,15.946837157555265,-1.8359096737527114,20,12,22,0,water,0,-5.0
77,C2H7ClF2N4O3,-5.58527077135581,6.162962843917644,0.5852707713558098,15.946273788867465,-1.8359450023030561,19,12,18,0,water,0,-5.0
78,C4H8ClN3O4,-6.14805743765986,6.0851995580590525,1.14805743765986,15.937232270320534,-1.8365121619355327,20,12,21,0,water,0,-5.0
79,CH6FN3O2,-5.712494323277719,6.153039770546487,0.7124943232777188,15.937215900060158,-1.8365131891069075,13,7,12,0,water,0,-5.0
80,C4H7ClFN3O3,-7.4164610880883535,5.657089466650598,2.4164610880883535,15.933267460597072,-1.836760969439487,19,12,20,0,water,0,-5.0
81,C4H6ClN3O5,-5.815570520948808,6.144547848701169,0.8155705209488078,15.925997185094488,-1.937217368901913,19,13,21,0,water,0,-5.0
82,C2H7NO,-5.167238692473797,6.2086993652107365,0.16723869247379675,15.895875576476573,-1.8391105081171855,11,4,10,0,water,0,-5.0
83,C5H6ClN3O5,-4.9065186764436115,6.2116172971706325,0.0934813235563885,15.892462067345301,-2.0393252729899287,20,14,23,0,water,0,-5.0
84,C5H7ClFN3O3,-7.291020908337136,5.738442014602129,2.291020908337136,15.889790349764809,-1.9394933993739067,20,13,22,0,water,0,-5.0
85,C4H5ClFN3O3,-7.676046162366609,5.529523702980771,2.6760461623666094,15.888243008348567,-1.839590783714846,17,12,19,0,water,0,-5.0
86,H4ClFN4O2,-5.493182907699022,6.195129561300939,0.49318290769902173,15.886307580522299,-1.8397126062295814,12,8,11,0,water,0,-5.0
87,C2H5NO4,-5.300838772258602,6.208425885324012,0.30083877225860167,15.883993271304359,-1.83985829633386,12,7,12,0,water,0,-5.0
88,C13H11N,-5.329802768369216,6.2087625700976705,0.3298027683692162,15.879488167763881,-2.0401419619376657,25,14,33,0,water,0,-5.0
89,C5H5Cl2N5O2,-6.641032084948521,5.989331198599139,1.6410320849485212,15.877846091061368,-2.040245375951612,19,14,23,0,water,0,-5.0
90,C12H9NO,-5.70369320033332,6.1786190295504255,0.7036932003333201,15.876284253103517,-2.0403437466480967,23,14,31,0,water,0,-5.0
91,C2H6F3N3,-5.375513998172462,6.208333962949766,0.3755139981724618,15.874081164435507,-1.8404825222900507,14,8,13,0,water,0,-5.0
92,C2H5ClFNO3,-5.193277520481525,6.217604878739558,0.1932775204815247,15.871819387817407,-1.8406250148060974,13,8,12,0,water,0,-5.0
93,C2H5NO5,-5.990593902124985,6.142182641346939,0.990593902124985,15.866976122625875,-1.8409302100821772,13,8,13,0,water,0,-5.0
94,C4H5FN4O3,-6.51571867635307,6.032969116760078,1.5157186763530701,15.85780950877638,-1.8415080935207666,17,12,20,0,water,0,-5.0
95,C6H4N4O4,-5.6481846591195985,6.193291505046547,0.6481846591195985,15.8551985564244,-2.041672754807549,18,14,24,0,water,0,-5.0
96,C2H5ClFNO2,-3.0911724375115117,5.9115011535872295,1.9088275624884883,15.854943001894414,-1.8416888729651752,12,7,11,0,water,0,-5.0
97,CH3NO4,-5.274783090197994,6.22750457497963,0.2747830901979942,15.839649533767203,-1.8426539252400664,9,6,9,0,water,0,-5.0
98,C6H8N4O3,-6.35026471487683,6.086883739436238,1.3502647148768299,15.827668460115774,-1.943410609101037,21,13,25,0,water,0,-5.0
99,C2H3Cl2N5O4,-5.442585183368727,6.222810640954183,0.44258518336872665,15.827275448979814,-1.9434354400492206,16,13,18,0,water,0,-5.0
100,C5H5ClN4O4,-5.159611886091547,6.237443638597658,0.15961188609154675,15.825006191025226,-2.043578826739904,19,14,23,0,water,0,-5.0
101,CH5ClF2N4O3,-5.51014789764924,6.21954256589802,0.5101478976492402,15.82250437496727,-1.8437369318178978,16,11,15,0,water,0,-5.0
102,C7H5N5O2,-5.396275021746301,6.228126397651821,0.3962750217463009,15.821893055030763,-2.0437755686690458,19,14,26,0,water,0,-5.0
103,C4H11ClN2O2,-4.302365934964108,6.202394771531496,0.6976340650358921,15.819417264328964,-1.8439320597044586,20,9,19,0,water,0,-5.0
104,C3H3Cl2N5O4,-5.238956414183666,6.240049207835543,0.23895641418366598,15.812306405429899,-2.044381662710168,17,14,20,0,water,0,-5.0
105,C6H7FN4O3,-6.60569518363694,6.028281011717026,1.6056951836369402,15.809506089984303,-2.0445587756098997,21,14,25,0,water,0,-5.0
106,CH4O4,-5.365055637762782,6.235697786687954,0.36505563776278205,15.807947404453918,-1.8446573721355133,9,5,8,0,water,0,-5.0
107,H4ClFN4O2,-5.351628160693208,6.23687818246958,0.3516281606932079,15.806946461122129,-1.8447206931345574,12,8,11,0,water,0,-5.0
108,C5H4ClN5O3,-5.532361778778189,6.225569638862395,0.5323617787781894,15.803066439395325,-2.044966186343213,18,14,23,0,water,0,-5.0
109,C5H6Cl2F2N4O,-7.849224367207127,5.456417316750653,2.8492243672071274,15.799129008705592,-2.0452153735059575,20,14,22,0,water,0,-5.0
110,C3H4Cl2N6O3,-5.597081731997268,6.221299520333184,0.5970817319972683,15.799014687261323,-2.0452226094654726,18,14,21,0,water,0,-5.0
111,C5H4ClN5O2,-6.3641941237982795,6.095557602573396,1.3641941237982795,15.798955422096808,-1.9452263606662181,17,13,22,0,water,0,-5.0
112,C7H8N4O3,-5.31480769835238,6.242619554433945,0.3148076983523804,15.797664955052978,-2.0453080445317164,22,14,27,0,water,0,-5.0
113,C4H4ClFN6O2,-5.432622704842661,6.240307566306796,0.43262270484266097,15.785946047546576,-2.046050132448341,18,14,22,0,water,0,-5.0
114,C9H7N5,-5.4122280792029684,6.242889148863231,0.41222807920296844,15.783012548847248,-2.0462359794853167,21,14,29,0,water,0,-5.0
115,C10H10N4,-5.150395874516713,6.254965245717621,0.15039587451671288,15.782372346770623,-2.0462765430380077,24,14,31,0,water,0,-5.0
116,C4H7ClFN3O,-5.35419254915591,6.249056372007498,0.35419254915591036,15.776647996965881,-1.8466393141129758,17,10,18,0,water,0,-5.0
117,C2H4Cl2FN5O4,-5.273324529853721,6.253440178080151,0.2733245298537206,15.77587536868239,-2.046688288217182,18,14,19,0,water,0,-5.0
118,C8H6N6,-5.317331950640635,6.253148272357384,0.3173319506406349,15.771479891506548,-2.0469669472152527,20,14,28,0,water,0,-5.0
119,C2H5ClFN5O4,-5.26425119038994,6.25586886600606,0.26425119038994005,15.770872781332121,-1.9470054421354508,18,13,19,0,water,0,-5.0
120,C5H6Cl2FN5O,-7.464348868029029,5.707492670075604,2.4643488680290293,15.76565762959894,-2.04733617932897,20,14,23,0,water,0,-5.0
121,C5H4N6O3,-5.582891401110493,6.237743853871407,0.5828914011104933,15.762078672653923,-2.0475632147828366,18,14,24,0,water,0,-5.0
122,C11H10N2O,-5.920520518081934,6.197676583585009,0.9205205180819336,15.758738064492158,-2.047775176814286,24,14,31,0,water,0,-5.0
123,C7H6N6O,-5.239004528719544,6.262159310343129,0.23900452871954414,15.757940750952667,-2.0478257731061307,20,14,27,0,water,0,-5.0
124,C8H5N5O,-5.1980299086889525,6.2641670528161235,0.19802990868895254,15.756528220256866,-2.0479154164187334,19,14,27,0,water,0,-5.0
125,C11H11N3,-5.354626170995862,6.257256904549981,0.3546261709958616,15.756489686733714,-2.047917861980962,25,14,32,0,water,0,-5.0
126,C5H6Cl3FN4O,-7.87199997271437,5.460965458640755,2.87199997271437,15.756411455931515,-2.047922826982556,20,14,22,0,water,0,-5.0
127,C8H7N5O,-5.600796861823222,6.239304341707642,0.6007968618232216,15.754086200607965,-2.0480704130570837,21,14,28,0,water,0,-5.0
128,C5H5FN4O3,-6.572290417789404,6.0611239768372736,1.5722904177894037,15.753973247076999,-1.948077582875406,18,13,22,0,water,0,-5.0
129,C7H8FN3O3,-6.704793722452973,6.022413200465764,1.7047937224529726,15.753970126609286,-2.0480777809503916,22,14,26,0,water,0,-5.0
130,C2H3Cl2N5O4,-5.328542754234257,6.260042148653873,0.32854275423425694,15.753167201299458,-1.9481287487867673,16,13,18,0,water,0,-5.0
131,C8H5N5O,-5.4752576779735636,6.250605489508066,0.47525767797356355,15.753096147108542,-2.0481332592671206,19,14,27,0,water,0,-5.0
132,C8H6N4O2,-5.979753500351653,6.192028108281455,0.9797535003516531,15.749899501064398,-2.0483362016216073,20,14,27,0,water,0,-5.0
133,C7H4N6O,-5.384659687698156,6.258358702784362,0.3846596876981563,15.7494397051577,-2.0483653956249306,18,14,26,0,water,0,-5.0
134,C5H6N4O4,-5.110018770508211,6.269231109441126,0.11001877050821118,15.749425043246724,-1.9483663265734643,19,13,23,0,water,0,-5.0
135,C10H8N4,-5.5589462345407155,6.245446827071697,0.5589462345407155,15.748666169862569,-2.0484145119304222,22,14,30,0,water,0,-5.0
136,C6H2N4O4,-5.341544195421196,6.2627193594148345,0.3415441954211964,15.744912784300297,-2.0486528707136844,16,14,23,0,water,0,-5.0
137,C2H8ClFN4O4,-5.226296728183898,6.268654273232303,0.22629672818389768,15.743196901156844,-1.8487618568142978,20,12,19,0,water,0,-5.0
138,C9H6N4O,-5.248460254853108,6.26843783416656,0.24846025485310808,15.741670781782876,-2.0488587998531274,20,14,28,0,water,0,-5.0
139,C11H8N2O,-5.702299174354395,6.233838538933594,0.7022991743543949,15.741292713110367,-2.0488828172028657,22,14,30,0,water,0,-5.0
140,C7H4N6O,-5.135970814559226,6.272053809791601,0.13597081455922577,15.741269288915596,-2.048884305277106,18,14,26,0,water,0,-5.0
141,C10H8N4,-5.5384796062651205,6.250389176720498,0.5384796062651205,15.741030275260808,-2.048899489279425,22,14,30,0,water,0,-5.0
142,H6N4O2,-5.232214168898776,6.269354181388555,0.23221416889877577,15.740955295718347,-1.8489042526093802,12,6,11,0,water,0,-5.0
143,C9H7N5,-5.481001725332357,6.255487297842412,0.48100172533235686,15.740099095452981,-2.0489586472465446,21,14,29,0,water,0,-5.0
144,C4H4ClN7O2,-5.446719026077885,6.258249014721774,0.4467190260778846,15.739595487479798,-2.048990642980931,18,14,23,0,water,0,-5.0
145,C12H10N2,-5.254786980327972,6.269277402374795,0.25478698032797187,15.738996464457578,-2.049028702054425,24,14,32,0,water,0,-5.0
146,H2O4,-5.398524238427343,6.261791480978624,0.39852423842734286,15.738926222379664,-1.8490331649968252,6,4,5,0,water,0,-5.0
147,C8H4N4O2,-5.393030759323259,6.262610492360789,0.3930307593232589,15.737777739962766,-2.0491061384834257,18,14,26,0,water,0,-5.0
148,C5H6ClN3O5,-4.935700514649345,6.274906501977882,0.06429948535065488,15.737090612001278,-2.049149800490454,20,14,23,0,water,0,-5.0
149,C11H8N2O,-5.77813061925382,6.2265764695345,0.7781306192538198,15.736742161023932,-2.0491719427557364,22,14,30,0,water,0,-5.0
150,C9H7N5,-5.3683061976737,6.26478141915318,0.3683061976737001,15.73615955214519,-2.0492089656450854,21,14,29,0,water,0,-5.0
151,C12H12N2,-5.399238856796973,6.263183026703248,0.39923885679697335,15.735418269011506,-2.0492560737461174,26,14,33,0,water,0,-5.0
152,CH2O4,-4.97560753665009,6.276090677223622,0.024392463349910187,15.73488458273279,-1.849289990564858,7,5,7,0,water,0,-5.0
153,C12H10N2,-5.210477343235623,6.272607758705489,0.21047734323562306,15.734879917212904,-2.049290287072948,24,14,32,0,water,0,-5.0
154,C11H8N2O,-5.732484823228059,6.233097307627861,0.7324848232280594,15.734542759916758,-2.0493117146853717,22,14,30,0,water,0,-5.0
155,C8H5N5O,-5.685827684583279,6.2385353384686155,0.6858276845832787,15.734386812019945,-2.0493216259152063,19,14,27,0,water,0,-5.0
156,C12H10N2,-5.242644898828124,6.272574956042764,0.24264489882812423,15.73211798435788,-2.04946583180529,24,14,32,0,water,0,-5.0
157,C11H8N2O,-5.6348972600037905,6.244929001795081,0.6348972600037905,15.73208788421303,-2.049467745099716,22,14,30,0,water,0,-5.0
158,C9H6N4O,-5.585245716025307,6.249990555221157,0.5852457160253071,15.73168060174311,-2.04949363408184,20,14,28,0,water,0,-5.0
159,C10H8N4,-5.471764702644449,6.259958275923867,0.4717647026444487,15.730922587105333,-2.049541819200749,22,14,30,0,water,0,-5.0
160,C5H3N5O3,-5.834613819148328,6.221683006193659,0.8346138191483279,15.730570639756177,-1.9495641924140377,16,13,22,0,water,0,-5.0
161,C9H7N5,-5.454960192472967,6.261543709803143,0.45496019247296715,15.73010610779583,-2.049593723371945,21,14,29,0,water,0,-5.0
162,C10H8N4,-5.609692404879535,6.248446368278898,0.6096924048795351,15.729700272187236,-2.0496195236329964,22,14,30,0,water,0,-5.0
163,C7H3N5O2,-5.350317440632831,6.269145213660585,0.3503174406328311,15.728036073892119,-2.0497253289762902,17,14,25,0,water,0,-5.0
164,C11H8N2O,-5.498674408057225,6.259292435385437,0.49867440805722474,15.727433435435678,-2.049763645902784,22,14,30,0,water,0,-5.0
165,C7H4N6O,-5.350558420610539,6.270304842716711,0.35055842061053877,15.725175184260163,-2.04990724297015,18,14,26,0,water,0,-5.0
166,C8H5N5O,-5.420301485619609,6.266145216647074,0.4203014856196088,15.724822158262853,-2.0499296929559785,19,14,27,0,water,0,-5.0
167,C10H8N4,-5.338814075165726,6.271848788693893,0.33881407516572626,15.722989464540102,-2.050046247566952,22,14,30,0,water,0,-5.0
168,C8H7N5O,-5.220472621083006,6.277325036854881,0.22047262108300636,15.722522796043314,-2.050075928654221,21,14,28,0,water,0,-5.0
169,C4H12FN3O,-5.161157154578981,6.279335660540711,0.16115715457898094,15.722019652044473,-1.8501079306462818,21,9,20,0,water,0,-5.0
170,C8H6N6,-5.149566253077327,6.279836179826576,0.14956625307732718,15.721498463218547,-2.0501410814421988,20,14,28,0,water,0,-5.0
171,C11H8N2O,-5.7381743283769975,6.237992075188743,0.7381743283769975,15.721019683727484,-2.0501715357136323,22,14,30,0,water,0,-5.0
172,C3H2ClFN6O3,-5.263572630969277,6.276301284467981,0.26357263096927674,15.720960418027886,-2.0501753055588776,16,14,20,0,water,0,-5.0
173,C9H6N4O,-5.584208785906945,6.254538667744793,0.5842087859069451,15.720859087719793,-2.0501817511342093,20,14,28,0,water,0,-5.0
174,C8H4N4O2,-5.358755408114035,6.271711657964078,0.3587554081140354,15.720612683484978,-2.0501974249701296,18,14,26,0,water,0,-5.0
175,C10H8N4,-5.446848511750661,6.2662181906373515,0.44684851175066065,15.720150024898608,-2.050226855463957,22,14,30,0,water,0,-5.0
176,C10H8N4,-5.361058692561668,6.271964334090514,0.36105869256166834,15.71967397015027,-2.0502571390144277,22,14,30,0,water,0,-5.0
177,C7H4N6O,-5.212188333943308,6.278784591938745,0.21218833394330794,15.719659587036741,-2.050258053990154,18,14,26,0,water,0,-5.0
178,C11H8N2O,-5.809197505348968,6.229657312156643,0.8091975053489682,15.719531233487036,-2.050266219184382,22,14,30,0,water,0,-5.0
179,C9H6N4O,-5.564828421746335,6.256903658452078,0.5648284217463351,15.719473035617748,-2.0502699214561706,20,14,28,0,water,0,-5.0
180,C7H3N5O2,-5.644750707656331,6.249166102655056,0.644750707656331,15.7193177043949,-2.050279802957284,17,14,25,0,water,0,-5.0
181,C10H9N3O,-5.556406555966797,6.2579986923509505,0.556406555966797,15.718659971190124,-2.050321646183439,23,14,30,0,water,0,-5.0
182,C6H3N5O3,-5.298761888973052,6.2756931489233905,0.29876188897305234,15.718592063735063,-2.050325966373702,17,14,24,0,water,0,-5.0
183,C10H8N4,-5.628568143186512,6.251157377393517,0.628568143186512,15.718526326306964,-2.0503301485272494,22,14,30,0,water,0,-5.0
184,C10H8N4,-5.31539008999403,6.274959205140262,0.31539008999402984,15.718393090678278,-2.050338624906688,22,14,30,0,water,0,-5.0
185,C11H9N3,-5.405556971956138,6.269826081791806,0.4055569719561376,15.718232899771753,-2.0503488162616113,23,14,31,0,water,0,-5.0
186,C11H9N3,-5.376275761387515,6.272450355027594,0.3762757613875154,15.716304359744251,-2.05047151824472,23,14,31,0,water,0,-5.0
187,C10H8N4,-5.338409364656566,6.274723491543984,0.3384093646565658,15.716037920484949,-2.0504884714362404,22,14,30,0,water,0,-5.0
188,C8H4N4O2,-5.586576857751514,6.25632317949485,0.5865768577515142,15.715981132879342,-2.0504920847965855,18,14,26,0,water,0,-5.0
189,C7H4N6O,-5.139868018753292,6.28276456200154,0.13986801875329213,15.714900694819173,-2.050560834891891,18,14,26,0,water,0,-5.0
190,C9H6N4O,-5.504405645510022,6.26407935956806,0.5044056455100216,15.71466338282482,-2.0505759360872986,20,14,28,0,water,0,-5.0
191,C11H9N3,-5.383160824166052,6.27282805502999,0.383160824166052,15.714366491199911,-2.050594828915115,23,14,31,0,water,0,-5.0
192,C8H4N4O2,-5.4119035750381395,6.271032218604469,0.41190357503813946,15.714285851526267,-2.050599960517499,18,14,26,0,water,0,-5.0
193,C2H5Cl2N5O4,-5.178667181288663,6.282086160259134,0.1786671812886631,15.714155077546868,-1.9506082825325612,18,13,19,0,water,0,-5.0
194,C8H5N5O,-5.410619524720786,6.271245307086903,0.41061952472078644,15.713973096943468,-2.0506198632797434,19,14,27,0,water,0,-5.0
195,C11H9N3,-5.3874182803967505,6.272983244281987,0.3874182803967505,15.713349938284457,-2.0506595204060214,23,14,31,0,water,0,-5.0
196,C7H4N6O,-5.282668804330123,6.278888993176784,0.28266880433012265,15.712625159119892,-2.0507056465270055,18,14,26,0,water,0,-5.0
197,C12H10N2,-5.136143396761974,6.283956164818756,0.13614339676197407,15.7121952235512,-2.050733009328987,24,14,32,0,water,0,-5.0
198,C11H9N3,-5.352155965163217,6.275637963643459,0.3521559651632167,15.711964057331624,-2.0507477219720536,23,14,31,0,water,0,-5.0
199,C11H9N3,-5.392378673726344,6.273264550585703,0.39237867372634394,15.711912288977803,-2.0507510168140555,23,14,31,0,water,0,-5.0
200,C5H7N5O4,-5.167845444386516,6.283317889406224,0.16784544438651583,15.711880798407392,-2.0507530210641676,21,14,25,0,water,0,-5.0
201,C4H7Cl2N3O3,-5.4908506911053845,6.266513979702176,0.4908506911053845,15.711378830037749,-1.8507849699056067,19,12,20,0,water,0,-5.0
202,C8H5N5O,-5.4024060883282585,6.273386990522935,0.4024060883282585,15.710063035994754,-2.0508687212528156,19,14,27,0,water,0,-5.0
203,C9H6N4O,-5.23593250953403,6.282122050518484,0.2359325095340301,15.709458283609818,-2.050907216580536,20,14,28,0,water,0,-5.0
204,C4H3ClN6O2,-5.484951866847339,6.268025582906984,0.4849518668473394,15.70882815916037,-1.9509473285357621,16,13,21,0,water,0,-5.0
205,C7H3N5O2,-5.595586510657014,6.258485016757991,0.5955865106570144,15.708650215418762,-2.050958656226641,17,14,25,0,water,0,-5.0
206,C7H5N7,-5.095600189144927,6.286201687706922,0.0956001891449274,15.708544933699034,-2.050965358398444,19,14,27,0,water,0,-5.0
207,C3H8FNO3,-5.176541488438086,6.284453141509324,0.17654148843808581,15.708533673997191,-1.8509660751870405,16,8,15,0,water,0,-5.0
208,C7H4N6O,-5.350393852619498,6.2772292577771625,0.35039385261949807,15.708332201292485,-2.0509789009542896,18,14,26,0,water,0,-5.0
209,C11H9N3,-5.3253451660679465,6.278793294470677,0.3253451660679465,15.707815997784536,-2.051011763258397,23,14,31,0,water,0,-5.0
210,C11H9N3,-5.351524412860932,6.277502674871821,0.3515244128609316,15.707512741622972,-2.05103106951262,23,14,31,0,water,0,-5.0
211,C12H11NO,-5.106932142458323,6.286489279874585,0.10693214245832294,15.707399351185206,-2.0510382884051914,25,14,32,0,water,0,-5.0
212,C8H5N5O,-5.247015373548918,6.2826181028951025,0.24701537354891823,15.707211539145888,-2.0510502453917017,19,14,27,0,water,0,-5.0
213,C11H9N3,-5.34855920074507,6.277842775368518,0.3485592007450702,15.707088811774142,-2.051058058863297,23,14,31,0,water,0,-5.0
214,C11H9N3,-5.310371168862626,6.279900005512641,0.31037116886262606,15.706971991135198,-2.051065496337852,23,14,31,0,water,0,-5.0
215,C12H10N2,-5.153706598247366,6.286166530265262,0.153706598247366,15.705822567718009,-2.0511386782010925,24,14,32,0,water,0,-5.0
216,C7H4N6O,-5.146702338641443,6.286384674485632,0.14670233864144322,15.705699115042751,-2.0511465385446,18,14,26,0,water,0,-5.0
217,C9H8N4O,-5.217055982335272,6.284506955459919,0.217055982335272,15.705310009839055,-2.051171313629168,22,14,29,0,water,0,-5.0
218,C11H9N3,-5.314048190469378,6.280422562844749,0.3140481904693777,15.705254653811352,-2.051174838304913,23,14,31,0,water,0,-5.0
219,C5H2N6O3,-5.5053896525661745,6.267901902134058,0.5053896525661745,15.70518295736295,-2.05117940344019,16,14,23,0,water,0,-5.0
220,C6H3N7O,-5.283465734452475,6.281940455804329,0.28346573445247536,15.705108544050606,-2.0511841415886622,17,14,25,0,water,0,-5.0
221,C6H4N6O2,-5.144983334369602,6.286966897484352,0.1449833343696021,15.70437843885151,-2.0512306310585235,18,14,25,0,water,0,-5.0
222,C11H11N3,-5.2308503594731715,6.284575061807284,0.23085035947317145,15.703946159576013,-2.0512581574726862,25,14,32,0,water,0,-5.0
223,C9H6N4O,-5.4294201180613655,6.2741919665822286,0.4294201180613655,15.703733616721946,-2.051271691923851,20,14,28,0,water,0,-5.0
224,C8H5N5O,-5.214536036591059,6.28556024844208,0.2145360365910589,15.702956976563224,-2.0513211489117866,19,14,27,0,water,0,-5.0
225,C9H5N3O2,-5.370360626536538,6.2785600992102895,0.370360626536538,15.702299265576295,-2.0513630343198823,19,14,27,0,water,0,-5.0
226,C9H6N4O,-5.541379264782121,6.266320179743841,0.5413792647821207,15.701677437605788,-2.0514026361815487,20,14,28,0,water,0,-5.0
227,C2H7ClFN5O4,-5.13915227509173,6.288634335928573,0.13915227509173,15.700639994233317,-1.9514687105007513,20,13,20,0,water,0,-5.0
228,C5H11ClN2O2,-4.958218854408724,6.290604992735519,0.041781145591276214,15.699253215713565,-1.851557040643238,21,10,21,0,water,0,-5.0
229,C12H10N2,-5.130329698971598,6.289553663269069,0.13032969897159763,15.698862853528677,-2.0515819059685363,24,14,32,0,water,0,-5.0
230,C12H10N2,-5.159247917826876,6.288932360871357,0.15924791782687642,15.69875386354202,-2.051588848532849,24,14,32,0,water,0,-5.0
231,C8H5N5O,-5.413745744600785,6.2774813297009056,0.41374574460078506,15.698312346115632,-2.051616973289695,19,14,27,0,water,0,-5.0
232,C9H5N3O2,-5.362124321706906,6.280722752754147,0.3621243217069061,15.698214739607119,-2.051623190952448,19,14,27,0,water,0,-5.0
233,C6H3N7O,-5.0768187170824275,6.290734418771021,0.07681871708242749,15.698134284137085,-2.0516283161005964,17,14,25,0,water,0,-5.0
234,C9H6N4O,-5.760255657571277,6.24478216802543,0.7602556575712773,15.698086261463331,-2.0516313752378377,20,14,28,0,water,0,-5.0
235,C6H12N2O2,-5.071628288949494,6.2908502678507805,0.07162828894949413,15.69800141075523,-1.8516367804150042,22,10,23,0,water,0,-5.0
236,C3H9ClN2O2,-4.970276648845696,6.291195892140467,0.02972335115430358,15.697981834324581,-1.8516380274809423,17,8,16,0,water,0,-5.0
237,C10H8N4,-5.17053765059991,6.288986347208163,0.17053765059991033,15.697901844781109,-2.051643123024313,22,14,30,0,water,0,-5.0
238,C8H7N5O,-5.086292476712001,6.290879965835482,0.0862924767120008,15.697481175238881,-2.0516699212030125,21,14,28,0,water,0,-5.0
239,C11H9N3,-5.25261910640278,6.286489488650553,0.25261910640278007,15.697249298847755,-2.051684692878872,23,14,31,0,water,0,-5.0
240,C9H6N4O,-5.339040708698996,6.282442664660716,0.33904070869899616,15.6971756053901,-2.051689387563223,20,14,28,0,water,0,-5.0
241,C12H10N2,-5.154989683690395,6.289742589718264,0.15498968369039456,15.697041603172343,-2.051697924308501,24,14,32,0,water,0,-5.0
242,C11H9N3,-5.244931907342522,6.286949150160088,0.24493190734252224,15.69687240925465,-2.051708703080312,23,14,31,0,water,0,-5.0
243,C7H3N5O2,-5.239673574708435,6.287304796774891,0.2396735747084353,15.69650112022477,-2.051732357054903,17,14,25,0,water,0,-5.0
244,C9H6N4O,-5.596990190484306,6.263409624734836,0.5969901904843056,15.69638607316827,-2.051739686553193,20,14,28,0,water,0,-5.0
245,C11H9N3,-5.329222830568953,6.283515451756432,0.32922283056895285,15.695841094693014,-2.0517744071528115,23,14,31,0,water,0,-5.0
246,C4H2ClFN6O2,-5.370437300298927,6.281227809243183,0.37043730029892696,15.695806244104876,-2.051776627526133,16,14,21,0,water,0,-5.0
247,C10H9N3O,-5.271308757902407,6.286466643461726,0.27130875790240694,15.695408247682648,-2.0518019847114917,23,14,30,0,water,0,-5.0
248,C8H4N4O2,-5.2538212190797555,6.287291520511268,0.2538212190797555,15.695181500730317,-2.05181643152209,18,14,26,0,water,0,-5.0
249,C11H10N2O,-5.246243609763323,6.287656231865191,0.24624360976332316,15.69502857518148,-2.051826175040752,24,14,31,0,water,0,-5.0
250,C11H9N3,-5.241820233499908,6.287874090485545,0.241820233499908,15.694916916039721,-2.0518332893660567,23,14,31,0,water,0,-5.0
251,C10H8N4,-5.083658478623966,6.292244499597432,0.08365847862396603,15.694248042791695,-2.051875907463671,22,14,30,0,water,0,-5.0
252,C9H6N4O,-5.407923455411224,6.279592198708124,0.40792345541122366,15.694116144896203,-2.051884311717853,20,14,28,0,water,0,-5.0
253,C10H7N3O,-5.50241625422964,6.272728844056205,0.5024162542296402,15.694054703477581,-2.051888226658862,21,14,29,0,water,0,-5.0
254,C6H10N2O2,-5.10740591099158,6.292026183945071,0.10740591099157992,15.693901889650643,-1.8518979637582798,20,10,22,0,water,0,-5.0
255,C7H5N7,-5.087360831509008,6.2925655910874445,0.08736083150900775,15.69334468888988,-2.051933468673273,19,14,27,0,water,0,-5.0
256,C10H7N3O,-5.237051845752858,6.288798421782392,0.2370518457528581,15.693112066704362,-2.0519482917663883,21,14,29,0,water,0,-5.0
257,C9H5N3O2,-5.291956695121009,6.286838848683389,0.29195669512100864,15.692251638012364,-2.052003121699239,19,14,27,0,water,0,-5.0
258,C11H9N3,-5.413198375403025,6.280032089447769,0.4131983754030246,15.692208023730991,-2.0520059010544895,23,14,31,0,water,0,-5.0
259,C10H7N3O,-5.550247634020441,6.269481116280902,0.5502476340204412,15.692128985319991,-2.0520109378606506,21,14,29,0,water,0,-5.0
260,C7H4N4O3,-5.956325186628508,6.21974183429715,0.9563251866285079,15.692117402874874,-2.0520116759663214,18,14,25,0,water,0,-5.0
261,C10H7N3O,-5.252997162061432,6.288612329002121,0.2529971620614324,15.692052249415184,-2.0520158279614455,21,14,29,0,water,0,-5.0
262,C12H10N2,-5.172062969703624,6.291542445513335,0.17206296970362356,15.691584787049454,-2.052045618158498,24,14,32,0,water,0,-5.0
263,C10H9N3O,-5.228062276654342,6.289768201668765,0.22806227665434164,15.691564119383713,-2.052046935277172,23,14,30,0,water,0,-5.0
264,C7H6N6O,-5.088232884110527,6.293459248834096,0.08823288411052665,15.691141971945347,-2.052073838466283,20,14,27,0,water,0,-5.0
265,C5H5N5O4,-5.110359846895899,6.293353457556975,0.11035984689589906,15.69055018723168,-2.052111553750133,19,14,24,0,water,0,-5.0
266,C9H9N3O2,-5.137489545930693,6.29282954004449,0.13748954593069307,15.69052458924611,-2.0521131851783583,23,14,29,0,water,0,-5.0
267,C10H7N3O,-5.5927617513171315,6.2662407393244,0.5927617513171315,15.690511916403569,-2.052113992853563,21,14,29,0,water,0,-5.0
268,C6H7N5O3,-5.128072758194553,6.2931208771671985,0.12807275819455288,15.690299595616835,-2.052127524739866,21,14,26,0,water,0,-5.0
269,C9H6N4O,-5.13849279665719,6.293210975541469,0.13849279665719028,15.689543937446404,-2.0521756867499654,20,14,28,0,water,0,-5.0
270,C8H7N5O,-5.100492018885372,6.294006932700998,0.1004920188853724,15.689363576976522,-2.0521871824000164,21,14,28,0,water,0,-5.0
271,C8H5N5O,-5.2029507069136915,6.291764720108697,0.20295070691369155,15.688805539180043,-2.0522227509377773,19,14,27,0,water,0,-5.0
272,C6H2N6O2,-5.168153607043822,6.292860332971948,0.16815360704382165,15.688638823247949,-2.052233377420302,16,14,24,0,water,0,-5.0
273,C11H8N2O,-5.249747045945915,6.290147525412097,0.2497470459459148,15.688638668593901,-2.0522333872780116,22,14,30,0,water,0,-5.0
274,C11H8N2O,-5.229399595362933,6.291079037703063,0.22939959536293308,15.68826096676521,-2.052257462430949,22,14,30,0,water,0,-5.0
275,C9H5N3O2,-5.495296731170129,6.275752419178743,0.4952967311701286,15.68810649858782,-2.052267308578854,19,14,27,0,water,0,-5.0
276,C8H5N5O,-5.138396410223918,6.293817517643169,0.13839641022391813,15.688075002602798,-2.0522693162154444,19,14,27,0,water,0,-5.0
277,C7H3N5O2,-5.363284021178824,6.285075388713878,0.3632840211788242,15.687483104210905,-2.0523070461190813,17,14,25,0,water,0,-5.0
278,C8H4N4O2,-5.4189532394892375,6.281661578547503,0.41895323948923746,15.6873263434995,-2.0523170388944423,18,14,26,0,water,0,-5.0
279,C7H3N5O2,-5.322821567861784,6.287366704764605,0.3228215678617836,15.687296877174154,-2.0523189172484955,17,14,25,0,water,0,-5.0
280,C10H7N3O,-5.171594937337182,6.2936090452847,0.1715949373371819,15.686593853304775,-2.052363733103535,21,14,29,0,water,0,-5.0
281,C7H3N5O2,-5.372805478322942,6.285072765855517,0.37280547832294175,15.68613221563046,-2.0523931623391922,17,14,25,0,water,0,-5.0
282,C8H4N4O2,-5.216997467771603,6.292411766050064,0.2169974677716029,15.686093865878362,-2.0523956071610545,18,14,26,0,water,0,-5.0
283,C9H6N4O,-5.193857757267806,6.293338887791354,0.19385775726780619,15.685678678578604,-2.0524220760065233,20,14,28,0,water,0,-5.0
284,C7H9N3O3,-6.503588803029257,6.108652000585867,1.503588803029257,15.685538782623809,-1.9524309947521838,22,13,26,0,water,0,-5.0
285,C11H9N3,-5.132911659154605,6.295341616716364,0.13291165915460468,15.684659371690682,-2.052487061400474,23,14,31,0,water,0,-5.0
286,C8H5N5O,-5.1033696026127675,6.296036112695214,0.10336960261276751,15.68431944536427,-2.0525087341701496,19,14,27,0,water,0,-5.0
287,C12H10N2,-5.115367896898088,6.295929166018259,0.11536789689808824,15.684072792746967,-2.052524460358182,24,14,32,0,water,0,-5.0
288,C9H5N3O2,-5.517146874432661,6.275836744873389,0.5171468744326608,15.683606132408489,-2.0525542145736355,19,14,27,0,water,0,-5.0
289,C10H7N3O,-5.6511938896895435,6.263272152939505,0.6511938896895435,15.683525272562566,-2.052559370279134,21,14,29,0,water,0,-5.0
290,C5H7N5O4,-5.080974956979264,6.296719242070589,0.08097495697926416,15.683456552840719,-2.052563751938946,21,14,25,0,water,0,-5.0
291,C9H8N4O,-5.131361746168073,6.295879541489331,0.13136174616807317,15.683431846924808,-2.052565327225318,22,14,29,0,water,0,-5.0
292,C6H2N6O2,-5.267990483941013,6.291675296681981,0.26799048394101277,15.683103619609287,-2.0525862557283006,16,14,24,0,water,0,-5.0
293,C7H3N5O2,-5.166220106501705,6.2952466953814135,0.16622010650170527,15.682966884799374,-2.0525949743728558,17,14,25,0,water,0,-5.0
294,C9H6N4O,-5.1491429609755865,6.295933910328836,0.14914296097558655,15.682337402012573,-2.052635113169606,20,14,28,0,water,0,-5.0
295,C11H9N3,-5.099302162048499,6.297022597930272,0.09930216204849884,15.682082432166162,-2.052651371710192,23,14,31,0,water,0,-5.0
296,C6H7N5O3,-5.108133768137339,6.297037503130076,0.1081337681373391,15.681692886535629,-2.0526762121910713,21,14,26,0,water,0,-5.0
297,C3H2Cl2N6O3,-5.812254751524418,6.2449335502091134,0.8122547515244181,15.681683617442783,-2.052676803268556,16,14,20,0,water,0,-5.0
298,C2H4ClNO4,-5.036954552963465,6.297862949325311,0.03695455296346495,15.68167987496471,-1.8526770419214078,12,8,12,0,water,0,-5.0
299,C6H2N6O2,-5.2378367944114,6.293533464796166,0.23783679441140038,15.681539922018326,-2.0526859665756554,16,14,24,0,water,0,-5.0
300,C2H6FNO4,-5.240687604571923,6.293513266804378,0.24068760457192262,15.68132554275504,-1.8526996374733944,14,8,13,0,water,0,-5.0
301,C10H7N3O,-5.724166269734197,6.256131711327252,0.7241662697341971,15.681178939263098,-2.052708986439261,21,14,29,0,water,0,-5.0
302,C6H2N6O2,-5.2431974495221825,6.2935093652907925,0.24319744952218247,15.681100521008778,-2.052713987239947,16,14,24,0,water,0,-5.0
303,C8H5N5O,-5.146564681178389,6.296545660017433,0.14656468117838894,15.680999128525213,-2.052720453164403,19,14,27,0,water,0,-5.0
304,C8H6N6,-5.0447849712989825,6.29819855382257,0.04478497129898251,15.680741441092819,-2.0527368863997864,20,14,28,0,water,0,-5.0
305,C8H5N5O,-5.151526871847924,6.29677392284015,0.15152687184792413,15.680159663097507,-2.052773988522168,19,14,27,0,water,0,-5.0
306,C10H8N4,-5.066295500302449,6.298302427400278,0.06629550030244857,15.680028570400687,-2.052782348975609,22,14,30,0,water,0,-5.0
307,C9H7N5,-5.062353365605071,6.298666118021359,0.06235336560507143,15.679243298789272,-2.0528324312361192,21,14,29,0,water,0,-5.0
308,C10H7N3O,-5.705131321123526,6.259195155734072,0.7051313211235257,15.679100588534986,-2.0528415331360663,21,14,29,0,water,0,-5.0
309,C11H9N3,-5.0883564992112165,6.298479720961872,0.08835649921121647,15.678940450339557,-2.0528517466691905,23,14,31,0,water,0,-5.0
310,C9H7N5,-5.04936424633977,6.299213619041306,0.04936424633976966,15.678193782068725,-2.0528993701710987,21,14,29,0,water,0,-5.0
311,C8H7N5O,-5.064880898248035,6.2991470339487226,0.06488089824803467,15.678013816250377,-2.052910848971128,21,14,28,0,water,0,-5.0
312,C12H10N2,-5.112789786333191,6.298586910370031,0.11278978633319081,15.677732990604767,-2.0529287611992975,24,14,32,0,water,0,-5.0
313,C8H5N5O,-5.1163123724035815,6.298581207926792,0.1163123724035815,15.677591289990339,-2.0529377995758846,19,14,27,0,water,0,-5.0
314,C11H10N2O,-5.134981407991396,6.298265994731707,0.13498140799139602,15.677452079721224,-2.0529466791852973,24,14,31,0,water,0,-5.0
315,C11H10N2O,-5.164690276236021,6.297763526161473,0.16469027623602095,15.676955273145651,-2.0529783689295824,24,14,31,0,water,0,-5.0
316,C10H7N3O,-5.12774053022114,6.298624455090893,0.12774053022114007,15.676948804838181,-2.052978781529395,21,14,29,0,water,0,-5.0
317,C10H8N4,-5.052063260945033,6.299882009743442,0.05206326094503311,15.676518636424664,-2.0530062214554157,22,14,30,0,water,0,-5.0
318,C11H9N3,-5.111363400712309,6.299113975266848,0.11136340071230943,15.676515446322789,-2.0530064249509925,23,14,31,0,water,0,-5.0
319,C11H9NO2,-5.131745107614539,6.298777671276004,0.13174510761453906,15.676376745041331,-2.053015272701344,23,14,30,0,water,0,-5.0
320,C10H10N4,-5.052560108820895,6.300001391151855,0.052560108820895124,15.67621888209127,-2.0530253428691823,24,14,31,0,water,0,-5.0
321,C10H10N4,-5.041654031747259,6.300120435446739,0.041654031747259346,15.676127888987326,-2.053031147417378,24,14,31,0,water,0,-5.0
322,C8H7N3O3,-5.038606171388536,6.30014222854027,0.03860617138853595,15.676122116923805,-2.0530315156246695,21,14,27,0,water,0,-5.0
323,C6H3N7O,-5.0680142200438185,6.29995792994945,0.06801422004381852,15.675965418344608,-2.0530415116786176,17,14,25,0,water,0,-5.0
324,C8H5N5O,-5.095678495644238,6.299613459966609,0.09567849564423803,15.675929009272762,-2.0530438342860715,19,14,27,0,water,0,-5.0
325,C5H7N7O2,-5.081953966310024,6.29987666666529,0.08195396631002438,15.675759928442684,-2.0530546203608133,21,14,26,0,water,0,-5.0
326,C11H10N2O,-5.125766467972966,6.2991801180820195,0.12576646797296576,15.675696868224264,-2.05305864315432,24,14,31,0,water,0,-5.0
327,C9H8N4O,-5.059229658009042,6.3002253062576825,0.05922965800904212,15.67553185846734,-2.0530691696799863,22,14,29,0,water,0,-5.0
328,C9H6N4O,-5.7891925767907875,6.2505978169737855,0.7891925767907875,15.67527834216023,-2.0530853425511495,20,14,28,0,water,0,-5.0
329,C8H5N5O,-5.121289000602775,6.29951232655171,0.1212890006027747,15.675103933915047,-2.053096468938295,19,14,27,0,water,0,-5.0
330,C8H7N5O,-5.0597866539811776,6.300510873194205,0.05978665398117755,15.674826125914928,-2.0531141919762472,21,14,28,0,water,0,-5.0
331,C9H5N3O2,-5.639884178774523,6.268139570168866,0.6398841787745226,15.674614075776017,-2.0531277201373594,19,14,27,0,water,0,-5.0
332,C9H6N4O,-5.746459034529583,6.256344349195292,0.7464590345295834,15.674264058409904,-2.0531500505929907,20,14,28,0,water,0,-5.0
333,C11H9N3,-5.059396398066859,6.300751449313568,0.059396398066859035,15.674251340869047,-2.053150861957784,23,14,31,0,water,0,-5.0
334,C10H9N3O,-5.114645569618849,6.300014558912101,0.11464556961884931,15.674187366310074,-2.0531549434726286,23,14,30,0,water,0,-5.0
335,C9H8N4O,-5.082092705660238,6.30064375401106,0.08209270566023807,15.673894265570631,-2.0531736432286705,22,14,29,0,water,0,-5.0
336,C10H8N4,-5.0527339732370375,6.301025122819481,0.052733973237037546,15.673731178918784,-2.0531840482688954,22,14,30,0,water,0,-5.0
337,C7H4N6O,-5.089827782181406,6.300717147997857,0.08982778218140641,15.673460140724243,-2.053201340931053,18,14,26,0,water,0,-5.0
338,C9H6N4O,-5.891366903109394,6.23742099950702,0.891366903109394,15.673303858462843,-2.0532113121205136,20,14,28,0,water,0,-5.0
339,C9H7N5,-5.050606400290264,6.3015023879021985,0.0506064002902642,15.672615640978679,-2.05325522325761,21,14,29,0,water,0,-5.0
340,C8H6N4O2,-5.061254136549065,6.301469527554983,0.06125413654906531,15.67246608006903,-2.0532647661205687,20,14,27,0,water,0,-5.0
341,C9H6N4O,-5.090173694205268,6.301189566771051,0.09017369420526844,15.672302165167459,-2.053275224956971,20,14,28,0,water,0,-5.0
342,C11H9N3,-5.049106149869913,6.301992511802047,0.04910614986991302,15.67145554003512,-2.0533292468863458,23,14,31,0,water,0,-5.0
343,C7H4N6O,-5.071026759878798,6.302100960847988,0.07102675987879792,15.670685730107209,-2.0533783698815764,18,14,26,0,water,0,-5.0
344,C9H8N4O,-5.06912158087398,6.302150583469747,0.06912158087398002,15.670616766706111,-2.053382770681518,22,14,29,0,water,0,-5.0
345,C10H9N3O,-5.100687673627485,6.301886340142342,0.1006876736274851,15.67022606068431,-2.053407703388272,23,14,30,0,water,0,-5.0
346,C7H4N6O,-5.072314265102348,6.302389722057919,0.07231426510234762,15.669949944591558,-2.0534253239716866,18,14,26,0,water,0,-5.0
347,C8H7N5O,-5.038924247748396,6.302710699550145,0.03892424774839576,15.669886190270091,-2.0534293925520832,21,14,28,0,water,0,-5.0
348,C10H10N4,-5.054914397472668,6.30261038492285,0.05491439747266824,15.669840772721757,-2.0534322909531055,24,14,31,0,water,0,-5.0
349,C5H5ClN6O2,-5.051138521587192,6.302707891550389,0.05113852158719201,15.669681361575376,-2.0534424641233087,19,14,24,0,water,0,-5.0
350,C11H10N2O,-5.072926149692987,6.302516707194169,0.07292614969298672,15.669624915639883,-2.0534460663686804,24,14,31,0,water,0,-5.0
351,C10H10N4,-5.0396659799498185,6.302942244596558,0.039665979949818464,15.669313482596515,-2.0534659415182097,24,14,31,0,water,0,-5.0
352,C3H10FN3O,-5.042352745562519,6.3030101854659195,0.04235274556251856,15.669106344545657,-1.853479160949949,18,8,17,0,water,0,-5.0
353,C9H8N4O,-5.043643216419823,6.303006044130482,0.04364321641982283,15.669095038994147,-2.053479882468799,22,14,29,0,water,0,-5.0
354,C5H2ClN5O3,-5.955703997152564,6.229507705865606,0.9557039971525638,15.668920824678882,-2.0534910008699145,16,14,22,0,water,0,-5.0
355,C10H8N2O2,-5.0688539011231,6.303169451332943,0.06885390112310041,15.668153299750736,-2.053539985974602,22,14,29,0,water,0,-5.0
356,C6H3N7O,-5.069319140568399,6.303170065185054,0.06931914056839883,15.66813944708577,-2.0535408701037543,17,14,25,0,water,0,-5.0
357,C9H9N5,-5.038633915258706,6.303509647184262,0.038633915258706075,15.667953250656183,-2.053552753935691,23,14,30,0,water,0,-5.0
358,C10H9N3O,-5.089305414591228,6.302999782868702,0.08930541459122843,15.667942476961558,-2.053553441562094,23,14,30,0,water,0,-5.0
359,C9H7N3O2,-5.056999360008822,6.303422335656847,0.05699936000882211,15.667827149352306,-2.0535608023265253,21,14,28,0,water,0,-5.0
360,C11H9N3,-5.047680651676817,6.30357752364555,0.04768065167681712,15.667638517073726,-2.053572841865404,23,14,31,0,water,0,-5.0
361,C9H7N3O2,-5.0792484554314905,6.3032677404003765,0.0792484554314905,15.667618920820306,-2.053574092613285,21,14,28,0,water,0,-5.0
362,C8H6N6,-5.052178118977568,6.303597154297034,0.052178118977567856,15.6675045571672,-2.053581392003899,20,14,28,0,water,0,-5.0
363,C10H7N3O,-5.849794431199196,6.245753217766592,0.8497944311991956,15.66748903479443,-2.0535823827411543,21,14,29,0,water,0,-5.0
364,C9H7N5,-5.034298960243076,6.303726514613267,0.03429896024307588,15.66748827437377,-2.0535824312760966,21,14,29,0,water,0,-5.0
365,C7H6N6O,-5.05392276176078,6.303770586772811,0.053922761760779814,15.667048519464858,-2.0536104996603104,20,14,27,0,water,0,-5.0
366,C12H10N2,-5.063084167212958,6.303721869196212,0.06308416721295806,15.66696048877422,-2.053616118519398,24,14,32,0,water,0,-5.0
367,C10H7N3O,-5.7866467826634285,6.254383790151919,0.7866467826634285,15.666953220247729,-2.0536165824593042,21,14,29,0,water,0,-5.0
368,C8H7N5O,-5.0356662139723465,6.304231196747863,0.03566621397234648,15.666246450888293,-2.0536616955895926,21,14,28,0,water,0,-5.0
369,C9H7N5,-5.034395979335471,6.304260071234577,0.03439597933547134,15.666193569973395,-2.053665071063374,21,14,29,0,water,0,-5.0
370,C11H10N2O,-5.081770703549548,6.303894212713505,0.08177070354954807,15.666022262000848,-2.053676006004807,24,14,31,0,water,0,-5.0
371,C8H6N6,-5.0331338915072354,6.304343386427069,0.03313389150723545,15.666008005083906,-2.053676916058629,20,14,28,0,water,0,-5.0
372,C9H8N4O,-5.0425518868698855,6.304469911716408,0.042551886869885536,15.66556430050797,-2.053705239219154,22,14,29,0,water,0,-5.0
373,C7H6N4O3,-5.050703303242257,6.3045292325382105,0.05070330324225658,15.665274400015603,-2.0537237449792554,20,14,26,0,water,0,-5.0
374,C10H10N4,-5.043238681163508,6.30469072266103,0.043238681163508375,15.665017804127498,-2.0537401250300023,24,14,31,0,water,0,-5.0
375,C6H5N7O,-5.040505767063238,6.3047258593122475,0.040505767063238274,15.664976638698302,-2.053742752890615,19,14,26,0,water,0,-5.0
376,C10H7N3O,-5.796856130297146,6.254255895397865,0.7968561302971464,15.664104177357064,-2.0537984494714743,21,14,29,0,water,0,-5.0
377,C6H11ClN2O2,-5.0316876091550435,6.3052295600072945,0.03168760915504354,15.663878314426228,-1.8538128687166906,22,11,23,0,water,0,-5.0
378,C9H7N5,-5.040906638000256,6.305196211118803,0.040906638000255846,15.663830518769844,-2.053815920050999,21,14,29,0,water,0,-5.0
379,C11H10N2O,-5.063925107161264,6.305110194675465,0.0639251071612641,15.663575231613619,-2.0538322180590924,24,14,31,0,water,0,-5.0
380,C8H6N4O2,-5.051389781391675,6.30539387051083,0.05138978139167527,15.66316564583072,-2.0538583673342132,20,14,27,0,water,0,-5.0
381,C10H8N4,-5.032648162928314,6.305595499126682,0.032648162928314406,15.66297972732739,-2.0538702371957056,22,14,30,0,water,0,-5.0
382,C9H7N5,-5.028826380288806,6.305818940975846,0.02882638028880624,15.662483487203598,-2.053901920055137,21,14,29,0,water,0,-5.0
383,C10H8N4,-5.031385078272011,6.305840523683748,0.03138507827201131,15.662401598651648,-2.0539071483936757,22,14,30,0,water,0,-5.0
384,C8H6N4O2,-5.045823786141807,6.305805664215865,0.045823786141807155,15.662271888450416,-2.0539154300570925,20,14,27,0,water,0,-5.0
385,C8H6N6,-5.027870570940568,6.3059520977104775,0.027870570940567774,15.662171287655124,-2.053921853206882,20,14,28,0,water,0,-5.0
386,C8H6N6,-5.027504466742083,6.30613131358195,0.027504466742082734,15.661741000501852,-2.0539493266047986,20,14,28,0,water,0,-5.0
387,C9H8N4O,-5.029985692401338,6.306127351258371,0.02998569240133797,15.66172319917139,-2.053950463217936,22,14,29,0,water,0,-5.0
388,C8H7N5O,-5.028007848943078,6.306193793275358,0.028007848943078173,15.661584270641471,-2.0539593338348117,21,14,28,0,water,0,-5.0
389,C9H7N3O2,-5.042825253222102,6.30622108277107,0.04282525322210162,15.66131656281815,-2.0539764272595074,21,14,28,0,water,0,-5.0
390,C8H7N5O,-5.02866621422978,6.306512442482508,0.028666214229779996,15.660805195733651,-2.054009079395176,21,14,28,0,water,0,-5.0
391,C10H9N3O,-5.035070247345915,6.306509388593424,0.035070247345914574,15.660734202980697,-2.054013612553783,23,14,30,0,water,0,-5.0
392,C7H4N4O3,-5.043315750919246,6.306481298348375,0.043315750919245666,15.660678115213253,-2.05401719398663,18,14,25,0,water,0,-5.0
393,C11H9NO2,-5.047646085772634,6.306472795392869,0.04764608577263374,15.660623062541598,-2.0540207093368603,23,14,30,0,water,0,-5.0
394,C8H7N5O,-5.026357754499991,6.3066258850363415,0.026357754499991337,15.660554799745995,-2.05402506822757,21,14,28,0,water,0,-5.0
395,C8H7N5O,-5.03060201795879,6.306608432704044,0.03060201795879003,15.660550646547138,-2.0540253334288647,21,14,28,0,water,0,-5.0
396,C8H7N5O,-5.027119546565254,6.306682169704783,0.027119546565254282,15.660410642165882,-2.0540342734087056,21,14,28,0,water,0,-5.0
397,C10H9N3O,-5.0434336189234505,6.306657760510544,0.043433618923450545,15.66024872784143,-2.0540446125476453,23,14,30,0,water,0,-5.0
398,C9H9N5,-5.025397332510775,6.306789498282467,0.02539733251077525,15.660168043001981,-2.0540497647676834,23,14,30,0,water,0,-5.0
399,C8H6N6,-5.032510585600334,6.306777429735298,0.03251058560033382,15.660118175166781,-2.054052949146961,20,14,28,0,water,0,-5.0
400,C8H6N6,-5.025246506633062,6.306859630707543,0.025246506633061827,15.659999641660145,-2.054060518307929,20,14,28,0,water,0,-5.0
401,C10H8N2O2,-5.043064464397008,6.3068351932849325,0.04306446439700817,15.659825107912672,-2.054071663564894,22,14,29,0,water,0,-5.0
402,C9H8N4O,-5.026741891572588,6.306949882748577,0.02674189157258766,15.659766119341079,-2.0540754304449385,22,14,29,0,water,0,-5.0
403,C8H7N5O,-5.025881016024362,6.307064222669536,0.025881016024362324,15.659497890341711,-2.05409255913604,21,14,28,0,water,0,-5.0
404,C7H8N4O3,-5.035813891652605,6.307064026312089,0.03581389165260518,15.659380704681302,-2.054100042524058,22,14,27,0,water,0,-5.0
405,C9H8N4O,-5.025700505552371,6.307127699796548,0.025700505552371133,15.659345942668704,-2.0541022624107725,22,14,29,0,water,0,-5.0
406,C10H8N2O2,-5.042136889690606,6.3070999494776885,0.042136889690605805,15.659199070938968,-2.0541116416287197,22,14,29,0,water,0,-5.0
407,C10H8N2O2,-5.0422465087279225,6.307104811560156,0.04224650872792246,15.659185519968382,-2.0541125069971455,22,14,29,0,water,0,-5.0
408,C7H6N6O,-5.025721831780394,6.307213306657896,0.025721831780393778,15.659138405355371,-2.0541155157541353,20,14,27,0,water,0,-5.0
409,C7H5N5O2,-5.034302560244426,6.3072400834545785,0.03430256024442624,15.658974673202856,-2.0541259718216582,19,14,26,0,water,0,-5.0
410,C9H8N4O,-5.035017339730728,6.307264389365177,0.03501733973072785,15.658906298018252,-2.054130338348542,22,14,29,0,water,0,-5.0
411,C5H5N7O2,-5.035963664026657,6.307325575560292,0.035963664026657405,15.658745227634727,-2.054140624584941,19,14,25,0,water,0,-5.0
412,C6H5N5O3,-5.0287793525482645,6.307388928765595,0.02877935254826447,15.658681101932034,-2.054144719793916,19,14,25,0,water,0,-5.0
413,C7H5N7,-5.023189430213619,6.307439481107513,0.023189430213618856,15.658614449502887,-2.054148976382997,19,14,27,0,water,0,-5.0
414,CH7N3O2,-5.020225067608486,6.307566635663344,0.02022506760848586,15.658331234966932,-1.8541670633662437,13,6,12,0,water,0,-5.0
415,C10H9N3O,-5.037482221362178,6.307504605104357,0.03748222136217816,15.658290277838043,-2.0541696790461548,23,14,30,0,water,0,-5.0
416,C5H5N7O2,-5.033341794219496,6.307533673907466,0.03334179421949557,15.658276178004485,-2.054170579517385,19,14,25,0,water,0,-5.0
417,C7H6N6O,-5.023940218367741,6.307585325831053,0.023940218367741295,15.6582544787878,-2.054171965316912,20,14,27,0,water,0,-5.0
418,C5H13ClN2O2,-5.02174866493946,6.30766208369965,0.021748664939459594,15.658087828071091,-1.8541826083680752,23,10,22,0,water,0,-5.0
419,C9H8N4O,-5.030483460465485,6.307625932630303,0.03048346046548467,15.658087791864435,-2.0541826106804044,22,14,29,0,water,0,-5.0
420,C9H8N4O,-5.026831746416972,6.307682383657602,0.02683174641697228,15.657991272256277,-2.054188774900897,22,14,29,0,water,0,-5.0
421,C10H9N3O,-5.032091600843222,6.307708158705461,0.03209160084322171,15.657869369576865,-2.0541965602644106,23,14,30,0,water,0,-5.0
422,C7H6N6O,-5.023037837564291,6.307770441776216,0.02303783756429123,15.657814361020378,-2.05420007342778,20,14,27,0,water,0,-5.0
423,C5H4N6O3,-5.028944582297208,6.3078152501347216,0.028944582297207866,15.657646928384336,-2.0542107667165994,18,14,24,0,water,0,-5.0
424,C10H10N4,-5.023127478654575,6.307844743654715,0.023127478654575206,15.65763365306309,-2.05421161456602,24,14,31,0,water,0,-5.0
425,C11H11N3,-5.026178169470776,6.3079293101191,0.02617816947077589,15.657400020861733,-2.054226535974299,25,14,32,0,water,0,-5.0
426,C8H8N4O2,-5.028903920100815,6.307917910000737,0.028903920100814773,15.657398807771179,-2.054226613451441,22,14,28,0,water,0,-5.0
427,C9H9N5,-5.022503910621375,6.3079521371918785,0.022503910621375134,15.657379080002814,-2.0542278734168433,23,14,30,0,water,0,-5.0
428,C8H7N5O,-5.023129549883659,6.307971285222241,0.023129549883658562,15.657327237895622,-2.054231184455859,21,14,28,0,water,0,-5.0
429,C6H5N5O3,-5.022098217944393,6.3079803868382,0.02209821794439293,15.65731415270332,-2.0542320201794517,19,14,25,0,water,0,-5.0
430,C8H7N5O,-5.023892698724021,6.308009881880282,0.02389269872402089,15.657226898599456,-2.054237592932616,21,14,28,0,water,0,-5.0
431,C8H8N6,-5.0215470349321105,6.308059477856143,0.02154703493211052,15.657127271618698,-2.054243955955798,22,14,29,0,water,0,-5.0
432,C9H8N4O,-5.023129109769143,6.308079055829043,0.023129109769143064,15.657066304737159,-2.054247849837427,22,14,29,0,water,0,-5.0
433,C9H8N4O,-5.025733599959595,6.308122864750942,0.025733599959594677,15.656935812920628,-2.0542561842442546,22,14,29,0,water,0,-5.0
434,C10H9N3O,-5.027552265315339,6.308132126179997,0.02755226531533861,15.656894791972153,-2.054258804233421,23,14,30,0,water,0,-5.0
435,C8H7N5O,-5.02227736758778,6.3082166514642015,0.02227736758777965,15.656740588730376,-2.054268653185158,21,14,28,0,water,0,-5.0
436,C10H9N3O,-5.025555770888459,6.3082048216048285,0.025555770888458618,15.656739136427397,-2.0542687459441225,23,14,30,0,water,0,-5.0
437,C9H9N5,-5.021228577414725,6.308229394940907,0.021228577414724725,15.65671849187407,-2.054270064517981,23,14,30,0,water,0,-5.0
438,C6H7N5O3,-5.027364836782402,6.308221484330525,0.02736483678240198,15.656680422680324,-2.0542724960134473,21,14,26,0,water,0,-5.0
439,C6H5N7O,-5.021317979683753,6.30826478930793,0.021317979683752597,15.656632069698492,-2.054275584347321,19,14,26,0,water,0,-5.0
440,C7H5N5O2,-5.025338806603844,6.308300052992299,0.0253388066038438,15.656510695611544,-2.0542833366248776,19,14,26,0,water,0,-5.0
441,C5H4N6O3,-5.024014552635039,6.30835169563397,0.024014552635039266,15.656398210258239,-2.05429052122428,18,14,24,0,water,0,-5.0
442,C7H6N6O,-5.021930567936683,6.308363054557662,0.0219305679366828,15.656389083711073,-2.054291104152084,20,14,27,0,water,0,-5.0
443,C6H4N6O2,-5.022767631912784,6.308373535236138,0.022767631912784303,15.656356530684858,-2.054293183370982,18,14,25,0,water,0,-5.0
444,C10H9N3O,-5.027045683486546,6.3084206639850855,0.02704568348654579,15.656201543069514,-2.0543030827611872,23,14,30,0,water,0,-5.0
445,C6H4N6O2,-5.026708526155386,6.30843427798543,0.026708526155386103,15.65617206237466,-2.054304965767262,18,14,25,0,water,0,-5.0
446,C6H4N6O2,-5.024071667656188,6.308447252831103,0.02407166765618829,15.65616634443416,-2.054305330986903,18,14,25,0,water,0,-5.0
447,C8H7N5O,-5.023167710298276,6.308459325143729,0.023167710298276134,15.656145312239419,-2.054306674368699,21,14,28,0,water,0,-5.0
448,C10H9N3O,-5.022363046096412,6.308520450376997,0.022363046096412376,15.65600436491954,-2.054315677092647,23,14,30,0,water,0,-5.0
449,C10H9N3O,-5.0242898429882406,6.308514812195879,0.02428984298824055,15.656000766406585,-2.0543159069414187,23,14,30,0,water,0,-5.0
450,C10H8N2O2,-5.019433609343798,6.308532506141722,0.019433609343797897,15.655998672784884,-2.0543160406678966,22,14,29,0,water,0,-5.0
451,C7H5N5O2,-5.025846142009285,6.308542624782366,0.02584614200928481,15.655918465157349,-2.0543211638053385,19,14,26,0,water,0,-5.0
452,C9H7N3O2,-5.0254908333507995,6.308560464284648,0.02549083335079949,15.655878778649363,-2.054323698729008,21,14,28,0,water,0,-5.0
453,C8H7N5O,-5.020608141719956,6.308653545114401,0.020608141719955952,15.65569663572575,-2.0543353329518927,21,14,28,0,water,0,-5.0
454,C8H7N5O,-5.02064490456362,6.308657243388779,0.020644904563620337,15.655687392076834,-2.054335923385641,21,14,28,0,water,0,-5.0
455,C7H6N6O,-5.021084025434217,6.308662820737671,0.021084025434216613,15.655670374920442,-2.0543370103494523,20,14,27,0,water,0,-5.0
456,C7H6N6O,-5.020320089456845,6.308691620899877,0.02032008945684538,15.655606725395765,-2.054341075946935,20,14,27,0,water,0,-5.0
457,C6H4N6O2,-5.023830042698591,6.308740248643911,0.02383004269859068,15.655459280066985,-2.0543504940439585,18,14,25,0,water,0,-5.0
458,C8H6N4O2,-5.023229192536986,6.308748094061931,0.023229192536986076,15.655445713516272,-2.0543513606142936,20,14,27,0,water,0,-5.0
459,C7H6N6O,-5.02048029127615,6.3087863083057005,0.02048029127614992,15.655376260666307,-2.0543557969622133,20,14,27,0,water,0,-5.0
460,C9H9N3O2,-5.017162809254769,6.3088054373062015,0.017162809254768874,15.655353913992313,-2.0543572243753636,23,14,29,0,water,0,-5.0
461,C8H6N4O2,-5.022415223432455,6.308845623554369,0.022415223432455278,15.655216755868883,-2.054365985513886,20,14,27,0,water,0,-5.0
462,C7H6N6O,-5.019717206629433,6.308865711020373,0.01971720662943266,15.655189939543707,-2.0543676984475723,20,14,27,0,water,0,-5.0
463,C6H5N7O,-5.019435472640717,6.3089033194604855,0.01943547264071732,15.655101020519263,-2.054373378306923,19,14,26,0,water,0,-5.0
464,C7H6N6O,-5.020729240093133,6.3089029885522,0.02072924009313315,15.655091852722713,-2.054373963917915,20,14,27,0,water,0,-5.0
465,C7H6N6O,-5.019669750635729,6.308917722114648,0.019669750635729066,15.655064400115288,-2.0543757175091266,20,14,27,0,water,0,-5.0
466,C7H6N6O,-5.0198187287807325,6.308917516272485,0.019818728780732542,15.65506376979442,-2.054375757772192,20,14,27,0,water,0,-5.0
467,C7H6N6O,-5.019304977449934,6.308922769248658,0.019304977449934313,15.65505491050097,-2.0543763236782837,20,14,27,0,water,0,-5.0
468,C8H6N4O2,-5.022957295412858,6.308920660013927,0.022957295412857626,15.655030404651137,-2.0543778890428994,20,14,27,0,water,0,-5.0
469,C7H6N6O,-5.020111232690171,6.308948900653039,0.02011123269017112,15.654985561173755,-2.0543807535241845,20,14,27,0,water,0,-5.0
470,C8H7N5O,-5.019279174108957,6.308971565593151,0.01927917410895663,15.654936987037058,-2.054383856319257,21,14,28,0,water,0,-5.0
471,C9H8N4O,-5.020661450164215,6.308970440741563,0.020661450164214834,15.654929118771014,-2.054384358925433,22,14,29,0,water,0,-5.0
472,C7H7N7,-5.01881821998962,6.3089780656383265,0.018818219989619855,15.654924622257479,-2.0543846461521684,21,14,28,0,water,0,-5.0
473,C8H6N4O2,-5.022278250542688,6.308970135126085,0.02227825054268795,15.654916540397611,-2.054385162402623,20,14,27,0,water,0,-5.0
474,C4H5N7O2,-5.01916298948164,6.308983482881434,0.019162989481640302,15.654908997603192,-1.9543856442190681,18,13,23,0,water,0,-5.0
475,C6H5N7O,-5.0201035798419555,6.308980876132201,0.020103579841955543,15.654908222171828,-2.054385693751862,19,14,26,0,water,0,-5.0
476,C9H8N4O,-5.0201109817328495,6.309026651577515,0.02011098173284953,15.654797364925303,-2.0543927750861926,22,14,29,0,water,0,-5.0
477,C6H7N5O3,-5.020764303211036,6.309028433142803,0.020764303211035617,15.654787929891992,-2.054393377779152,21,14,26,0,water,0,-5.0
478,C8H6N4O2,-5.020802020466094,6.309045271790526,0.020802020466094362,15.654746871404935,-2.054396000525694,20,14,27,0,water,0,-5.0
479,C6H5N5O3,-5.020261887453951,6.309052175701169,0.020261887453950855,15.65473441536771,-2.0543967961975933,19,14,25,0,water,0,-5.0
480,C9H9N5,-5.018770379453708,6.30906709467518,0.018770379453708408,15.654709471946324,-2.054398389545688,23,14,30,0,water,0,-5.0
481,C10H9N3O,-5.019521656846949,6.309080474499801,0.019521656846949398,15.654671568092077,-2.054400810791525,23,14,30,0,water,0,-5.0
482,C8H7N5O,-5.01892486476378,6.309099882319761,0.01892486476377986,15.654628993687613,-2.0544035303926464,21,14,28,0,water,0,-5.0
483,C7H7N7,-5.018277360972444,6.309103153756161,0.018277360972444257,15.654625696103633,-2.054403741038605,21,14,28,0,water,0,-5.0
484,C7H9N5O2,-5.0190253402202885,6.309125853424943,0.019025340220288456,15.654565400802417,-2.0544075926425016,23,14,28,0,water,0,-5.0
485,C10H9N3O,-5.0207910480760605,6.30915926464342,0.02079104807606047,15.654471046140324,-2.054413619954281,23,14,30,0,water,0,-5.0
486,C9H8N4O,-5.019411181063917,6.309165315665397,0.019411181063916594,15.654467041120219,-2.0544138757930512,22,14,29,0,water,0,-5.0
487,C7H5N5O2,-5.020622128527513,6.309168943409892,0.02062212852751344,15.654448961570692,-2.0544150307068483,19,14,26,0,water,0,-5.0
488,C9H9N5,-5.018301232778419,6.309204403823467,0.018301232778418886,15.654380461913636,-2.054419406447386,23,14,30,0,water,0,-5.0
489,C9H7N3O2,-5.018581029234518,6.309206706048525,0.0185810292345181,15.654372910241285,-2.0544198888474527,21,14,28,0,water,0,-5.0
490,C8H8N6,-5.0181958635811865,6.309217584156208,0.018195863581186522,15.654349298310224,-2.0544213971767227,22,14,29,0,water,0,-5.0
491,C7H5N5O2,-5.02004335049595,6.30922382079606,0.020043350495949852,15.654320652510995,-2.0544232270723572,19,14,26,0,water,0,-5.0
492,C9H8N4O,-5.018772290133564,6.3092310753210965,0.01877229013356363,15.65431255745276,-2.0544237441858435,22,14,29,0,water,0,-5.0
493,C8H8N6,-5.01809911499063,6.30923358323802,0.018099114990629772,15.654311248358724,-2.054423827810984,22,14,29,0,water,0,-5.0
494,C6H6N6O2,-5.0194753874247064,6.309241447554482,0.019475387424706447,15.65428229489075,-2.0544256773650327,20,14,26,0,water,0,-5.0
495,C8H7N5O,-5.018190596817056,6.309251730419809,0.018190596817055926,15.654266689134932,-2.0544266742656445,21,14,28,0,water,0,-5.0
496,C7H6N6O,-5.018016823352372,6.309256749302849,0.018016823352372313,15.654255748596052,-2.0544273731513174,20,14,27,0,water,0,-5.0
497,C9H8N4O,-5.0181850902252805,6.309318530110389,0.018185090225280476,15.654105051366027,-2.054436999795841,22,14,29,0,water,0,-5.0
498,C10H8N2O2,-5.019202584262659,6.309329139929827,0.01920258426265864,15.654072076051296,-2.054439106294383,22,14,29,0,water,0,-5.0
499,C7H6N4O3,-5.017857794355823,6.309338954615424,0.01785779435582313,15.654057880953658,-2.0544400130938407,20,14,26,0,water,0,-5.0
500,C7H6N6O,-5.017812246626318,6.309339730992755,0.01781224662631775,15.654056313526784,-2.0544401132229555,20,14,27,0,water,0,-5.0
501,C6H5N5O3,-5.018764430661718,6.309349585310887,0.018764430661717846,15.654025783399605,-2.054442063526208,19,14,25,0,water,0,-5.0
502,C8H6N4O2,-5.018724167026843,6.309361126704642,0.018724167026842764,15.653998139738775,-2.0544438294416105,20,14,27,0,water,0,-5.0
503,C6H5N7O,-5.017679754516228,6.309367969074613,0.017679754516228385,15.65398887183955,-2.0544444214885678,19,14,26,0,water,0,-5.0
504,C9H8N4O,-5.01863497532238,6.309371352237023,0.018634975322379788,15.653974030476315,-2.0544453695772877,22,14,29,0,water,0,-5.0
505,C8H8N4O2,-5.018373002438782,6.30938074203825,0.018373002438782038,15.653953164363838,-2.0544467025376174,22,14,28,0,water,0,-5.0
506,C6H4N6O2,-5.018691040871698,6.3093833157529025,0.018691040871697595,15.653944674473383,-2.0544472448857816,18,14,25,0,water,0,-5.0
507,C9H8N4O,-5.017812647895875,6.309404076442141,0.01781264789587489,15.653900578677685,-2.054450061802458,22,14,29,0,water,0,-5.0
508,C10H10N4,-5.017664642848916,6.309408263769677,0.017664642848916223,15.653891451489649,-2.0544506448642097,24,14,31,0,water,0,-5.0
509,C9H7N3O2,-5.018286176346416,6.309417456842336,0.018286176346416383,15.653864916624077,-2.054452339962719,21,14,28,0,water,0,-5.0
510,C8H7N5O,-5.017634067197518,6.309427650234965,0.017634067197517922,15.65384473903797,-2.0544536289478494,21,14,28,0,water,0,-5.0
511,C7H5N3O4,-5.017154805642461,6.309434978947539,0.017154805642460857,15.653830199810157,-2.054454557744245,19,14,25,0,water,0,-5.0
512,C8H7N5O,-5.0174109129806475,6.309456153189965,0.017410912980647453,15.653777256102142,-2.0544579399067486,21,14,28,0,water,0,-5.0
513,C8H8N6,-5.017142119263352,6.309463701623257,0.01714211926335185,15.653760768773362,-2.0544589931565294,22,14,29,0,water,0,-5.0
514,C10H9N3O,-5.0175347136409325,6.309464090206924,0.01753471364093251,15.653757217294734,-2.054459220033577,23,14,30,0,water,0,-5.0
515,C7H6N6O,-5.017381357959395,6.30947121241969,0.017381357959394883,15.653741007211774,-2.054460255573552,20,14,27,0,water,0,-5.0
516,C11H11N3,-5.017256354500439,6.30947957340812,0.017256354500439386,15.65372160257218,-2.054461495191073,25,14,32,0,water,0,-5.0
517,C11H11N3,-5.017421418398164,6.309486337345599,0.0174214183981638,15.653704134880492,-2.0544626110727706,25,14,32,0,water,0,-5.0
518,C10H10N4,-5.017132890870644,6.309497979205283,0.01713289087064407,15.65367787178887,-2.054464288829896,24,14,31,0,water,0,-5.0
519,C8H7N5O,-5.017381596867996,6.309499067793384,0.01738159686799623,15.65367359092957,-2.0544645623030005,21,14,28,0,water,0,-5.0
520,C6H5N7O,-5.017216909029707,6.3094999921533494,0.01721690902970696,15.653672446632957,-2.0544646354038383,19,14,26,0,water,0,-5.0
521,C7H7N7,-5.017058854348319,6.309505443451353,0.017058854348318775,15.653660292642385,-2.054465411834758,21,14,28,0,water,0,-5.0
522,C8H6N4O2,-5.017649904833364,6.309504923286739,0.01764990483336426,15.653657617066505,-2.054465582758111,20,14,27,0,water,0,-5.0
523,C9H8N4O,-5.017338237923943,6.309511582626113,0.01733823792394329,15.653643591835495,-2.054466478730007,22,14,29,0,water,0,-5.0
524,C9H8N4O,-5.017128833089264,6.309527364284633,0.01712883308926383,15.653606782193256,-2.0544688302391174,22,14,29,0,water,0,-5.0
525,C7H7N7,-5.016989035906161,6.309534177606091,0.0169890359061613,15.65359120776894,-2.0544698251811955,21,14,28,0,water,0,-5.0
526,C6H5N7O,-5.017022568302858,6.309535762590875,0.017022568302857977,15.653587153166612,-2.054470084201813,19,14,26,0,water,0,-5.0
527,C8H7N3O3,-5.016672049641126,6.309539720256231,0.016672049641125675,15.653579840191165,-2.0544705513776162,21,14,27,0,water,0,-5.0
528,C9H9N5,-5.0169599802572336,6.309541325507122,0.016959980257233553,15.653574098093866,-2.0544709182009506,23,14,30,0,water,0,-5.0
529,C6H7N5O3,-5.017289102667944,6.30955889403685,0.017289102667944256,15.653529418313267,-2.0544737724912285,21,14,26,0,water,0,-5.0
530,C8H6N4O2,-5.017231160356077,6.30956089104296,0.017231160356076636,15.65352496893316,-2.0544740567326043,20,14,27,0,water,0,-5.0
531,C8H7N5O,-5.017032229010076,6.309561640450788,0.017032229010076172,15.653524462484949,-2.054474089086226,21,14,28,0,water,0,-5.0
532,C6H4N6O2,-5.01730880919669,6.309562120383135,0.017308809196689978,15.653521479433042,-2.0544742796536726,18,14,25,0,water,0,-5.0
533,C9H6N4O,-5.93760036380165,6.238753034116108,0.9376003638016499,15.653519464658999,-2.0544744083642748,20,14,28,0,water,0,-5.0
534,C7H6N6O,-5.016886772235631,6.309567052023305,0.016886772235631398,15.653512312085644,-2.054474865295063,20,14,27,0,water,0,-5.0
535,C4H3N9O,-5.016817130702282,6.309568750641022,0.016817130702282412,15.65350865139574,-2.054475099152504,17,14,24,0,water,0,-5.0
536,C8H7N5O,-5.017130091343503,6.309568135717228,0.017130091343503295,15.653508102056607,-2.0544751342461787,21,14,28,0,water,0,-5.0
537,C8H7N5O,-5.0168752991398495,6.309585521647385,0.01687529913984953,15.653467687992325,-2.0544777160391026,21,14,28,0,water,0,-5.0
538,C8H7N5O,-5.016814489713944,6.309587132508932,0.01681448971394417,15.653464182446776,-2.054477939986027,21,14,28,0,water,0,-5.0
539,C6H6N8,-5.016653287818693,6.309596169047913,0.01665328781869313,15.653443347862861,-2.054479270975611,20,14,27,0,water,0,-5.0
540,C9H9N5,-5.016731362762996,6.309600300556726,0.016731362762995694,15.653432849379106,-2.054479941657904,23,14,30,0,water,0,-5.0
541,C8H6N2O4,-5.017001328529845,6.309602267500376,0.017001328529844706,15.653426342739962,-2.0544803573265025,20,14,26,0,water,0,-5.0
542,C3H2N10O,-5.016625960667924,6.309605632355729,0.01662596066792421,15.653420620263796,-2.054480722899961,16,14,23,0,water,0,-5.0
543,C8H7N5O,-5.016747842882032,6.309607791530118,0.016747842882032238,15.653414614794785,-2.054481106552219,21,14,28,0,water,0,-5.0
544,C8H8N6,-5.01668532501686,6.309608041265696,0.016685325016860375,15.653414411264851,-2.05448111955449,22,14,29,0,water,0,-5.0
545,C8H8N6,-5.016667765684597,6.309611330090792,0.016667765684596603,15.65340656436722,-2.054481620844457,22,14,29,0,water,0,-5.0
546,C6H4N6O2,-5.016920442244087,6.30961557983128,0.016920442244087397,15.653394652063794,-2.0544823818486457,18,14,25,0,water,0,-5.0
547,C9H9N5,-5.01663690596636,6.30962521677138,0.016636905966359805,15.653373154703967,-2.054483755184913,23,14,30,0,water,0,-5.0
548,C8H7N5O,-5.016683182731994,6.309625107852424,0.016683182731994428,15.653373122585194,-2.0544837572367887,21,14,28,0,water,0,-5.0
549,C7H5N5O2,-5.016727218884849,6.309628427349003,0.016727218884849293,15.653364807030904,-2.054484288467753,19,14,26,0,water,0,-5.0
550,C6H6N8,-5.016534916774217,6.309629662152676,0.01653491677421659,15.653363045403701,-2.0544844010076013,20,14,27,0,water,0,-5.0
551,C8H7N5O,-5.016633780116461,6.3096299269459015,0.016633780116460883,15.65336177571915,-2.0544844821201775,21,14,28,0,water,0,-5.0
552,C5H3N7O2,-5.016835919524714,6.309631039552825,0.01683591952471364,15.653357785667085,-2.0544847370208585,17,14,24,0,water,0,-5.0
553,C5H5N9,-5.01652866162678,6.309632144483337,0.016528661626780128,15.65335707766977,-2.0544847822506003,19,14,26,0,water,0,-5.0
554,C6H6N8,-5.016548011451348,6.309634791956273,0.016548011451347655,15.653350547881201,-2.054485199400091,20,14,27,0,water,0,-5.0
555,C8H7N5O,-5.01658503466762,6.309638108514433,0.016585034667619958,15.653342286365083,-2.05448572717964,21,14,28,0,water,0,-5.0
556,C9H8N4O,-5.0166780590165185,6.30963939084302,0.01667805901651853,15.653338589648975,-2.0544859633411243,22,14,29,0,water,0,-5.0
557,C11H10N2O,-5.0167509268580925,6.3096429521665085,0.01675092685809254,15.653329503904537,-2.0544865437762194,24,14,31,0,water,0,-5.0
558,C10H10N4,-5.016562357169791,6.309643887405121,0.016562357169791042,15.653328445286876,-2.0544866114051348,24,14,31,0,water,0,-5.0
559,C5H4N8O,-5.0165389051467715,6.3096447743281425,0.016538905146771476,15.653326447759735,-2.0544867390155197,18,14,25,0,water,0,-5.0
560,C9H5N3O2,-5.835341504414891,6.253639545838592,0.8353415044148909,15.653323047592474,-2.054486956232457,19,14,27,0,water,0,-5.0
561,C9H8N4O,-5.016559810291177,6.309647851847788,0.016559810291177257,15.65331886730767,-2.054487223286638,22,14,29,0,water,0,-5.0
562,C9H9N5,-5.01652178796734,6.309649752370905,0.016521787967340273,15.653314509169231,-2.054487501702933,23,14,30,0,water,0,-5.0
563,C7H6N6O,-5.016532560089648,6.3096522208964725,0.016532560089648207,15.653308466933929,-2.054487887706579,20,14,27,0,water,0,-5.0
564,C8H6N4O2,-5.01666714985595,6.309652354004594,0.01666714985594986,15.653307287891208,-2.0544879630288513,20,14,27,0,water,0,-5.0
565,C7H6N6O,-5.0165041032991775,6.309653066783336,0.01650410329917751,15.653306600138656,-2.0544880069654172,20,14,27,0,water,0,-5.0
566,C10H10N4,-5.016515664126971,6.309653178654984,0.016515664126971252,15.653306256196798,-2.0544880289378904,24,14,31,0,water,0,-5.0
567,C6H5N7O,-5.01651422949924,6.309654891246454,0.016514229499239974,15.653302120734006,-2.0544882931289354,19,14,26,0,water,0,-5.0
568,C7H6N6O,-5.016542669004293,6.309654959172473,0.01654266900429313,15.653301776058589,-2.054488315148278,20,14,27,0,water,0,-5.0
569,C6H13ClN2O2,-5.016493407616941,6.309655241737448,0.016493407616940736,15.6533014043329,-1.8544883388957083,24,11,24,0,water,0,-5.0
570,C9H9N5,-5.016494512661069,6.309657650985754,0.01649451266106894,15.653295566854538,-2.0544887118189212,23,14,30,0,water,0,-5.0
571,C6H5N7O,-5.016463190954765,6.309659581598866,0.016463190954764784,15.65329109265515,-2.0544889976501066,19,14,26,0,water,0,-5.0
572,C9H9N5,-5.016480873952362,6.309663716090827,0.01648087395236164,15.6532809752993,-2.0544896439908062,23,14,30,0,water,0,-5.0
573,C4H3N9O,-5.016442962304206,6.309665544516589,0.01644296230420572,15.653276789810104,-2.0544899113781843,17,14,24,0,water,0,-5.0
574,C10H10N4,-5.016455663354776,6.309665628850882,0.016455663354776107,15.653276505585922,-2.054489929535672,24,14,31,0,water,0,-5.0
575,C10H10N4,-5.016460382217475,6.309666581577741,0.016460382217474923,15.65327417016397,-2.054490078732687,24,14,31,0,water,0,-5.0
576,C11H11N3,-5.016452661565336,6.309673967788977,0.01645266156533598,15.653256344011842,-2.054491217546336,25,14,32,0,water,0,-5.0
577,C10H9N3O,-5.016445741956988,6.3096779605336035,0.016445741956988336,15.653246725105987,-2.0544918320452363,23,14,30,0,water,0,-5.0
578,C7H7N7,-5.016405098247275,6.309679565909156,0.016405098247274985,15.65324309610283,-2.0544920638823525,21,14,28,0,water,0,-5.0
579,C7H6N6O,-5.016405245517576,6.3096805127668185,0.01640524551757583,15.653240803754978,-2.054492210327917,20,14,27,0,water,0,-5.0
580,C9H8N4O,-5.0164170959866174,6.30968099098757,0.016417095986617447,15.653239571856314,-2.0544922890271926,22,14,29,0,water,0,-5.0
581,C9H9N5,-5.016397717094762,6.309681770203037,0.016397717094761788,15.65323780808526,-2.0544924017049,23,14,30,0,water,0,-5.0
582,C8H6N4O2,-5.016438636595023,6.309683883058203,0.01643863659502287,15.653232437249,-2.0544927448183983,20,14,27,0,water,0,-5.0
583,C9H8N4O,-5.016396588754846,6.309684002699209,0.016396588754846064,15.653232412484803,-2.0544927464004483,22,14,29,0,water,0,-5.0
584,C7H6N6O,-5.016385736971708,6.309684994290764,0.016385736971708198,15.653230081031788,-2.0544928953443296,20,14,27,0,water,0,-5.0
585,C8H7N5O,-5.016379790499088,6.309686810505422,0.01637979049908811,15.653225723115499,-2.054493173748012,21,14,28,0,water,0,-5.0
586,C7H7N7,-5.016359772480606,6.309687724046143,0.01635977248060616,15.653223638010472,-2.054493306954113,21,14,28,0,water,0,-5.0
587,C9H8N4O,-5.016368393182414,6.309690244072795,0.016368393182413676,15.653217485387655,-2.054493700012065,22,14,29,0,water,0,-5.0
588,C9H9N5,-5.016360297629577,6.309690397041675,0.016360297629576692,15.65321716601109,-2.054493720415319,23,14,30,0,water,0,-5.0
589,C9H8N4O,-5.016365960751227,6.309691653372658,0.016365960751227426,15.653214090124596,-2.0544939169172114,22,14,29,0,water,0,-5.0
590,C10H9N3O,-5.016375660029369,6.309691842147101,0.016375660029368966,15.653213572386134,-2.054493949992749,23,14,30,0,water,0,-5.0
591,C7H7N7,-5.016337950423639,6.309692283197079,0.01633795042363939,15.653212741609348,-2.0544940030666305,21,14,28,0,water,0,-5.0
592,C9H7N3O2,-5.016385965532233,6.309692308604439,0.01638596553223337,15.653212378804096,-2.054494026244317,21,14,28,0,water,0,-5.0
593,C9H9N5,-5.016347970691977,6.309693107749443,0.01634797069197713,15.653210683368627,-2.054494134556625,23,14,30,0,water,0,-5.0
594,C6H6N8,-5.016344466680084,6.309694040206318,0.016344466680084047,15.65320844877515,-2.0544942773128736,20,14,27,0,water,0,-5.0
595,C8H7N5O,-5.016337783725029,6.309694899585377,0.01633778372502892,15.653206410949,-2.054494407498726,21,14,28,0,water,0,-5.0
596,C8H8N6,-5.0163400056558,6.309695340346989,0.01634000565579985,15.653205330374712,-2.0544944765308655,22,14,29,0,water,0,-5.0
597,C7H5N5O2,-5.016361996630861,6.309695812966101,0.016361996630861242,15.653204048717184,-2.0544945584091487,19,14,26,0,water,0,-5.0
598,C8H7N5O,-5.016335130393601,6.309696886503739,0.016335130393600572,15.653201619200582,-2.054494713618062,21,14,28,0,water,0,-5.0
599,C2H9ClFN5O4,-5.016331060797722,6.309697725297888,0.01633106079772162,15.653199614800176,-1.9544948416685772,22,13,21,0,water,0,-5.0
600,C9H8N4O,-5.016337062122384,6.309697722473756,0.016337062122383728,15.65319958403759,-2.0544948436338357,22,14,29,0,water,0,-5.0
601,C8H7N5O,-5.01632883813279,6.309698049066205,0.016328838132790402,15.653198845197291,-2.05449489083443,21,14,28,0,water,0,-5.0
602,C8H6N4O2,-5.016333796484258,6.309698121516042,0.01633379648425759,15.653198638809872,-2.054494904019429,20,14,27,0,water,0,-5.0
603,C9H9N5,-5.016323202664209,6.309698449988396,0.016323202664208836,15.653197910247648,-2.0544949505634142,23,14,30,0,water,0,-5.0
604,C9H8N4O,-5.016327307227329,6.3096988179675995,0.016327307227329335,15.653196994032626,-2.0544950090955463,22,14,29,0,water,0,-5.0
605,C6H5N7O,-5.016320772337745,6.309699013566573,0.016320772337745204,15.65319656159505,-2.0544950367216974,19,14,26,0,water,0,-5.0
606,C7H7N7,-5.01631957742902,6.309699294248724,0.01631957742902035,15.653195889820012,-2.054495079637855,21,14,28,0,water,0,-5.0
607,C9H9N5,-5.016321788979518,6.309699307265159,0.01632178897951775,15.653195844476532,-2.0544950825346104,23,14,30,0,water,0,-5.0
608,C9H9N5,-5.016320158233679,6.309699356000646,0.01632015823367894,15.653195736744097,-2.054495089417067,23,14,30,0,water,0,-5.0
609,C7H6N6O,-5.01631901533136,6.309700004050047,0.016319015331360376,15.653194175609908,-2.0544951891496894,20,14,27,0,water,0,-5.0
610,C10H10N4,-5.016317565660654,6.3097003725725695,0.016317565660654232,15.653193292853906,-2.0544952455443153,24,14,31,0,water,0,-5.0
611,C8H8N6,-5.016314707551121,6.309700781404531,0.016314707551121188,15.653192321361356,-2.054495307607855,22,14,29,0,water,0,-5.0
612,C6H5N7O,-5.016314893506371,6.309700876559418,0.01631489350637061,15.653192089921788,-2.0544953223933096,19,14,26,0,water,0,-5.0
613,C6H6N8,-5.016311731601979,6.309700975199376,0.016311731601978963,15.65319187099538,-2.054495336379365,20,14,27,0,water,0,-5.0
614,C8H8N6,-5.016313144515243,6.309701110064649,0.016313144515242683,15.653191535779948,-2.0544953577945138,22,14,29,0,water,0,-5.0
615,C7H5N5O2,-5.016321392397309,6.309701362110049,0.016321392397308898,15.653190874209105,-2.054495400058793,19,14,26,0,water,0,-5.0
616,C9H9N5,-5.016308119813176,6.309701801509331,0.016308119813175814,15.65318989390931,-2.0544954626849905,23,14,30,0,water,0,-5.0
617,C7H7N7,-5.016308917839273,6.309701816166828,0.016308917839272574,15.65318985344637,-2.054495465269955,21,14,28,0,water,0,-5.0
618,C9H9N5,-5.016306495754312,6.309702742470085,0.016306495754312422,15.653187626931667,-2.0544956075102836,23,14,30,0,water,0,-5.0
619,C6H7N7O,-5.01630504552453,6.309703032818465,0.016305045524529937,15.653186933355157,-2.054495651819247,21,14,27,0,water,0,-5.0
620,C9H7N3O2,-5.0163164359954955,6.3097031754851525,0.016316435995495482,15.653186516843471,-2.0544956784279944,21,14,28,0,water,0,-5.0
621,C8H8N6,-5.016304746324895,6.309703306654029,0.016304746324895092,15.653186272541342,-2.054495694035176,22,14,29,0,water,0,-5.0
622,C7H6N6O,-5.016305137201384,6.309703340836546,0.0163051372013836,15.653186187374912,-2.054495699476013,20,14,27,0,water,0,-5.0
623,C9H8N4O,-5.016304138807877,6.309703588414001,0.016304138807877067,15.653185594478414,-2.054495737353063,22,14,29,0,water,0,-5.0
624,C9H9N5,-5.016301994578383,6.3097036322934565,0.01630199457838266,15.653185501697312,-2.054495743280361,23,14,30,0,water,0,-5.0
625,C8H8N6,-5.016299460285878,6.309703990728434,0.01629946028587792,15.653184650125493,-2.054495797682824,22,14,29,0,water,0,-5.0
626,C8H8N6,-5.016299627140453,6.309704088578882,0.01629962714045341,15.653184412283366,-2.054495812877312,22,14,29,0,water,0,-5.0
627,C10H10N4,-5.016298996524824,6.3097042189840495,0.01629899652482436,15.653184100643863,-2.0544958327863285,24,14,31,0,water,0,-5.0
628,C8H8N6,-5.016299090123812,6.309704540515669,0.016299090123811588,15.653183321949193,-2.054495882533056,22,14,29,0,water,0,-5.0
629,C7H6N6O,-5.016295205775824,6.309705366344619,0.01629520577582433,15.65318134771523,-2.0544960086565447,20,14,27,0,water,0,-5.0
630,C8H6N4O2,-5.016297549464673,6.309705737495229,0.016297549464672656,15.653180434878786,-2.054496066972899,20,14,27,0,water,0,-5.0
631,C7H7N7,-5.016291673395473,6.309706035378341,0.01629167339547344,15.653179750722451,-2.0544961106800774,21,14,28,0,water,0,-5.0
632,C7H6N6O,-5.016292217916987,6.309706132972701,0.01629221791698665,15.653179511140797,-2.0544961259857,20,14,27,0,water,0,-5.0
633,C8H7N5O,-5.016291673219028,6.309706234666871,0.016291673219027913,15.653179268443685,-2.0544961414903526,21,14,28,0,water,0,-5.0
634,C9H9N5,-5.016290777738392,6.309706273452051,0.016290777738391604,15.653179180178501,-2.054496147129155,23,14,30,0,water,0,-5.0
635,C7H7N7,-5.016290954711142,6.3097063980465435,0.016290954711141836,15.653178877553064,-2.0544961664623163,21,14,28,0,water,0,-5.0
636,C8H8N6,-5.016290482961147,6.309706406034944,0.016290482961147212,15.653178861168634,-2.0544961675090323,22,14,29,0,water,0,-5.0
637,C10H10N4,-5.016289465919999,6.309706603212942,0.016289465919999024,15.65317839035065,-2.0544961975871394,24,14,31,0,water,0,-5.0
638,C9H9N5,-5.016289915441779,6.309706628665192,0.016289915441778824,15.65317832594751,-2.0544962017015207,23,14,30,0,water,0,-5.0
639,C9H8N4O,-5.016289753557947,6.309706669449441,0.01628975355794715,15.653178228260725,-2.05449620794222,22,14,29,0,water,0,-5.0
640,C9H8N4O,-5.016289909403854,6.309706676970281,0.016289909403853997,15.65317820908654,-2.054496209167159,22,14,29,0,water,0,-5.0
641,C5H5N9,-5.016289368780097,6.309706681480066,0.01628936878009668,15.65317820155049,-2.054496209648598,19,14,26,0,water,0,-5.0
642,C6H5ClN4O3,-5.016292261978792,6.309706712772662,0.01629226197879241,15.653178107744955,-2.0544962156413447,19,14,24,0,water,0,-5.0
643,C6H6N8,-5.016289174655481,6.309706743660155,0.016289174655480743,15.653178052287005,-2.0544962191842644,20,14,27,0,water,0,-5.0
644,C10H10N4,-5.016289090377496,6.3097067695273354,0.01628909037749615,15.653177990214761,-2.054496223149737,24,14,31,0,water,0,-5.0
645,C8H6N4O2,-5.016289918353555,6.309706820560329,0.01628991835355542,15.653177861541598,-2.0544962313699946,20,14,27,0,water,0,-5.0
646,C8H7N5O,-5.0162885766296785,6.309706893966238,0.01628857662967853,15.65317769228126,-2.054496242183156,21,14,28,0,water,0,-5.0
647,C8H8N6,-5.016288598056246,6.309706907731491,0.016288598056245718,15.653177658835379,-2.0544962443198393,22,14,29,0,water,0,-5.0
648,C6H5FN4O3,-5.016290760834155,6.309706933318807,0.01629076083415537,15.653177583401412,-2.0544962491389227,19,14,24,0,water,0,-5.0
649,C7H7N7,-5.016288209938421,6.309706980213381,0.016288209938420728,15.653177485853334,-2.0544962553707613,21,14,28,0,water,0,-5.0
650,C9H9N5,-5.016288017613406,6.3097070033200335,0.016288017613406147,15.653177431136536,-2.0544962588663327,23,14,30,0,water,0,-5.0
651,C6H6N8,-5.016287490208205,6.30970704612118,0.016287490208204858,15.653177330852142,-2.0544962652729803,20,14,27,0,water,0,-5.0
652,C8H7N5O,-5.016288125744275,6.309707048874848,0.01628812574427485,15.653177320218036,-2.0544962659523383,21,14,28,0,water,0,-5.0
653,C5H4ClN5O3,-5.016289385280445,6.309707079523205,0.016289385280445323,15.65317723817998,-2.0544962711933223,18,14,23,0,water,0,-5.0
654,C9H8N4O,-5.016287868890871,6.3097071059205785,0.016287868890871415,15.65317718377153,-2.054496274669195,22,14,29,0,water,0,-5.0
655,C7H6N6O,-5.016287542357016,6.30970711200992,0.01628754235701635,15.65317717107513,-2.054496275480302,20,14,27,0,water,0,-5.0
656,C8H8N6,-5.016287593375088,6.309707112352545,0.016287593375087894,15.653177169927268,-2.0544962755536327,22,14,29,0,water,0,-5.0
657,C5H5N9,-5.016287368741507,6.309707170611434,0.016287368741506825,15.653177030343587,-2.0544962844709076,19,14,26,0,water,0,-5.0
658,C9H8N4O,-5.016287068110678,6.309707243163874,0.01628706811067815,15.653176856644125,-2.0544962955676622,22,14,29,0,water,0,-5.0
659,C7H6N6O,-5.016286790520225,6.3097072705492305,0.016286790520225303,15.653176792105384,-2.0544962996907064,20,14,27,0,water,0,-5.0
660,C8H7N5O,-5.016286989160477,6.30970727265355,0.016286989160477106,15.653176785772075,-2.0544963000953085,21,14,28,0,water,0,-5.0
661,C8H7N5O,-5.016286280959215,6.309707413801131,0.016286280959215027,15.653176448617732,-2.0544963216343453,21,14,28,0,water,0,-5.0
662,C7H7N7,-5.016286019952736,6.309707452147112,0.016286019952736375,15.653176357450524,-2.0544963274585437,21,14,28,0,water,0,-5.0
663,C10H10N4,-5.016286006607139,6.309707458841425,0.01628600660713886,15.653176341333602,-2.05449632848817,24,14,31,0,water,0,-5.0
664,C6H5ClN4O3,-5.01628637920433,6.309707464743458,0.01628637920433018,15.653176324723248,-2.0544963295493193,19,14,24,0,water,0,-5.0
665,C7H7N7,-5.016285954425561,6.309707472250254,0.01628595442556069,15.653176309210082,-2.0544963305403745,21,14,28,0,water,0,-5.0
666,C8H7N5O,-5.01628590475682,6.309707495721679,0.01628590475681957,15.65317625271931,-2.054496334149276,21,14,28,0,water,0,-5.0
667,C8H7N5O,-5.016285892233403,6.3097074996494165,0.0162858922334026,15.653176243292382,-2.0544963347515135,21,14,28,0,water,0,-5.0
668,C7H7N7,-5.016285808587365,6.309707507246054,0.016285808587364947,15.653176225430943,-2.054496335892588,21,14,28,0,water,0,-5.0
669,C7H6N6O,-5.016285859556007,6.309707508774788,0.0162858595560067,15.653176221413029,-2.0544963361492714,20,14,27,0,water,0,-5.0
670,C6H6N4O3,-5.016286074745716,6.309707508610253,0.016286074745716306,15.65317622046706,-1.9544963362097045,19,13,24,0,water,0,-5.0
671,C8H7N5O,-5.016285835100054,6.309707510600342,0.01628583510005388,15.653176217147935,-2.0544963364217463,21,14,28,0,water,0,-5.0
672,C6H6N8,-5.016285806801813,6.309707518403645,0.016285806801812797,15.653176198440647,-2.0544963376168575,20,14,27,0,water,0,-5.0
673,C7H6N6O,-5.016285776835824,6.309707522519925,0.016285776835823995,15.65317618866639,-2.0544963382412837,20,14,27,0,water,0,-5.0
674,C10H10N4,-5.016285759066032,6.3097075281288975,0.016285759066032135,15.653176175203628,-2.0544963391013495,24,14,31,0,water,0,-5.0
675,C9H9N5,-5.0162857219988055,6.3097075332345645,0.016285721998805514,15.65317616307941,-2.054496339875903,23,14,30,0,water,0,-5.0
676,C9H9N5,-5.016285738708265,6.3097075332563435,0.016285738708265107,15.653176162922335,-2.0544963398859375,23,14,30,0,water,0,-5.0
677,C10H10N4,-5.016285714714366,6.3097075347878535,0.016285714714365795,15.653176159365941,-2.054496340113137,24,14,31,0,water,0,-5.0
678,C6H6N8,-5.016285683897723,6.309707539466193,0.016285683897723224,15.653176148236811,-2.0544963408241195,20,14,27,0,water,0,-5.0
679,C10H10N4,-5.01628569673443,6.309707542471636,0.016285696734430033,15.65317614088344,-2.054496341293888,24,14,31,0,water,0,-5.0
680,C8H7N5O,-5.016285638237468,6.3097075559080755,0.016285638237468092,15.653176108732545,-2.0544963433478416,21,14,28,0,water,0,-5.0
681,C8H8N6,-5.016285552437957,6.309707572833273,0.016285552437956596,15.65317606830936,-2.0544963459302683,22,14,29,0,water,0,-5.0
682,C8H8N6,-5.01628556189831,6.309707573209211,0.016285561898309986,15.6531760673405,-2.054496345992164,22,14,29,0,water,0,-5.0
683,C9H9N5,-5.01628555368023,6.309707574845313,0.016285553680230436,15.653176063432452,-2.054496346241829,23,14,30,0,water,0,-5.0
684,C8H8N6,-5.016285545805393,6.309707575499791,0.016285545805392765,15.653176061897797,-2.05449634633987,22,14,29,0,water,0,-5.0
685,C9H9N5,-5.016285532358033,6.3097075785077275,0.016285532358033095,15.653176054702564,-2.054496346799536,23,14,30,0,water,0,-5.0
686,C7H7N7,-5.0162855072848656,6.309707583625112,0.016285507284865552,15.653176042475067,-2.054496347580687,21,14,28,0,water,0,-5.0
687,C7H7N7,-5.016285508181433,6.309707584565065,0.016285508181432817,15.653176040194772,-2.054496347726363,21,14,28,0,water,0,-5.0
688,C9H9N5,-5.016285502345794,6.30970758497637,0.01628550234579418,15.653176039235865,-2.054496347787623,23,14,30,0,water,0,-5.0
689,C8H8N6,-5.016285501638756,6.309707585795245,0.016285501638756195,15.653176037258598,-2.05449634791394,22,14,29,0,water,0,-5.0
690,C8H8N6,-5.016285499704247,6.30970758633167,0.016285499704246753,15.65317603597253,-2.0544963479961003,22,14,29,0,water,0,-5.0
691,C9H8N4O,-5.016285499701984,6.309707586368563,0.016285499701983674,15.653176035883265,-2.0544963480018033,22,14,29,0,water,0,-5.0
692,C8H8N6,-5.016285493620251,6.309707587524272,0.016285493620251223,15.653176033124424,-2.054496348178051,22,14,29,0,water,0,-5.0
693,C8H8N6,-5.016285490567736,6.309707588135291,0.01628549056773565,15.65317603166482,-2.0544963482712975,22,14,29,0,water,0,-5.0
694,C7H7N7,-5.016285489284041,6.3097075885066625,0.01628548928404072,15.653176030774116,-2.0544963483282,21,14,28,0,water,0,-5.0
695,C8H8N6,-5.016285488233746,6.309707588682378,0.01628548823374576,15.653176030355445,-2.0544963483549465,22,14,29,0,water,0,-5.0
696,C9H9N5,-5.01628548639064,6.309707589135149,0.016285486390639647,15.653176029271249,-2.0544963484242103,23,14,30,0,water,0,-5.0
697,C9H9N5,-5.016285485200219,6.309707589409722,0.01628548520021944,15.653176028614213,-2.054496348466185,23,14,30,0,water,0,-5.0
698,C8H8N6,-5.016285481082226,6.309707590258056,0.016285481082226383,15.653176026586962,-2.0544963485956953,22,14,29,0,water,0,-5.0
699,C8H8N6,-5.0162854797617875,6.309707590496841,0.016285479761787514,15.653176026017352,-2.054496348632085,22,14,29,0,water,0,-5.0
700,C9H9N5,-5.016285477516008,6.309707591102588,0.01628547751600795,15.653176024565463,-2.0544963487248387,23,14,30,0,water,0,-5.0
701,C8H8N6,-5.016285477017555,6.309707591168328,0.016285477017555117,15.653176024409484,-2.054496348734803,22,14,29,0,water,0,-5.0
702,C8H8N6,-5.016285476812758,6.309707591217438,0.01628547681275805,15.65317602429192,-2.0544963487423136,22,14,29,0,water,0,-5.0
703,C7H7N7,-5.016285476570395,6.309707591293693,0.016285476570394586,15.653176024108898,-2.054496348754006,21,14,28,0,water,0,-5.0
704,C8H8N6,-5.016285474238911,6.30970759180921,0.016285474238911135,15.653176022875904,-2.054496348832776,22,14,29,0,water,0,-5.0
705,C8H8N6,-5.016285474058236,6.3097075918469745,0.016285474058236105,15.653176022785642,-2.054496348838542,22,14,29,0,water,0,-5.0
706,C7H7N7,-5.016285473219425,6.30970759202654,0.016285473219425306,15.65317602235633,-2.0544963488659684,21,14,28,0,water,0,-5.0
707,C7H7N7,-5.016285472406848,6.3097075922060295,0.016285472406847745,15.65317602192704,-2.0544963488933936,21,14,28,0,water,0,-5.0
708,H2O3,-5.016285472314999,6.309707592225712,0.01628547231499944,15.653176021879982,-1.8544963488964,5,3,4,0,water,0,-5.0
709,H3NO2,-5.016285472314999,6.309707592225712,0.01628547231499944,15.653176021879982,-1.8544963488964,6,3,5,0,water,0,-5.0
710,CHCl2FO2,-5.016285472314999,6.309707592225712,0.01628547231499944,15.653176021879982,-1.8544963488964,7,6,6,0,water,0,-5.0
711,CH5NO,-5.016285472314999,6.309707592225712,0.01628547231499944,15.653176021879982,-1.8544963488964,8,3,7,0,water,0,-5.0
712,CH4ClNO,-5.016285472314999,6.309707592225712,0.01628547231499944,15.653176021879982,-1.8544963488964,8,4,7,0,water,0,-5.0
713,CH2ClF2NO,-5.016285472314999,6.309707592225712,0.01628547231499944,15.653176021879982,-1.8544963488964,8,6,7,0,water,0,-5.0
714,CH6N2O,-5.016285472314999,6.309707592225712,0.01628547231499944,15.653176021879982,-1.8544963488964,10,4,9,0,water,0,-5.0
715,C2H4O5,-5.016285472314999,6.309707592225712,0.01628547231499944,15.653176021879982,-1.8544963488964,11,7,11,0,water,0,-5.0
716,C2H4F3NO2,-5.016285472314999,6.309707592225712,0.01628547231499944,15.653176021879982,-1.8544963488964,12,8,11,0,water,0,-5.0
717,C2H5F2NO2,-5.016285472314999,6.309707592225712,0.01628547231499944,15.653176021879982,-1.8544963488964,12,7,11,0,water,0,-5.0
718,C2H7FN2O2,-5.016285472314999,6.309707592225712,0.01628547231499944,15.653176021879982,-1.8544963488964,14,7,13,0,water,0,-5.0
719,C2HCl2N5O4,-5.016285472314999,6.309707592225712,0.01628547231499944,15.653176021879982,-1.9544963488964,14,13,17,0,water,0,-5.0
720,C2H7FN2O3,-5.016285472314999,6.309707592225712,0.01628547231499944,15.653176021879982,-1.8544963488964,15,8,14,0,water,0,-5.0
721,CH2Cl2N6O4,-5.016285472314999,6.309707592225712,0.01628547231499944,15.653176021879982,-1.9544963488964,15,13,17,0,water,0,-5.0
722,C5H2N8O,-5.016285472314999,6.309707592225712,0.01628547231499944,15.653176021879982,-2.0544963488964,16,14,24,0,water,0,-5.0
723,C5H2N8O,-5.016285472314999,6.309707592225712,0.01628547231499944,15.653176021879982,-2.0544963488964,16,14,24,0,water,0,-5.0
724,C6H2N6O2,-5.016285472314999,6.309707592225712,0.01628547231499944,15.653176021879982,-2.0544963488964,16,14,24,0,water,0,-5.0
725,C7H3N5O2,-5.016285472314999,6.309707592225712,0.01628547231499944,15.653176021879982,-2.0544963488964,17,14,25,0,water,0,-5.0
726,C6H3N7O,-5.016285472314999,6.309707592225712,0.01628547231499944,15.653176021879982,-2.0544963488964,17,14,25,0,water,0,-5.0
727,C6H3N7O,-5.016285472314999,6.309707592225712,0.01628547231499944,15.653176021879982,-2.0544963488964,17,14,25,0,water,0,-5.0
728,C7H3N5O2,-5.016285472314999,6.309707592225712,0.01628547231499944,15.653176021879982,-2.0544963488964,17,14,25,0,water,0,-5.0
729,C6H3N7O,-5.016285472314999,6.309707592225712,0.01628547231499944,15.653176021879982,-2.0544963488964,17,14,25,0,water,0,-5.0
730,C3H8ClFN2O3,-5.016285472314999,6.309707592225712,0.01628547231499944,15.653176021879982,-1.8544963488964,18,10,17,0,water,0,-5.0
731,C4H6ClFN2O4,-5.016285472314999,6.309707592225712,0.01628547231499944,15.653176021879982,-1.8544963488964,18,12,19,0,water,0,-5.0
732,C7H4N6O,-5.016285472314999,6.309707592225712,0.01628547231499944,15.653176021879982,-2.0544963488964,18,14,26,0,water,0,-5.0
733,C7H4N6O,-5.016285472314999,6.309707592225712,0.01628547231499944,15.653176021879982,-2.0544963488964,18,14,26,0,water,0,-5.0
734,C7H4N6O,-5.016285472314999,6.309707592225712,0.01628547231499944,15.653176021879982,-2.0544963488964,18,14,26,0,water,0,-5.0
735,C7H4N6O,-5.016285472314999,6.309707592225712,0.01628547231499944,15.653176021879982,-2.0544963488964,18,14,26,0,water,0,-5.0
736,C7H4N6O,-5.016285472314999,6.309707592225712,0.01628547231499944,15.653176021879982,-2.0544963488964,18,14,26,0,water,0,-5.0
737,C8H4N4O2,-5.016285472314999,6.309707592225712,0.01628547231499944,15.653176021879982,-2.0544963488964,18,14,26,0,water,0,-5.0
738,C8H4N4O2,-5.016285472314999,6.309707592225712,0.01628547231499944,15.653176021879982,-2.0544963488964,18,14,26,0,water,0,-5.0
739,C8H4N4O2,-5.016285472314999,6.309707592225712,0.01628547231499944,15.653176021879982,-2.0544963488964,18,14,26,0,water,0,-5.0
740,C7H4N6O,-5.016285472314999,6.309707592225712,0.01628547231499944,15.653176021879982,-2.0544963488964,18,14,26,0,water,0,-5.0
741,C7H4N6O,-5.016285472314999,6.309707592225712,0.01628547231499944,15.653176021879982,-2.0544963488964,18,14,26,0,water,0,-5.0
742,C7H4N6O,-5.016285472314999,6.309707592225712,0.01628547231499944,15.653176021879982,-2.0544963488964,18,14,26,0,water,0,-5.0
743,C6H4N8,-5.016285472314999,6.309707592225712,0.01628547231499944,15.653176021879982,-2.0544963488964,18,14,26,0,water,0,-5.0
744,C5H4N8O,-5.016285472314999,6.309707592225712,0.01628547231499944,15.653176021879982,-2.0544963488964,18,14,25,0,water,0,-5.0
745,C7H4N6O,-5.016285472314999,6.309707592225712,0.01628547231499944,15.653176021879982,-2.0544963488964,18,14,26,0,water,0,-5.0
746,C8H4N4O2,-5.016285472314999,6.309707592225712,0.01628547231499944,15.653176021879982,-2.0544963488964,18,14,26,0,water,0,-5.0
747,C7H4N6O,-5.016285472314999,6.309707592225712,0.01628547231499944,15.653176021879982,-2.0544963488964,18,14,26,0,water,0,-5.0
748,C7H4N6O,-5.016285472314999,6.309707592225712,0.01628547231499944,15.653176021879982,-2.0544963488964,18,14,26,0,water,0,-5.0
749,C4H8ClFN2O3,-5.016285472314999,6.309707592225712,0.01628547231499944,15.653176021879982,-1.8544963488964,19,11,19,0,water,0,-5.0
750,C4H7FN4O3,-5.016285472314999,6.309707592225712,0.01628547231499944,15.653176021879982,-1.8544963488964,19,12,21,0,water,0,-5.0
751,C4H6ClFN4O3,-5.016285472314999,6.309707592225712,0.01628547231499944,15.653176021879982,-1.9544963488964,19,13,21,0,water,0,-5.0
752,C5H5FN4O4,-5.016285472314999,6.309707592225712,0.01628547231499944,15.653176021879982,-2.0544963488964,19,14,23,0,water,0,-5.0
753,C4H5ClN4O5,-5.016285472314999,6.309707592225712,0.01628547231499944,15.653176021879982,-2.0544963488964,19,14,22,0,water,0,-5.0
754,C6H6ClN3O3,-5.016285472314999,6.309707592225712,0.01628547231499944,15.653176021879982,-1.9544963488964,19,13,23,0,water,0,-5.0
755,C6H5N5O3,-5.016285472314999,6.309707592225712,0.01628547231499944,15.653176021879982,-2.0544963488964,19,14,25,0,water,0,-5.0
756,C8H5N5O,-5.016285472314999,6.309707592225712,0.01628547231499944,15.653176021879982,-2.0544963488964,19,14,27,0,water,0,-5.0
757,C8H5N5O,-5.016285472314999,6.309707592225712,0.01628547231499944,15.653176021879982,-2.0544963488964,19,14,27,0,water,0,-5.0
758,C7H5N7,-5.016285472314999,6.309707592225712,0.01628547231499944,15.653176021879982,-2.0544963488964,19,14,27,0,water,0,-5.0
759,C8H5N5O,-5.016285472314999,6.309707592225712,0.01628547231499944,15.653176021879982,-2.0544963488964,19,14,27,0,water,0,-5.0
760,C7H5N7,-5.016285472314999,6.309707592225712,0.01628547231499944,15.653176021879982,-2.0544963488964,19,14,27,0,water,0,-5.0
761,C8H5N5O,-5.016285472314999,6.309707592225712,0.01628547231499944,15.653176021879982,-2.0544963488964,19,14,27,0,water,0,-5.0
762,C9H5N3O2,-5.016285472314999,6.309707592225712,0.01628547231499944,15.653176021879982,-2.0544963488964,19,14,27,0,water,0,-5.0
763,C6H5N7O,-5.016285472314999,6.309707592225712,0.01628547231499944,15.653176021879982,-2.0544963488964,19,14,26,0,water,0,-5.0
764,C8H5N5O,-5.016285472314999,6.309707592225712,0.01628547231499944,15.653176021879982,-2.0544963488964,19,14,27,0,water,0,-5.0
765,C8H5N5O,-5.016285472314999,6.309707592225712,0.01628547231499944,15.653176021879982,-2.0544963488964,19,14,27,0,water,0,-5.0
766,C8H5N5O,-5.016285472314999,6.309707592225712,0.01628547231499944,15.653176021879982,-2.0544963488964,19,14,27,0,water,0,-5.0
767,C8H5N5O,-5.016285472314999,6.309707592225712,0.01628547231499944,15.653176021879982,-2.0544963488964,19,14,27,0,water,0,-5.0
768,C8H5N5O,-5.016285472314999,6.309707592225712,0.01628547231499944,15.653176021879982,-2.0544963488964,19,14,27,0,water,0,-5.0
769,C8H5N5O,-5.016285472314999,6.309707592225712,0.01628547231499944,15.653176021879982,-2.0544963488964,19,14,27,0,water,0,-5.0
770,C8H5N5O,-5.016285472314999,6.309707592225712,0.01628547231499944,15.653176021879982,-2.0544963488964,19,14,27,0,water,0,-5.0
771,C8H5N5O,-5.016285472314999,6.309707592225712,0.01628547231499944,15.653176021879982,-2.0544963488964,19,14,27,0,water,0,-5.0
772,C8H5N5O,-5.016285472314999,6.309707592225712,0.01628547231499944,15.653176021879982,-2.0544963488964,19,14,27,0,water,0,-5.0
773,C7H5N5O2,-5.016285472314999,6.309707592225712,0.01628547231499944,15.653176021879982,-2.0544963488964,19,14,26,0,water,0,-5.0
774,C8H5N5O,-5.016285472314999,6.309707592225712,0.01628547231499944,15.653176021879982,-2.0544963488964,19,14,27,0,water,0,-5.0
775,C6H5N7O,-5.016285472314999,6.309707592225712,0.01628547231499944,15.653176021879982,-2.0544963488964,19,14,26,0,water,0,-5.0
776,C6H5N7O,-5.016285472314999,6.309707592225712,0.01628547231499944,15.653176021879982,-2.0544963488964,19,14,26,0,water,0,-5.0
777,C8H5N5O,-5.016285472314999,6.309707592225712,0.01628547231499944,15.653176021879982,-2.0544963488964,19,14,27,0,water,0,-5.0
778,C8H5N5O,-5.016285472314999,6.309707592225712,0.01628547231499944,15.653176021879982,-2.0544963488964,19,14,27,0,water,0,-5.0
779,C8H5N5O,-5.016285472314999,6.309707592225712,0.01628547231499944,15.653176021879982,-2.0544963488964,19,14,27,0,water,0,-5.0
780,C8H5N5O,-5.016285472314999,6.309707592225712,0.01628547231499944,15.653176021879982,-2.0544963488964,19,14,27,0,water,0,-5.0
781,C8H5N5O,-5.016285472314999,6.309707592225712,0.01628547231499944,15.653176021879982,-2.0544963488964,19,14,27,0,water,0,-5.0
782,C8H5N5O,-5.016285472314999,6.309707592225712,0.01628547231499944,15.653176021879982,-2.0544963488964,19,14,27,0,water,0,-5.0
783,C4H8ClFN2O4,-5.016285472314999,6.309707592225712,0.01628547231499944,15.653176021879982,-1.8544963488964,20,12,20,0,water,0,-5.0
784,C5H7FN4O3,-5.016285472314999,6.309707592225712,0.01628547231499944,15.653176021879982,-1.9544963488964,20,13,23,0,water,0,-5.0
785,C7H7ClN2O3,-5.016285472314999,6.309707592225712,0.01628547231499944,15.653176021879982,-1.9544963488964,20,13,24,0,water,0,-5.0
786,C5H7N5O3,-5.016285472314999,6.309707592225712,0.01628547231499944,15.653176021879982,-1.9544963488964,20,13,24,0,water,0,-5.0
787,C5H6N6O3,-5.016285472314999,6.309707592225712,0.01628547231499944,15.653176021879982,-2.0544963488964,20,14,25,0,water,0,-5.0
788,C7H6ClN3O3,-5.016285472314999,6.309707592225712,0.01628547231499944,15.653176021879982,-2.0544963488964,20,14,25,0,water,0,-5.0
789,C6H6N4O4,-5.016285472314999,6.309707592225712,0.01628547231499944,15.653176021879982,-2.0544963488964,20,14,25,0,water,0,-5.0
790,C6H6N4O4,-5.016285472314999,6.309707592225712,0.01628547231499944,15.653176021879982,-2.0544963488964,20,14,25,0,water,0,-5.0
791,C6H6N6O2,-5.016285472314999,6.309707592225712,0.01628547231499944,15.653176021879982,-2.0544963488964,20,14,26,0,water,0,-5.0
792,C7H6N4O3,-5.016285472314999,6.309707592225712,0.01628547231499944,15.653176021879982,-2.0544963488964,20,14,26,0,water,0,-5.0
793,C7H6N4O3,-5.016285472314999,6.309707592225712,0.01628547231499944,15.653176021879982,-2.0544963488964,20,14,26,0,water,0,-5.0
794,C6H6N6O2,-5.016285472314999,6.309707592225712,0.01628547231499944,15.653176021879982,-2.0544963488964,20,14,26,0,water,0,-5.0
795,C8H6N6,-5.016285472314999,6.309707592225712,0.01628547231499944,15.653176021879982,-2.0544963488964,20,14,28,0,water,0,-5.0
796,C7H6N4O3,-5.016285472314999,6.309707592225712,0.01628547231499944,15.653176021879982,-2.0544963488964,20,14,26,0,water,0,-5.0
797,C9H6N4O,-5.016285472314999,6.309707592225712,0.01628547231499944,15.653176021879982,-2.0544963488964,20,14,28,0,water,0,-5.0
798,C6H6N8,-5.016285472314999,6.309707592225712,0.01628547231499944,15.653176021879982,-2.0544963488964,20,14,27,0,water,0,-5.0
799,C9H6N4O,-5.016285472314999,6.309707592225712,0.01628547231499944,15.653176021879982,-2.0544963488964,20,14,28,0,water,0,-5.0
800,C10H6N2O2,-5.016285472314999,6.309707592225712,0.01628547231499944,15.653176021879982,-2.0544963488964,20,14,28,0,water,0,-5.0
801,C9H6N4O,-5.016285472314999,6.309707592225712,0.01628547231499944,15.653176021879982,-2.0544963488964,20,14,28,0,water,0,-5.0
802,C7H6N6O,-5.016285472314999,6.309707592225712,0.01628547231499944,15.653176021879982,-2.0544963488964,20,14,27,0,water,0,-5.0
803,C6H6N8,-5.016285472314999,6.309707592225712,0.01628547231499944,15.653176021879982,-2.0544963488964,20,14,27,0,water,0,-5.0
804,C9H6N4O,-5.016285472314999,6.309707592225712,0.01628547231499944,15.653176021879982,-2.0544963488964,20,14,28,0,water,0,-5.0
805,C7H6N6O,-5.016285472314999,6.309707592225712,0.01628547231499944,15.653176021879982,-2.0544963488964,20,14,27,0,water,0,-5.0
806,C9H6N4O,-5.016285472314999,6.309707592225712,0.01628547231499944,15.653176021879982,-2.0544963488964,20,14,28,0,water,0,-5.0
807,C9H6N4O,-5.016285472314999,6.309707592225712,0.01628547231499944,15.653176021879982,-2.0544963488964,20,14,28,0,water,0,-5.0
808,C9H6N4O,-5.016285472314999,6.309707592225712,0.01628547231499944,15.653176021879982,-2.0544963488964,20,14,28,0,water,0,-5.0
809,C7H6N6O,-5.016285472314999,6.309707592225712,0.01628547231499944,15.653176021879982,-2.0544963488964,20,14,27,0,water,0,-5.0
810,C9H6N4O,-5.016285472314999,6.309707592225712,0.01628547231499944,15.653176021879982,-2.0544963488964,20,14,28,0,water,0,-5.0
811,C8H6N6,-5.016285472314999,6.309707592225712,0.01628547231499944,15.653176021879982,-2.0544963488964,20,14,28,0,water,0,-5.0
812,C8H6N4O2,-5.016285472314999,6.309707592225712,0.01628547231499944,15.653176021879982,-2.0544963488964,20,14,27,0,water,0,-5.0
813,C7H6N6O,-5.016285472314999,6.309707592225712,0.01628547231499944,15.653176021879982,-2.0544963488964,20,14,27,0,water,0,-5.0
814,C9H6N4O,-5.016285472314999,6.309707592225712,0.01628547231499944,15.653176021879982,-2.0544963488964,20,14,28,0,water,0,-5.0
815,C7H6N6O,-5.016285472314999,6.309707592225712,0.01628547231499944,15.653176021879982,-2.0544963488964,20,14,27,0,water,0,-5.0
816,C7H6N6O,-5.016285472314999,6.309707592225712,0.01628547231499944,15.653176021879982,-2.0544963488964,20,14,27,0,water,0,-5.0
817,C7H6N6O,-5.016285472314999,6.309707592225712,0.01628547231499944,15.653176021879982,-2.0544963488964,20,14,27,0,water,0,-5.0
818,C7H6N6O,-5.016285472314999,6.309707592225712,0.01628547231499944,15.653176021879982,-2.0544963488964,20,14,27,0,water,0,-5.0
819,C10H6N2O2,-5.016285472314999,6.309707592225712,0.01628547231499944,15.653176021879982,-2.0544963488964,20,14,28,0,water,0,-5.0
820,C10H6N2O2,-5.016285472314999,6.309707592225712,0.01628547231499944,15.653176021879982,-2.0544963488964,20,14,28,0,water,0,-5.0
821,C9H6N4O,-5.016285472314999,6.309707592225712,0.01628547231499944,15.653176021879982,-2.0544963488964,20,14,28,0,water,0,-5.0
822,C10H6N2O2,-5.016285472314999,6.309707592225712,0.01628547231499944,15.653176021879982,-2.0544963488964,20,14,28,0,water,0,-5.0
823,C10H6N2O2,-5.016285472314999,6.309707592225712,0.01628547231499944,15.653176021879982,-2.0544963488964,20,14,28,0,water,0,-5.0
824,C8H6N4O2,-5.016285472314999,6.309707592225712,0.01628547231499944,15.653176021879982,-2.0544963488964,20,14,27,0,water,0,-5.0
825,C4H10ClFN2O3,-5.016285472314999,6.309707592225712,0.01628547231499944,15.653176021879982,-1.8544963488964,21,11,20,0,water,0,-5.0
826,C5H7ClN4O4,-5.016285472314999,6.309707592225712,0.01628547231499944,15.653176021879982,-2.0544963488964,21,14,24,0,water,0,-5.0
827,C7H11NO2,-5.016285472314999,6.309707592225712,0.01628547231499944,15.653176021879982,-1.8544963488964,21,10,23,0,water,0,-5.0
828,C7H10N2O2,-5.016285472314999,6.309707592225712,0.01628547231499944,15.653176021879982,-1.8544963488964,21,11,24,0,water,0,-5.0
829,C7H7N5O2,-5.016285472314999,6.309707592225712,0.01628547231499944,15.653176021879982,-2.0544963488964,21,14,27,0,water,0,-5.0
830,C8H7N3O3,-5.016285472314999,6.309707592225712,0.01628547231499944,15.653176021879982,-2.0544963488964,21,14,27,0,water,0,-5.0
831,C7H7N5O2,-5.016285472314999,6.309707592225712,0.01628547231499944,15.653176021879982,-2.0544963488964,21,14,27,0,water,0,-5.0
832,C8H7N5O,-5.016285472314999,6.309707592225712,0.01628547231499944,15.653176021879982,-2.0544963488964,21,14,28,0,water,0,-5.0
833,C9H7N5,-5.016285472314999,6.309707592225712,0.01628547231499944,15.653176021879982,-2.0544963488964,21,14,29,0,water,0,-5.0
834,C9H7N5,-5.016285472314999,6.309707592225712,0.01628547231499944,15.653176021879982,-2.0544963488964,21,14,29,0,water,0,-5.0
835,C9H7N5,-5.016285472314999,6.309707592225712,0.01628547231499944,15.653176021879982,-2.0544963488964,21,14,29,0,water,0,-5.0
836,C9H7N5,-5.016285472314999,6.309707592225712,0.01628547231499944,15.653176021879982,-2.0544963488964,21,14,29,0,water,0,-5.0
837,C8H7N5O,-5.016285472314999,6.309707592225712,0.01628547231499944,15.653176021879982,-2.0544963488964,21,14,28,0,water,0,-5.0
838,C9H7N3O2,-5.016285472314999,6.309707592225712,0.01628547231499944,15.653176021879982,-2.0544963488964,21,14,28,0,water,0,-5.0
839,C10H7N3O,-5.016285472314999,6.309707592225712,0.01628547231499944,15.653176021879982,-2.0544963488964,21,14,29,0,water,0,-5.0
840,C8H7N5O,-5.016285472314999,6.309707592225712,0.01628547231499944,15.653176021879982,-2.0544963488964,21,14,28,0,water,0,-5.0
841,C10H7N3O,-5.016285472314999,6.309707592225712,0.01628547231499944,15.653176021879982,-2.0544963488964,21,14,29,0,water,0,-5.0
842,C7H7N7,-5.016285472314999,6.309707592225712,0.01628547231499944,15.653176021879982,-2.0544963488964,21,14,28,0,water,0,-5.0
843,C10H7N3O,-5.016285472314999,6.309707592225712,0.01628547231499944,15.653176021879982,-2.0544963488964,21,14,29,0,water,0,-5.0
844,C7H7N7,-5.016285472314999,6.309707592225712,0.01628547231499944,15.653176021879982,-2.0544963488964,21,14,28,0,water,0,-5.0
845,C8H7N5O,-5.016285472314999,6.309707592225712,0.01628547231499944,15.653176021879982,-2.0544963488964,21,14,28,0,water,0,-5.0
846,C8H7N5O,-5.016285472314999,6.309707592225712,0.01628547231499944,15.653176021879982,-2.0544963488964,21,14,28,0,water,0,-5.0
847,C8H7N5O,-5.016285472314999,6.309707592225712,0.01628547231499944,15.653176021879982,-2.0544963488964,21,14,28,0,water,0,-5.0
848,C9H7N5,-5.016285472314999,6.309707592225712,0.01628547231499944,15.653176021879982,-2.0544963488964,21,14,29,0,water,0,-5.0
849,C9H7N5,-5.016285472314999,6.309707592225712,0.01628547231499944,15.653176021879982,-2.0544963488964,21,14,29,0,water,0,-5.0
850,C8H7N5O,-5.016285472314999,6.309707592225712,0.01628547231499944,15.653176021879982,-2.0544963488964,21,14,28,0,water,0,-5.0
851,C10H7N3O,-5.016285472314999,6.309707592225712,0.01628547231499944,15.653176021879982,-2.0544963488964,21,14,29,0,water,0,-5.0
852,C9H7N5,-5.016285472314999,6.309707592225712,0.01628547231499944,15.653176021879982,-2.0544963488964,21,14,29,0,water,0,-5.0
853,C9H7N5,-5.016285472314999,6.309707592225712,0.01628547231499944,15.653176021879982,-2.0544963488964,21,14,29,0,water,0,-5.0
854,C8H7N5O,-5.016285472314999,6.309707592225712,0.01628547231499944,15.653176021879982,-2.0544963488964,21,14,28,0,water,0,-5.0
855,C8H7N5O,-5.016285472314999,6.309707592225712,0.01628547231499944,15.653176021879982,-2.0544963488964,21,14,28,0,water,0,-5.0
856,C7H7N7,-5.016285472314999,6.309707592225712,0.01628547231499944,15.653176021879982,-2.0544963488964,21,14,28,0,water,0,-5.0
857,C8H7N5O,-5.016285472314999,6.309707592225712,0.01628547231499944,15.653176021879982,-2.0544963488964,21,14,28,0,water,0,-5.0
858,C9H7N3O2,-5.016285472314999,6.309707592225712,0.01628547231499944,15.653176021879982,-2.0544963488964,21,14,28,0,water,0,-5.0
859,C9H7N5,-5.016285472314999,6.309707592225712,0.01628547231499944,15.653176021879982,-2.0544963488964,21,14,29,0,water,0,-5.0
860,C8H7N5O,-5.016285472314999,6.309707592225712,0.01628547231499944,15.653176021879982,-2.0544963488964,21,14,28,0,water,0,-5.0
861,C7H7N7,-5.016285472314999,6.309707592225712,0.01628547231499944,15.653176021879982,-2.0544963488964,21,14,28,0,water,0,-5.0
862,C10H7N3O,-5.016285472314999,6.309707592225712,0.01628547231499944,15.653176021879982,-2.0544963488964,21,14,29,0,water,0,-5.0
863,C9H7N3O2,-5.016285472314999,6.309707592225712,0.01628547231499944,15.653176021879982,-2.0544963488964,21,14,28,0,water,0,-5.0
864,C11H7NO2,-5.016285472314999,6.309707592225712,0.01628547231499944,15.653176021879982,-2.0544963488964,21,14,29,0,water,0,-5.0
865,C9H7N5,-5.016285472314999,6.309707592225712,0.01628547231499944,15.653176021879982,-2.0544963488964,21,14,29,0,water,0,-5.0
866,C8H7N5O,-5.016285472314999,6.309707592225712,0.01628547231499944,15.653176021879982,-2.0544963488964,21,14,28,0,water,0,-5.0
867,C8H7N5O,-5.016285472314999,6.309707592225712,0.01628547231499944,15.653176021879982,-2.0544963488964,21,14,28,0,water,0,-5.0
868,C8H7N5O,-5.016285472314999,6.309707592225712,0.01628547231499944,15.653176021879982,-2.0544963488964,21,14,28,0,water,0,-5.0
869,C8H7N5O,-5.016285472314999,6.309707592225712,0.01628547231499944,15.653176021879982,-2.0544963488964,21,14,28,0,water,0,-5.0
870,C8H7N5O,-5.016285472314999,6.309707592225712,0.01628547231499944,15.653176021879982,-2.0544963488964,21,14,28,0,water,0,-5.0
871,C9H7N3O2,-5.016285472314999,6.309707592225712,0.01628547231499944,15.653176021879982,-2.0544963488964,21,14,28,0,water,0,-5.0
872,C9H7N3O2,-5.016285472314999,6.309707592225712,0.01628547231499944,15.653176021879982,-2.0544963488964,21,14,28,0,water,0,-5.0
873,C7H10N2O3,-5.016285472314999,6.309707592225712,0.01628547231499944,15.653176021879982,-1.8544963488964,22,12,25,0,water,0,-5.0
874,C7H9ClN2O3,-5.016285472314999,6.309707592225712,0.01628547231499944,15.653176021879982,-1.9544963488964,22,13,25,0,water,0,-5.0
875,C7H8ClN3O3,-5.016285472314999,6.309707592225712,0.01628547231499944,15.653176021879982,-2.0544963488964,22,14,26,0,water,0,-5.0
876,C6H8N6O2,-5.016285472314999,6.309707592225712,0.01628547231499944,15.653176021879982,-2.0544963488964,22,14,27,0,water,0,-5.0
877,C7H8N6O,-5.016285472314999,6.309707592225712,0.01628547231499944,15.653176021879982,-2.0544963488964,22,14,28,0,water,0,-5.0
878,C8H8N4O2,-5.016285472314999,6.309707592225712,0.01628547231499944,15.653176021879982,-2.0544963488964,22,14,28,0,water,0,-5.0
879,C10H8N4,-5.016285472314999,6.309707592225712,0.01628547231499944,15.653176021879982,-2.0544963488964,22,14,30,0,water,0,-5.0
880,C10H8N4,-5.016285472314999,6.309707592225712,0.01628547231499944,15.653176021879982,-2.0544963488964,22,14,30,0,water,0,-5.0
881,C10H8N4,-5.016285472314999,6.309707592225712,0.01628547231499944,15.653176021879982,-2.0544963488964,22,14,30,0,water,0,-5.0
882,C10H8N4,-5.016285472314999,6.309707592225712,0.01628547231499944,15.653176021879982,-2.0544963488964,22,14,30,0,water,0,-5.0
883,C8H8N4O2,-5.016285472314999,6.309707592225712,0.01628547231499944,15.653176021879982,-2.0544963488964,22,14,28,0,water,0,-5.0
884,C9H8N4O,-5.016285472314999,6.309707592225712,0.01628547231499944,15.653176021879982,-2.0544963488964,22,14,29,0,water,0,-5.0
885,C8H8N6,-5.016285472314999,6.309707592225712,0.01628547231499944,15.653176021879982,-2.0544963488964,22,14,29,0,water,0,-5.0
886,C10H8N4,-5.016285472314999,6.309707592225712,0.01628547231499944,15.653176021879982,-2.0544963488964,22,14,30,0,water,0,-5.0
887,C10H8N2O2,-5.016285472314999,6.309707592225712,0.01628547231499944,15.653176021879982,-2.0544963488964,22,14,29,0,water,0,-5.0
888,C9H8N4O,-5.016285472314999,6.309707592225712,0.01628547231499944,15.653176021879982,-2.0544963488964,22,14,29,0,water,0,-5.0
889,C11H8N2O,-5.016285472314999,6.309707592225712,0.01628547231499944,15.653176021879982,-2.0544963488964,22,14,30,0,water,0,-5.0
890,C8H8N6,-5.016285472314999,6.309707592225712,0.01628547231499944,15.653176021879982,-2.0544963488964,22,14,29,0,water,0,-5.0
891,C9H8N4O,-5.016285472314999,6.309707592225712,0.01628547231499944,15.653176021879982,-2.0544963488964,22,14,29,0,water,0,-5.0
892,C9H8N4O,-5.016285472314999,6.309707592225712,0.01628547231499944,15.653176021879982,-2.0544963488964,22,14,29,0,water,0,-5.0
893,C9H8N4O,-5.016285472314999,6.309707592225712,0.01628547231499944,15.653176021879982,-2.0544963488964,22,14,29,0,water,0,-5.0
894,C9H8N4O,-5.016285472314999,6.309707592225712,0.01628547231499944,15.653176021879982,-2.0544963488964,22,14,29,0,water,0,-5.0
895,C10H8N4,-5.016285472314999,6.309707592225712,0.01628547231499944,15.653176021879982,-2.0544963488964,22,14,30,0,water,0,-5.0
896,C9H8N4O,-5.016285472314999,6.309707592225712,0.01628547231499944,15.653176021879982,-2.0544963488964,22,14,29,0,water,0,-5.0
897,C8H8N6,-5.016285472314999,6.309707592225712,0.01628547231499944,15.653176021879982,-2.0544963488964,22,14,29,0,water,0,-5.0
898,C9H8N4O,-5.016285472314999,6.309707592225712,0.01628547231499944,15.653176021879982,-2.0544963488964,22,14,29,0,water,0,-5.0
899,C9H8N4O,-5.016285472314999,6.309707592225712,0.01628547231499944,15.653176021879982,-2.0544963488964,22,14,29,0,water,0,-5.0
900,C9H8N4O,-5.016285472314999,6.309707592225712,0.01628547231499944,15.653176021879982,-2.0544963488964,22,14,29,0,water,0,-5.0
901,C10H8N4,-5.016285472314999,6.309707592225712,0.01628547231499944,15.653176021879982,-2.0544963488964,22,14,30,0,water,0,-5.0
902,C9H8N4O,-5.016285472314999,6.309707592225712,0.01628547231499944,15.653176021879982,-2.0544963488964,22,14,29,0,water,0,-5.0
903,C9H8N4O,-5.016285472314999,6.309707592225712,0.01628547231499944,15.653176021879982,-2.0544963488964,22,14,29,0,water,0,-5.0
904,C9H8N4O,-5.016285472314999,6.309707592225712,0.01628547231499944,15.653176021879982,-2.0544963488964,22,14,29,0,water,0,-5.0
905,C8H8N6,-5.016285472314999,6.309707592225712,0.01628547231499944,15.653176021879982,-2.0544963488964,22,14,29,0,water,0,-5.0
906,C8H8N6,-5.016285472314999,6.309707592225712,0.01628547231499944,15.653176021879982,-2.0544963488964,22,14,29,0,water,0,-5.0
907,C9H8N4O,-5.016285472314999,6.309707592225712,0.01628547231499944,15.653176021879982,-2.0544963488964,22,14,29,0,water,0,-5.0
908,C10H8N4,-5.016285472314999,6.309707592225712,0.01628547231499944,15.653176021879982,-2.0544963488964,22,14,30,0,water,0,-5.0
909,C8H8N6,-5.016285472314999,6.309707592225712,0.01628547231499944,15.653176021879982,-2.0544963488964,22,14,29,0,water,0,-5.0
910,C9H8N4O,-5.016285472314999,6.309707592225712,0.01628547231499944,15.653176021879982,-2.0544963488964,22,14,29,0,water,0,-5.0
911,C11H8N2O,-5.016285472314999,6.309707592225712,0.01628547231499944,15.653176021879982,-2.0544963488964,22,14,30,0,water,0,-5.0
912,C10H8N2O2,-5.016285472314999,6.309707592225712,0.01628547231499944,15.653176021879982,-2.0544963488964,22,14,29,0,water,0,-5.0
913,C9H8N4O,-5.016285472314999,6.309707592225712,0.01628547231499944,15.653176021879982,-2.0544963488964,22,14,29,0,water,0,-5.0
914,C9H8N4O,-5.016285472314999,6.309707592225712,0.01628547231499944,15.653176021879982,-2.0544963488964,22,14,29,0,water,0,-5.0
915,C9H8N4O,-5.016285472314999,6.309707592225712,0.01628547231499944,15.653176021879982,-2.0544963488964,22,14,29,0,water,0,-5.0
916,C9H8N4O,-5.016285472314999,6.309707592225712,0.01628547231499944,15.653176021879982,-2.0544963488964,22,14,29,0,water,0,-5.0
917,C9H8N4O,-5.016285472314999,6.309707592225712,0.01628547231499944,15.653176021879982,-2.0544963488964,22,14,29,0,water,0,-5.0
918,C9H8N4O,-5.016285472314999,6.309707592225712,0.01628547231499944,15.653176021879982,-2.0544963488964,22,14,29,0,water,0,-5.0
919,C7H12N2O2,-5.016285472314999,6.309707592225712,0.01628547231499944,15.653176021879982,-1.8544963488964,23,11,25,0,water,0,-5.0
920,C6H9N7O,-5.016285472314999,6.309707592225712,0.01628547231499944,15.653176021879982,-2.0544963488964,23,14,28,0,water,0,-5.0
921,C9H9N3O2,-5.016285472314999,6.309707592225712,0.01628547231499944,15.653176021879982,-2.0544963488964,23,14,29,0,water,0,-5.0
922,C11H9N3,-5.016285472314999,6.309707592225712,0.01628547231499944,15.653176021879982,-2.0544963488964,23,14,31,0,water,0,-5.0
923,C11H9N3,-5.016285472314999,6.309707592225712,0.01628547231499944,15.653176021879982,-2.0544963488964,23,14,31,0,water,0,-5.0
924,C8H9N5O,-5.016285472314999,6.309707592225712,0.01628547231499944,15.653176021879982,-2.0544963488964,23,14,29,0,water,0,-5.0
925,C10H9N3O,-5.016285472314999,6.309707592225712,0.01628547231499944,15.653176021879982,-2.0544963488964,23,14,30,0,water,0,-5.0
926,C10H9N3O,-5.016285472314999,6.309707592225712,0.01628547231499944,15.653176021879982,-2.0544963488964,23,14,30,0,water,0,-5.0
927,C9H9N5,-5.016285472314999,6.309707592225712,0.01628547231499944,15.653176021879982,-2.0544963488964,23,14,30,0,water,0,-5.0
928,C9H9N5,-5.016285472314999,6.309707592225712,0.01628547231499944,15.653176021879982,-2.0544963488964,23,14,30,0,water,0,-5.0
929,C10H9N3O,-5.016285472314999,6.309707592225712,0.01628547231499944,15.653176021879982,-2.0544963488964,23,14,30,0,water,0,-5.0
930,C10H9N3O,-5.016285472314999,6.309707592225712,0.01628547231499944,15.653176021879982,-2.0544963488964,23,14,30,0,water,0,-5.0
931,C9H9N5,-5.016285472314999,6.309707592225712,0.01628547231499944,15.653176021879982,-2.0544963488964,23,14,30,0,water,0,-5.0
932,C10H9N3O,-5.016285472314999,6.309707592225712,0.01628547231499944,15.653176021879982,-2.0544963488964,23,14,30,0,water,0,-5.0
933,C10H9N3O,-5.016285472314999,6.309707592225712,0.01628547231499944,15.653176021879982,-2.0544963488964,23,14,30,0,water,0,-5.0
934,C9H9N5,-5.016285472314999,6.309707592225712,0.01628547231499944,15.653176021879982,-2.0544963488964,23,14,30,0,water,0,-5.0
935,C9H9N5,-5.016285472314999,6.309707592225712,0.01628547231499944,15.653176021879982,-2.0544963488964,23,14,30,0,water,0,-5.0
936,C10H9N3O,-5.016285472314999,6.309707592225712,0.01628547231499944,15.653176021879982,-2.0544963488964,23,14,30,0,water,0,-5.0
937,C10H9N3O,-5.016285472314999,6.309707592225712,0.01628547231499944,15.653176021879982,-2.0544963488964,23,14,30,0,water,0,-5.0
938,C11H9N3,-5.016285472314999,6.309707592225712,0.01628547231499944,15.653176021879982,-2.0544963488964,23,14,31,0,water,0,-5.0
939,C11H9N3,-5.016285472314999,6.309707592225712,0.01628547231499944,15.653176021879982,-2.0544963488964,23,14,31,0,water,0,-5.0
940,C11H9N3,-5.016285472314999,6.309707592225712,0.01628547231499944,15.653176021879982,-2.0544963488964,23,14,31,0,water,0,-5.0
941,C9H9N5,-5.016285472314999,6.309707592225712,0.01628547231499944,15.653176021879982,-2.0544963488964,23,14,30,0,water,0,-5.0
942,C10H9N3O,-5.016285472314999,6.309707592225712,0.01628547231499944,15.653176021879982,-2.0544963488964,23,14,30,0,water,0,-5.0
943,C10H9N3O,-5.016285472314999,6.309707592225712,0.01628547231499944,15.653176021879982,-2.0544963488964,23,14,30,0,water,0,-5.0
944,C9H9N5,-5.016285472314999,6.309707592225712,0.01628547231499944,15.653176021879982,-2.0544963488964,23,14,30,0,water,0,-5.0
945,C10H9N3O,-5.016285472314999,6.309707592225712,0.01628547231499944,15.653176021879982,-2.0544963488964,23,14,30,0,water,0,-5.0
946,C11H9NO2,-5.016285472314999,6.309707592225712,0.01628547231499944,15.653176021879982,-2.0544963488964,23,14,30,0,water,0,-5.0
947,C10H9N3O,-5.016285472314999,6.309707592225712,0.01628547231499944,15.653176021879982,-2.0544963488964,23,14,30,0,water,0,-5.0
948,C10H9N3O,-5.016285472314999,6.309707592225712,0.01628547231499944,15.653176021879982,-2.0544963488964,23,14,30,0,water,0,-5.0
949,C10H9N3O,-5.016285472314999,6.309707592225712,0.01628547231499944,15.653176021879982,-2.0544963488964,23,14,30,0,water,0,-5.0
950,C10H9N3O,-5.016285472314999,6.309707592225712,0.01628547231499944,15.653176021879982,-2.0544963488964,23,14,30,0,water,0,-5.0
951,C9H10N4O,-5.016285472314999,6.309707592225712,0.01628547231499944,15.653176021879982,-2.0544963488964,24,14,30,0,water,0,-5.0
952,C10H10N4,-5.016285472314999,6.309707592225712,0.01628547231499944,15.653176021879982,-2.0544963488964,24,14,31,0,water,0,-5.0
953,C11H10N2O,-5.016285472314999,6.309707592225712,0.01628547231499944,15.653176021879982,-2.0544963488964,24,14,31,0,water,0,-5.0
954,C10H10N4,-5.016285472314999,6.309707592225712,0.01628547231499944,15.653176021879982,-2.0544963488964,24,14,31,0,water,0,-5.0
955,C10H10N4,-5.016285472314999,6.309707592225712,0.01628547231499944,15.653176021879982,-2.0544963488964,24,14,31,0,water,0,-5.0
956,C12H10N2,-5.016285472314999,6.309707592225712,0.01628547231499944,15.653176021879982,-2.0544963488964,24,14,32,0,water,0,-5.0
957,C10H10N4,-5.016285472314999,6.309707592225712,0.01628547231499944,15.653176021879982,-2.0544963488964,24,14,31,0,water,0,-5.0
958,C11H10N2O,-5.016285472314999,6.309707592225712,0.01628547231499944,15.653176021879982,-2.0544963488964,24,14,31,0,water,0,-5.0
959,C11H10N2O,-5.016285472314999,6.309707592225712,0.01628547231499944,15.653176021879982,-2.0544963488964,24,14,31,0,water,0,-5.0
960,C11H10N2O,-5.016285472314999,6.309707592225712,0.01628547231499944,15.653176021879982,-2.0544963488964,24,14,31,0,water,0,-5.0
961,C11H11N3,-5.016285472314999,6.309707592225712,0.01628547231499944,15.653176021879982,-2.0544963488964,25,14,32,0,water,0,-5.0
962,C3H3ClFN7O2,-6.197203320001787,6.195292019192057,1.1972033200017869,15.647681752135236,-2.054847410828366,17,14,21,0,water,0,-5.0
963,C10H6N2O2,-6.055125431712957,6.222553922353544,1.0551254317129573,15.64617340744946,-2.0549438096056503,20,14,28,0,water,0,-5.0
964,C9H5N3O2,-5.849332112225733,6.255193479063246,0.8493321122257331,15.645001899766589,-2.0550186874376215,19,14,27,0,water,0,-5.0
965,C9H6N4O,-6.082504362078111,6.219152962047714,1.0825043620781107,15.642739012958812,-2.0551633374983616,20,14,28,0,water,0,-5.0
966,C4H8ClN3O3,-6.921849256111566,6.001248387505391,1.9218492561115657,15.63663857344067,-1.8555533989424322,19,11,20,0,water,0,-5.0
967,C8H4N4O2,-6.0557286050106285,6.2288838295487565,1.0557286050106285,15.63085696030669,-2.055923215143006,18,14,26,0,water,0,-5.0
968,C3H3ClN6O3,-6.1209324262503975,6.218687931595799,1.1209324262503975,15.62715984689002,-1.9561597697175788,16,13,20,0,water,0,-5.0
969,C10H6N2O2,-6.228727541253344,6.19819707985392,1.2287275412533436,15.625628568594413,-2.056257762784724,20,14,28,0,water,0,-5.0
970,C9H5N3O2,-6.045846421226192,6.245582764945191,1.0458464212261918,15.595294408775063,-2.058200957698372,19,14,27,0,water,0,-5.0
971,C9H5N3O2,-6.116939470384012,6.232963533156208,1.116939470384012,15.595117345450019,-2.0582123114006854,19,14,27,0,water,0,-5.0
972,C4H6Cl2F2N4O,-8.131649542038245,5.339312059205273,3.131649542038245,15.590433079270605,-1.9585127240052955,19,13,20,0,water,0,-5.0
973,C9H5N3O2,-6.131940414975086,6.2382206070638375,1.1319404149750856,15.576121422069972,-2.0594311224895394,19,14,27,0,water,0,-5.0
974,C5H3Cl2N5O2,-6.585710583371765,6.135918162000565,1.5857105833717648,15.570438102147548,-2.059796062956308,17,14,22,0,water,0,-5.0
975,CH3ClFNO2,-2.878241029741185,5.958169932112256,2.121758970258815,15.56223677171103,-1.8603229261737773,9,6,8,0,water,0,-5.0
976,C4H5Cl2N5O2,-6.984609588812927,6.02132579799412,1.9846095888129272,15.539725810190912,-1.9617704853361084,18,13,21,0,water,0,-5.0
977,CH4O2,-2.621496024434895,5.961436055454186,2.378503975565105,15.310962098366158,-1.876601137119431,7,3,6,0,water,0,-5.0
978,CH4FNO3,-9.028585150206295,3.8898373864084252,4.028585150206295,15.055534075351988,-1.8934245497349613,10,6,9,0,water,0,-5.0
979,C5H4Cl3FN4O,-8.262473968652891,5.70323866566048,3.262473968652891,14.735529358270554,-2.1149086452132875,18,14,21,0,water,0,-5.0
980,H3NO2,-8.857243551160504,2.6330627735971808,3.8572435511605043,13.900245354166122,-1.9732636946283715,6,3,5,0,water,0,-5.0
981,H2FNO,-8.093713683024527,1.5620643742317655,3.093713683024527,13.414055314359,-2.008867124690078,5,3,4,0,water,0,-5.0
982,CHClF3NO2,-1.7326769153148043,1.736841366859022,3.267323084685196,13.210949051187464,-2.024124226644049,9,8,8,0,water,0,-5.0
983,C3H7ClFNO2,-0.4681885679297791,5.743066130453418,4.531811432070221,12.680567191735753,-2.065099506769978,15,8,14,0,water,0,-5.0
984,CH3ClO2,-0.15660672714101598,5.931246036092347,4.843393272858984,12.021870538925585,-2.118442650109391,7,4,6,0,water,0,-5.0
985,CH2Cl2FNO2,-0.10107447642268366,5.868525457981254,4.898925523577316,11.973052426315675,-2.1225116925512304,9,7,8,0,water,0,-5.0
986,CH3ClO2,-0.08462896937698207,5.941471630351796,4.915371030623018,11.899090060301777,-2.1287082543151037,7,4,6,0,water,0,-5.0
987,CCl3FO,-2.351690368515754,0.9413302721190281,2.648309631484246,11.343501540775328,-2.1765251575044045,6,6,5,0,water,0,-5.0
988,CHCl2FO2,0.42184228896108256,5.986659777992153,5.4218422889610824,11.055236787226551,-2.202265952891643,7,6,6,0,water,0,-5.0
989,ClFO2,-1.5639174904493425,1.5375840196121513,3.4360825095506575,9.429201625826321,-2.361358756147821,4,4,3,0,water,0,-5.0
990,C2H6O,-2.373713055421247,0.7505687163259681,2.626286944578753,8.809193246321712,-2.429374322727718,9,3,8,0,water,0,-5.0
991,H3NO,-9.045151758543852,2.0003747431390493,4.045151758543852,8.709954145064746,-2.4407036597684515,5,2,4,0,water,0,-5.0
992,H3NO2,-9.224371542159862,2.0599095230242956,4.2243715421598615,7.964167725132001,-2.5302177395945487,6,3,5,0,water,0,-5.0
993,H2FNO2,-9.545728226752635,2.1942208556739677,4.545728226752635,7.015411914230476,-2.6570607550940606,6,4,5,0,water,0,-5.0
994,CH3ClO2,-1.5362657554519232,1.265159870719803,3.4637342445480765,6.1758654395490575,-2.7845211611407525,7,4,6,0,water,0,-5.0
995,H2O,-1.1211393299603332,1.5132730449895273,3.878860670039667,5.6022290923297975,-2.882005615246999,3,1,2,0,water,0,-5.0
996,C2H5ClO3,-10.875080708974425,2.6467792830259635,5.875080708974425,4.093047379491485,-3.1958804128078375,11,6,10,0,water,0,-5.0
997,C3H6Cl2O2,-1.0186918001634089,1.3515160089985905,3.981308199836591,3.6029872741816265,-3.3234068862345825,13,7,12,0,water,0,-5.0
998,ClF,-1.5252054841944571,0.7320064372941983,3.474794515805543,1.5837645827100284,-4.145365525667702,2,2,1,0,water,0,-5.0
999,C2H3Cl2F,0.10915434255676619,0.8395627235415299,5.109154342556766,0.03625602848331121,-7.922319794508458,8,5,7,0,water,0,-5.0
1000,CH4,1.8460614290917365,0.8828741502376214,6.846061429091737,0.00014305851233334364,-13.457427020226353,5,1,4,0,water,0,-5.0
