seed,split,mol_id
0,train,mobley_1017962
0,train,mobley_1034539
0,train,mobley_1046331
0,train,mobley_1075836
0,train,mobley_1079207
0,train,mobley_1139153
0,train,mobley_1144156
0,train,mobley_1160109
0,train,mobley_1189457
0,train,mobley_1199854
0,train,mobley_1231151
0,train,mobley_1235151
0,train,mobley_1261349
0,train,mobley_1278715
0,train,mobley_129464
0,train,mobley_1323538
0,train,mobley_1352110
0,train,mobley_1363784
0,train,mobley_1396156
0,train,mobley_1417007
0,train,mobley_1424265
0,train,mobley_1449384
0,train,mobley_1520842
0,train,mobley_1527293
0,train,mobley_1563176
0,train,mobley_1571523
0,train,mobley_1592519
0,train,mobley_1615431
0,train,mobley_1636752
0,train,mobley_1650157
0,train,mobley_1659169
0,train,mobley_1674094
0,train,mobley_1708457
0,train,mobley_1717215
0,train,mobley_1722522
0,train,mobley_1723043
0,train,mobley_1728386
0,train,mobley_172879
0,train,mobley_1733799
0,train,mobley_1735893
0,train,mobley_1743409
0,train,mobley_1760914
0,train,mobley_1770205
0,train,mobley_1781152
0,train,mobley_1792062
0,train,mobley_1800170
0,train,mobley_1821184
0,train,mobley_1827204
0,train,mobley_1838110
0,train,mobley_1849020
0,train,mobley_1855337
0,train,mobley_1857976
0,train,mobley_1858644
0,train,mobley_186894
0,train,mobley_1875719
0,train,mobley_1881249
0,train,mobley_1893815
0,train,mobley_1893937
0,train,mobley_1896013
0,train,mobley_1899443
0,train,mobley_1905088
0,train,mobley_1922649
0,train,mobley_1929982
0,train,mobley_1944394
0,train,mobley_1952272
0,train,mobley_1963873
0,train,mobley_1967551
0,train,mobley_197466
0,train,mobley_1976156
0,train,mobley_1977493
0,train,mobley_1987439
0,train,mobley_2008055
0,train,mobley_2023925
0,train,mobley_2043882
0,train,mobley_2049967
0,train,mobley_20524
0,train,mobley_2068538
0,train,mobley_2078467
0,train,mobley_210639
0,train,mobley_2123854
0,train,mobley_2126135
0,train,mobley_2143011
0,train,mobley_2146331
0,train,mobley_2178600
0,train,mobley_2183616
0,train,mobley_2197088
0,train,mobley_2213823
0,train,mobley_2245668
0,train,mobley_2261979
0,train,mobley_2279874
0,train,mobley_2295058
0,train,mobley_2310185
0,train,mobley_2328633
0,train,mobley_2354112
0,train,mobley_2364370
0,train,mobley_2371092
0,train,mobley_2390199
0,train,mobley_2402487
0,train,mobley_2410897
0,train,mobley_2422586
0,train,mobley_242480
0,train,mobley_2451097
0,train,mobley_2481002
0,train,mobley_2484519
0,train,mobley_2487143
0,train,mobley_2492140
0,train,mobley_2501588
0,train,mobley_2517158
0,train,mobley_252413
0,train,mobley_2577969
0,train,mobley_2607611
0,train,mobley_2613240
0,train,mobley_2636578
0,train,mobley_2659552
0,train,mobley_2681549
0,train,mobley_2689721
0,train,mobley_2725215
0,train,mobley_2725802
0,train,mobley_2727678
0,train,mobley_2751110
0,train,mobley_2763835
0,train,mobley_2771569
0,train,mobley_2782339
0,train,mobley_2789243
0,train,mobley_2802855
0,train,mobley_282648
0,train,mobley_2837389
0,train,mobley_2844990
0,train,mobley_2845466
0,train,mobley_2850833
0,train,mobley_2859600
0,train,mobley_2864987
0,train,mobley_2881590
0,train,mobley_2913224
0,train,mobley_2923700
0,train,mobley_2925352
0,train,mobley_2929847
0,train,mobley_2958326
0,train,mobley_2972345
0,train,mobley_2972906
0,train,mobley_299266
0,train,mobley_3006808
0,train,mobley_303222
0,train,mobley_3034976
0,train,mobley_3047364
0,train,mobley_3053621
0,train,mobley_3060426
0,train,mobley_3105103
0,train,mobley_313406
0,train,mobley_3144334
0,train,mobley_3167746
0,train,mobley_3169935
0,train,mobley_3187514
0,train,mobley_3210206
0,train,mobley_3211679
0,train,mobley_3234716
0,train,mobley_3259411
0,train,mobley_3264884
0,train,mobley_3265457
0,train,mobley_3266352
0,train,mobley_3269565
0,train,mobley_3269819
0,train,mobley_3274817
0,train,mobley_3318135
0,train,mobley_3323117
0,train,mobley_3325209
0,train,mobley_3359593
0,train,mobley_3370989
0,train,mobley_337666
0,train,mobley_3378420
0,train,mobley_3398536
0,train,mobley_3414356
0,train,mobley_3425174
0,train,mobley_349850
0,train,mobley_352111
0,train,mobley_3525176
0,train,mobley_3546460
0,train,mobley_3572203
0,train,mobley_3573480
0,train,mobley_3589456
0,train,mobley_36119
0,train,mobley_3639400
0,train,mobley_3663158
0,train,mobley_3682850
0,train,mobley_3690931
0,train,mobley_3709920
0,train,mobley_3715043
0,train,mobley_3727287
0,train,mobley_3746675
0,train,mobley_3761215
0,train,mobley_3762186
0,train,mobley_3775790
0,train,mobley_3777264
0,train,mobley_3802803
0,train,mobley_3867265
0,train,mobley_3968043
0,train,mobley_3969312
0,train,mobley_397645
0,train,mobley_3976574
0,train,mobley_3980099
0,train,mobley_3982371
0,train,mobley_4013838
0,train,mobley_4035953
0,train,mobley_4039055
0,train,mobley_4043951
0,train,mobley_4043987
0,train,mobley_4059279
0,train,mobley_4149784
0,train,mobley_4193752
0,train,mobley_4218209
0,train,mobley_4219614
0,train,mobley_4252724
0,train,mobley_4287564
0,train,mobley_4291494
0,train,mobley_4305650
0,train,mobley_4364398
0,train,mobley_4371692
0,train,mobley_4375719
0,train,mobley_4434915
0,train,mobley_4463913
0,train,mobley_4465023
0,train,mobley_4494568
0,train,mobley_4506634
0,train,mobley_4584540
0,train,mobley_4609460
0,train,mobley_4613090
0,train,mobley_4620651
0,train,mobley_4678740
0,train,mobley_4683624
0,train,mobley_4687447
0,train,mobley_468867
0,train,mobley_4690963
0,train,mobley_4694328
0,train,mobley_4699732
0,train,mobley_4715906
0,train,mobley_4759887
0,train,mobley_4762983
0,train,mobley_4780078
0,train,mobley_4792268
0,train,mobley_486214
0,train,mobley_4883284
0,train,mobley_4884177
0,train,mobley_4893032
0,train,mobley_49274
0,train,mobley_4934872
0,train,mobley_4936555
0,train,mobley_4964807
0,train,mobley_4983965
0,train,mobley_5003962
0,train,mobley_5006685
0,train,mobley_5052949
0,train,mobley_5063386
0,train,mobley_5076071
0,train,mobley_5079234
0,train,mobley_5110043
0,train,mobley_511661
0,train,mobley_5123639
0,train,mobley_5157661
0,train,mobley_5200358
0,train,mobley_5220185
0,train,mobley_525934
0,train,mobley_5263791
0,train,mobley_52782
0,train,mobley_5282042
0,train,mobley_5286200
0,train,mobley_5310099
0,train,mobley_5311804
0,train,mobley_5326154
0,train,mobley_5346580
0,train,mobley_5347550
0,train,mobley_5371840
0,train,mobley_5390332
0,train,mobley_5445548
0,train,mobley_5449201
0,train,mobley_5456566
0,train,mobley_5471704
0,train,mobley_547634
0,train,mobley_5494918
0,train,mobley_5499659
0,train,mobley_550662
0,train,mobley_5520946
0,train,mobley_5538249
0,train,mobley_5561855
0,train,mobley_5571660
0,train,mobley_5600967
0,train,mobley_5616693
0,train,mobley_5627459
0,train,mobley_5631798
0,train,mobley_5665561
0,train,mobley_5690766
0,train,mobley_5692472
0,train,mobley_5732611
0,train,mobley_5747188
0,train,mobley_5747981
0,train,mobley_5759258
0,train,mobley_5760563
0,train,mobley_5816127
0,train,mobley_5852491
0,train,mobley_5857
0,train,mobley_5880265
0,train,mobley_588781
0,train,mobley_5890803
0,train,mobley_590519
0,train,mobley_5948990
0,train,mobley_5952846
0,train,mobley_5973402
0,train,mobley_5977084
0,train,mobley_6006813
0,train,mobley_6055410
0,train,mobley_6060301
0,train,mobley_6081058
0,train,mobley_6082662
0,train,mobley_6091882
0,train,mobley_6102880
0,train,mobley_6175884
0,train,mobley_6198745
0,train,mobley_6201330
0,train,mobley_6232400
0,train,mobley_6235784
0,train,mobley_6239320
0,train,mobley_6248915
0,train,mobley_6250025
0,train,mobley_6257907
0,train,mobley_6266306
0,train,mobley_627267
0,train,mobley_628086
0,train,mobley_628951
0,train,mobley_6303022
0,train,mobley_6309289
0,train,mobley_632905
0,train,mobley_6338073
0,train,mobley_6353617
0,train,mobley_6358463
0,train,mobley_63712
0,train,mobley_637522
0,train,mobley_6416775
0,train,mobley_6430250
0,train,mobley_6456034
0,train,mobley_646007
0,train,mobley_6474572
0,train,mobley_6497672
0,train,mobley_6522117
0,train,mobley_6571751
0,train,mobley_6620221
0,train,mobley_667278
0,train,mobley_6727159
0,train,mobley_6733657
0,train,mobley_6743808
0,train,mobley_676247
0,train,mobley_6794076
0,train,mobley_6804509
0,train,mobley_6812653
0,train,mobley_6843802
0,train,mobley_6861308
0,train,mobley_6896128
0,train,mobley_6917738
0,train,mobley_6929123
0,train,mobley_6935906
0,train,mobley_6973347
0,train,mobley_6978427
0,train,mobley_6981465
0,train,mobley_6988468
0,train,mobley_7009711
0,train,mobley_7010316
0,train,mobley_7015518
0,train,mobley_7017274
0,train,mobley_7039935
0,train,mobley_7047032
0,train,mobley_7099614
0,train,mobley_7106722
0,train,mobley_7142697
0,train,mobley_7150646
0,train,mobley_7157427
0,train,mobley_7176248
0,train,mobley_7200804
0,train,mobley_7203421
0,train,mobley_7227357
0,train,mobley_7239499
0,train,mobley_7261305
0,train,mobley_7295828
0,train,mobley_7298388
0,train,mobley_7326706
0,train,mobley_7326982
0,train,mobley_7360181
0,train,mobley_7364468
0,train,mobley_7375018
0,train,mobley_7378987
0,train,mobley_7393673
0,train,mobley_7415647
0,train,mobley_7417968
0,train,mobley_7463408
0,train,mobley_7463799
0,train,mobley_7497999
0,train,mobley_7542832
0,train,mobley_755351
0,train,mobley_7578802
0,train,mobley_7608435
0,train,mobley_7608462
0,train,mobley_7610437
0,train,mobley_7676709
0,train,mobley_7688753
0,train,mobley_7708038
0,train,mobley_7735340
0,train,mobley_7768165
0,train,mobley_7769613
0,train,mobley_7774695
0,train,mobley_778352
0,train,mobley_7794077
0,train,mobley_7829570
0,train,mobley_7859387
0,train,mobley_7860938
0,train,mobley_7869158
0,train,mobley_7893124
0,train,mobley_7912193
0,train,mobley_7913234
0,train,mobley_7943327
0,train,mobley_7977115
0,train,mobley_7983227
0,train,mobley_7988076
0,train,mobley_8006582
0,train,mobley_8011706
0,train,mobley_8048190
0,train,mobley_8052240
0,train,mobley_8057732
0,train,mobley_8117218
0,train,mobley_8118832
0,train,mobley_8124669
0,train,mobley_8127829
0,train,mobley_819018
0,train,mobley_8207196
0,train,mobley_820789
0,train,mobley_8208692
0,train,mobley_8260524
0,train,mobley_8311303
0,train,mobley_8311321
0,train,mobley_8320545
0,train,mobley_8337977
0,train,mobley_8426916
0,train,mobley_8427539
0,train,mobley_8436428
0,train,mobley_8467917
0,train,mobley_8492526
0,train,mobley_8514745
0,train,mobley_8522124
0,train,mobley_8525830
0,train,mobley_8558116
0,train,mobley_8573194
0,train,mobley_8578590
0,train,mobley_859464
0,train,mobley_8614858
0,train,mobley_8668219
0,train,mobley_8685905
0,train,mobley_8691603
0,train,mobley_8713762
0,train,mobley_8723116
0,train,mobley_8739734
0,train,mobley_8746821
0,train,mobley_8754702
0,train,mobley_8764620
0,train,mobley_8772587
0,train,mobley_8798016
0,train,mobley_8809274
0,train,mobley_8823527
0,train,mobley_8861672
0,train,mobley_8882696
0,train,mobley_8883511
0,train,mobley_8899867
0,train,mobley_8916409
0,train,mobley_8966374
0,train,mobley_8983100
0,train,mobley_900088
0,train,mobley_9015240
0,train,mobley_9028462
0,train,mobley_902954
0,train,mobley_9029594
0,train,mobley_9055303
0,train,mobley_9073553
0,train,mobley_9100956
0,train,mobley_9114381
0,train,mobley_9121449
0,train,mobley_9185328
0,train,mobley_9197172
0,train,mobley_9201263
0,train,mobley_9209581
0,train,mobley_9246215
0,train,mobley_9246351
0,train,mobley_9257453
0,train,mobley_9407874
0,train,mobley_9414831
0,train,mobley_9434451
0,train,mobley_9460824
0,train,mobley_9510785
0,train,mobley_951560
0,train,mobley_9557440
0,train,mobley_9565165
0,train,mobley_9571888
0,train,mobley_9617923
0,train,mobley_9624458
0,train,mobley_9653690
0,train,mobley_967099
0,train,mobley_9671033
0,train,mobley_9729792
0,train,mobley_9733743
0,train,mobley_9740891
0,train,mobley_9741965
0,train,mobley_9821936
0,train,mobley_9838013
0,train,mobley_9883303
0,train,mobley_9897248
0,train,mobley_9913368
0,train,mobley_9942801
0,train,mobley_9974966
0,train,mobley_9979854
0,valid,mobley_1019269
0,valid,mobley_1178614
0,valid,mobley_1244778
0,valid,mobley_1502181
0,valid,mobley_1662128
0,valid,mobley_1755375
0,valid,mobley_1803862
0,valid,mobley_2005792
0,valid,mobley_2099370
0,valid,mobley_2294995
0,valid,mobley_2316618
0,valid,mobley_2457863
0,valid,mobley_2489709
0,valid,mobley_2493732
0,valid,mobley_2523689
0,valid,mobley_2609604
0,valid,mobley_2784376
0,valid,mobley_2960202
0,valid,mobley_296847
0,valid,mobley_3040612
0,valid,mobley_3395921
0,valid,mobley_3452749
0,valid,mobley_3686115
0,valid,mobley_3738859
0,valid,mobley_3968739
0,valid,mobley_3999471
0,valid,mobley_4177472
0,valid,mobley_4188615
0,valid,mobley_430089
0,valid,mobley_4338603
0,valid,mobley_4395315
0,valid,mobley_4479135
0,valid,mobley_4483973
0,valid,mobley_4553008
0,valid,mobley_4603202
0,valid,mobley_4639255
0,valid,mobley_5467162
0,valid,mobley_5708811
0,valid,mobley_5935995
0,valid,mobley_6190089
0,valid,mobley_6195751
0,valid,mobley_6334915
0,valid,mobley_6359135
0,valid,mobley_6632459
0,valid,mobley_664966
0,valid,mobley_6739648
0,valid,mobley_7066554
0,valid,mobley_7455579
0,valid,mobley_7599023
0,valid,mobley_7732703
0,valid,mobley_7754849
0,valid,mobley_7814642
0,valid,mobley_8191186
0,valid,mobley_8337722
0,valid,mobley_8449031
0,valid,mobley_852937
0,valid,mobley_8789864
0,valid,mobley_8827942
0,valid,mobley_9007496
0,valid,mobley_9112978
0,valid,mobley_9281946
0,valid,mobley_9626434
0,valid,mobley_9705941
0,valid,mobley_9717937
0,test,mobley_1036761
0,test,mobley_1107178
0,test,mobley_1328465
0,test,mobley_1328936
0,test,mobley_1469079
0,test,mobley_1873346
0,test,mobley_1903702
0,test,mobley_1923244
0,test,mobley_194273
0,test,mobley_2198613
0,test,mobley_2269032
0,test,mobley_2341732
0,test,mobley_2518989
0,test,mobley_2661134
0,test,mobley_2693089
0,test,mobley_2792521
0,test,mobley_2996632
0,test,mobley_3083321
0,test,mobley_3151666
0,test,mobley_3183805
0,test,mobley_3201701
0,test,mobley_3515580
0,test,mobley_3843583
0,test,mobley_4561957
0,test,mobley_4587267
0,test,mobley_4630641
0,test,mobley_4845722
0,test,mobley_4850657
0,test,mobley_4924862
0,test,mobley_5026370
0,test,mobley_5056289
0,test,mobley_5072416
0,test,mobley_5094777
0,test,mobley_5393242
0,test,mobley_5510474
0,test,mobley_5518547
0,test,mobley_5917842
0,test,mobley_6115639
0,test,mobley_6359156
0,test,mobley_6619554
0,test,mobley_6688723
0,test,mobley_6714389
0,test,mobley_6854178
0,test,mobley_6911232
0,test,mobley_7176290
0,test,mobley_718988
0,test,mobley_7532833
0,test,mobley_7573149
0,test,mobley_766666
0,test,mobley_7690440
0,test,mobley_7758918
0,test,mobley_8221999
0,test,mobley_8705848
0,test,mobley_8765203
0,test,mobley_8785107
0,test,mobley_8789465
0,test,mobley_8809190
0,test,mobley_8885088
0,test,mobley_9139060
0,test,mobley_929676
0,test,mobley_9478823
0,test,mobley_9507933
0,test,mobley_9534740
0,test,mobley_9794857
0,test,mobley_994483
1,train,mobley_1017962
1,train,mobley_1019269
1,train,mobley_1046331
1,train,mobley_1075836
1,train,mobley_1079207
1,train,mobley_1107178
1,train,mobley_1139153
1,train,mobley_1144156
1,train,mobley_1160109
1,train,mobley_1178614
1,train,mobley_1199854
1,train,mobley_1231151
1,train,mobley_1235151
1,train,mobley_1244778
1,train,mobley_1261349
1,train,mobley_1278715
1,train,mobley_129464
1,train,mobley_1323538
1,train,mobley_1328465
1,train,mobley_1328936
1,train,mobley_1352110
1,train,mobley_1363784
1,train,mobley_1396156
1,train,mobley_1417007
1,train,mobley_1424265
1,train,mobley_1449384
1,train,mobley_1469079
1,train,mobley_1502181
1,train,mobley_1520842
1,train,mobley_1527293
1,train,mobley_1592519
1,train,mobley_1615431
1,train,mobley_1659169
1,train,mobley_1662128
1,train,mobley_1717215
1,train,mobley_1722522
1,train,mobley_1723043
1,train,mobley_172879
1,train,mobley_1733799
1,train,mobley_1735893
1,train,mobley_1755375
1,train,mobley_1760914
1,train,mobley_1770205
1,train,mobley_1781152
1,train,mobley_1792062
1,train,mobley_1800170
1,train,mobley_1803862
1,train,mobley_1827204
1,train,mobley_1849020
1,train,mobley_1857976
1,train,mobley_186894
1,train,mobley_1873346
1,train,mobley_1875719
1,train,mobley_1881249
1,train,mobley_1893815
1,train,mobley_1893937
1,train,mobley_1896013
1,train,mobley_1903702
1,train,mobley_1905088
1,train,mobley_1923244
1,train,mobley_1929982
1,train,mobley_194273
1,train,mobley_1952272
1,train,mobley_1963873
1,train,mobley_1967551
1,train,mobley_197466
1,train,mobley_1976156
1,train,mobley_1987439
1,train,mobley_2005792
1,train,mobley_2008055
1,train,mobley_2023925
1,train,mobley_2043882
1,train,mobley_20524
1,train,mobley_2068538
1,train,mobley_2078467
1,train,mobley_210639
1,train,mobley_2123854
1,train,mobley_2126135
1,train,mobley_2143011
1,train,mobley_2178600
1,train,mobley_2197088
1,train,mobley_2198613
1,train,mobley_2213823
1,train,mobley_2245668
1,train,mobley_2261979
1,train,mobley_2269032
1,train,mobley_2279874
1,train,mobley_2294995
1,train,mobley_2295058
1,train,mobley_2316618
1,train,mobley_2328633
1,train,mobley_2341732
1,train,mobley_2354112
1,train,mobley_2364370
1,train,mobley_2390199
1,train,mobley_2402487
1,train,mobley_2410897
1,train,mobley_2422586
1,train,mobley_242480
1,train,mobley_2481002
1,train,mobley_2484519
1,train,mobley_2487143
1,train,mobley_2489709
1,train,mobley_2492140
1,train,mobley_2493732
1,train,mobley_2517158
1,train,mobley_2518989
1,train,mobley_2523689
1,train,mobley_252413
1,train,mobley_2577969
1,train,mobley_2607611
1,train,mobley_2609604
1,train,mobley_2613240
1,train,mobley_2636578
1,train,mobley_2659552
1,train,mobley_2661134
1,train,mobley_2689721
1,train,mobley_2725215
1,train,mobley_2725802
1,train,mobley_2727678
1,train,mobley_2751110
1,train,mobley_2763835
1,train,mobley_2771569
1,train,mobley_2782339
1,train,mobley_2784376
1,train,mobley_2789243
1,train,mobley_2792521
1,train,mobley_2802855
1,train,mobley_2837389
1,train,mobley_2844990
1,train,mobley_2845466
1,train,mobley_2859600
1,train,mobley_2881590
1,train,mobley_2913224
1,train,mobley_2923700
1,train,mobley_2929847
1,train,mobley_2958326
1,train,mobley_2960202
1,train,mobley_296847
1,train,mobley_2972345
1,train,mobley_299266
1,train,mobley_2996632
1,train,mobley_3006808
1,train,mobley_303222
1,train,mobley_3040612
1,train,mobley_3047364
1,train,mobley_3053621
1,train,mobley_3060426
1,train,mobley_3083321
1,train,mobley_3105103
1,train,mobley_313406
1,train,mobley_3144334
1,train,mobley_3151666
1,train,mobley_3167746
1,train,mobley_3169935
1,train,mobley_3183805
1,train,mobley_3187514
1,train,mobley_3201701
1,train,mobley_3210206
1,train,mobley_3234716
1,train,mobley_3259411
1,train,mobley_3264884
1,train,mobley_3265457
1,train,mobley_3266352
1,train,mobley_3274817
1,train,mobley_3318135
1,train,mobley_3325209
1,train,mobley_3359593
1,train,mobley_3370989
1,train,mobley_337666
1,train,mobley_3378420
1,train,mobley_3395921
1,train,mobley_3398536
1,train,mobley_3414356
1,train,mobley_3515580
1,train,mobley_3546460
1,train,mobley_3572203
1,train,mobley_3573480
1,train,mobley_3589456
1,train,mobley_3639400
1,train,mobley_3663158
1,train,mobley_3682850
1,train,mobley_3686115
1,train,mobley_3690931
1,train,mobley_3709920
1,train,mobley_3715043
1,train,mobley_3727287
1,train,mobley_3738859
1,train,mobley_3746675
1,train,mobley_3761215
1,train,mobley_3762186
1,train,mobley_3775790
1,train,mobley_3777264
1,train,mobley_3802803
1,train,mobley_3843583
1,train,mobley_3867265
1,train,mobley_3968043
1,train,mobley_3968739
1,train,mobley_3969312
1,train,mobley_3980099
1,train,mobley_3982371
1,train,mobley_3999471
1,train,mobley_4013838
1,train,mobley_4035953
1,train,mobley_4039055
1,train,mobley_4043951
1,train,mobley_4043987
1,train,mobley_4177472
1,train,mobley_4193752
1,train,mobley_4218209
1,train,mobley_4219614
1,train,mobley_4252724
1,train,mobley_4287564
1,train,mobley_4291494
1,train,mobley_430089
1,train,mobley_4338603
1,train,mobley_4364398
1,train,mobley_4371692
1,train,mobley_4375719
1,train,mobley_4395315
1,train,mobley_4463913
1,train,mobley_4465023
1,train,mobley_4479135
1,train,mobley_4483973
1,train,mobley_4494568
1,train,mobley_4506634
1,train,mobley_4553008
1,train,mobley_4561957
1,train,mobley_4584540
1,train,mobley_4603202
1,train,mobley_4609460
1,train,mobley_4613090
1,train,mobley_4620651
1,train,mobley_4630641
1,train,mobley_4639255
1,train,mobley_4678740
1,train,mobley_4683624
1,train,mobley_4690963
1,train,mobley_4694328
1,train,mobley_4715906
1,train,mobley_4759887
1,train,mobley_4780078
1,train,mobley_4792268
1,train,mobley_486214
1,train,mobley_4883284
1,train,mobley_49274
1,train,mobley_4934872
1,train,mobley_4936555
1,train,mobley_4964807
1,train,mobley_5003962
1,train,mobley_5026370
1,train,mobley_5052949
1,train,mobley_5056289
1,train,mobley_5063386
1,train,mobley_5072416
1,train,mobley_5076071
1,train,mobley_5079234
1,train,mobley_5094777
1,train,mobley_5110043
1,train,mobley_511661
1,train,mobley_5157661
1,train,mobley_525934
1,train,mobley_5263791
1,train,mobley_52782
1,train,mobley_5286200
1,train,mobley_5310099
1,train,mobley_5311804
1,train,mobley_5326154
1,train,mobley_5346580
1,train,mobley_5371840
1,train,mobley_5390332
1,train,mobley_5445548
1,train,mobley_5449201
1,train,mobley_5456566
1,train,mobley_5471704
1,train,mobley_547634
1,train,mobley_5518547
1,train,mobley_5520946
1,train,mobley_5561855
1,train,mobley_5616693
1,train,mobley_5627459
1,train,mobley_5631798
1,train,mobley_5665561
1,train,mobley_5690766
1,train,mobley_5692472
1,train,mobley_5708811
1,train,mobley_5732611
1,train,mobley_5747188
1,train,mobley_5747981
1,train,mobley_5759258
1,train,mobley_5760563
1,train,mobley_5816127
1,train,mobley_5880265
1,train,mobley_588781
1,train,mobley_5890803
1,train,mobley_590519
1,train,mobley_5917842
1,train,mobley_5935995
1,train,mobley_5948990
1,train,mobley_5952846
1,train,mobley_5973402
1,train,mobley_5977084
1,train,mobley_6006813
1,train,mobley_6060301
1,train,mobley_6081058
1,train,mobley_6082662
1,train,mobley_6091882
1,train,mobley_6102880
1,train,mobley_6175884
1,train,mobley_6190089
1,train,mobley_6195751
1,train,mobley_6198745
1,train,mobley_6201330
1,train,mobley_6232400
1,train,mobley_6235784
1,train,mobley_6248915
1,train,mobley_6250025
1,train,mobley_6257907
1,train,mobley_6266306
1,train,mobley_627267
1,train,mobley_628086
1,train,mobley_628951
1,train,mobley_6303022
1,train,mobley_6309289
1,train,mobley_632905
1,train,mobley_6334915
1,train,mobley_6338073
1,train,mobley_6353617
1,train,mobley_6358463
1,train,mobley_6359135
1,train,mobley_6359156
1,train,mobley_63712
1,train,mobley_637522
1,train,mobley_6430250
1,train,mobley_6456034
1,train,mobley_646007
1,train,mobley_6497672
1,train,mobley_6522117
1,train,mobley_6571751
1,train,mobley_6619554
1,train,mobley_6620221
1,train,mobley_6632459
1,train,mobley_664966
1,train,mobley_6688723
1,train,mobley_6714389
1,train,mobley_6739648
1,train,mobley_6743808
1,train,mobley_676247
1,train,mobley_6794076
1,train,mobley_6804509
1,train,mobley_6812653
1,train,mobley_6843802
1,train,mobley_6854178
1,train,mobley_6896128
1,train,mobley_6911232
1,train,mobley_6917738
1,train,mobley_6929123
1,train,mobley_6935906
1,train,mobley_6973347
1,train,mobley_6978427
1,train,mobley_6981465
1,train,mobley_6988468
1,train,mobley_7009711
1,train,mobley_7010316
1,train,mobley_7015518
1,train,mobley_7039935
1,train,mobley_7047032
1,train,mobley_7099614
1,train,mobley_7106722
1,train,mobley_7142697
1,train,mobley_7150646
1,train,mobley_7157427
1,train,mobley_7176248
1,train,mobley_7176290
1,train,mobley_718988
1,train,mobley_7200804
1,train,mobley_7203421
1,train,mobley_7239499
1,train,mobley_7261305
1,train,mobley_7295828
1,train,mobley_7298388
1,train,mobley_7326706
1,train,mobley_7326982
1,train,mobley_7360181
1,train,mobley_7375018
1,train,mobley_7378987
1,train,mobley_7417968
1,train,mobley_7463408
1,train,mobley_7463799
1,train,mobley_7497999
1,train,mobley_7532833
1,train,mobley_7542832
1,train,mobley_755351
1,train,mobley_7573149
1,train,mobley_7608435
1,train,mobley_7608462
1,train,mobley_7610437
1,train,mobley_766666
1,train,mobley_7688753
1,train,mobley_7708038
1,train,mobley_7732703
1,train,mobley_7735340
1,train,mobley_7754849
1,train,mobley_7758918
1,train,mobley_7768165
1,train,mobley_7769613
1,train,mobley_7774695
1,train,mobley_778352
1,train,mobley_7794077
1,train,mobley_7829570
1,train,mobley_7859387
1,train,mobley_7860938
1,train,mobley_7869158
1,train,mobley_7912193
1,train,mobley_7913234
1,train,mobley_7943327
1,train,mobley_7977115
1,train,mobley_7983227
1,train,mobley_7988076
1,train,mobley_8006582
1,train,mobley_8048190
1,train,mobley_8052240
1,train,mobley_8057732
1,train,mobley_8117218
1,train,mobley_8118832
1,train,mobley_8124669
1,train,mobley_8127829
1,train,mobley_819018
1,train,mobley_8191186
1,train,mobley_8207196
1,train,mobley_820789
1,train,mobley_8208692
1,train,mobley_8221999
1,train,mobley_8311303
1,train,mobley_8311321
1,train,mobley_8337722
1,train,mobley_8337977
1,train,mobley_8426916
1,train,mobley_8449031
1,train,mobley_8467917
1,train,mobley_8492526
1,train,mobley_8514745
1,train,mobley_8522124
1,train,mobley_8525830
1,train,mobley_852937
1,train,mobley_8558116
1,train,mobley_8578590
1,train,mobley_859464
1,train,mobley_8614858
1,train,mobley_8685905
1,train,mobley_8691603
1,train,mobley_8713762
1,train,mobley_8723116
1,train,mobley_8754702
1,train,mobley_8764620
1,train,mobley_8772587
1,train,mobley_8785107
1,train,mobley_8789465
1,train,mobley_8789864
1,train,mobley_8798016
1,train,mobley_8809274
1,train,mobley_8827942
1,train,mobley_8861672
1,train,mobley_8882696
1,train,mobley_8883511
1,train,mobley_8885088
1,train,mobley_8899867
1,train,mobley_8916409
1,train,mobley_8966374
1,train,mobley_8983100
1,train,mobley_900088
1,train,mobley_9007496
1,train,mobley_902954
1,train,mobley_9029594
1,train,mobley_9055303
1,train,mobley_9073553
1,train,mobley_9100956
1,train,mobley_9112978
1,train,mobley_9114381
1,train,mobley_9121449
1,train,mobley_9185328
1,train,mobley_9197172
1,train,mobley_9201263
1,train,mobley_9209581
1,train,mobley_9246215
1,train,mobley_9246351
1,train,mobley_9257453
1,train,mobley_9281946
1,train,mobley_9407874
1,train,mobley_9460824
1,train,mobley_9478823
1,train,mobley_9507933
1,train,mobley_9510785
1,train,mobley_951560
1,train,mobley_9534740
1,train,mobley_9557440
1,train,mobley_9565165
1,train,mobley_9571888
1,train,mobley_9617923
1,train,mobley_9624458
1,train,mobley_967099
1,train,mobley_9671033
1,train,mobley_9717937
1,train,mobley_9729792
1,train,mobley_9794857
1,train,mobley_9821936
1,train,mobley_9883303
1,train,mobley_9897248
1,train,mobley_9913368
1,train,mobley_9942801
1,train,mobley_994483
1,train,mobley_9974966
1,train,mobley_9979854
1,valid,mobley_1036761
1,valid,mobley_1571523
1,valid,mobley_1636752
1,valid,mobley_1650157
1,valid,mobley_1708457
1,valid,mobley_1743409
1,valid,mobley_1838110
1,valid,mobley_1858644
1,valid,mobley_1922649
1,valid,mobley_1944394
1,valid,mobley_1977493
1,valid,mobley_2146331
1,valid,mobley_2310185
1,valid,mobley_2451097
1,valid,mobley_2457863
1,valid,mobley_2681549
1,valid,mobley_2693089
1,valid,mobley_282648
1,valid,mobley_2850833
1,valid,mobley_2925352
1,valid,mobley_3211679
1,valid,mobley_3269565
1,valid,mobley_3452749
1,valid,mobley_352111
1,valid,mobley_3525176
1,valid,mobley_36119
1,valid,mobley_397645
1,valid,mobley_4188615
1,valid,mobley_4434915
1,valid,mobley_4587267
1,valid,mobley_4687447
1,valid,mobley_4762983
1,valid,mobley_4845722
1,valid,mobley_4884177
1,valid,mobley_5006685
1,valid,mobley_5200358
1,valid,mobley_5467162
1,valid,mobley_5494918
1,valid,mobley_550662
1,valid,mobley_5538249
1,valid,mobley_5600967
1,valid,mobley_5857
1,valid,mobley_6055410
1,valid,mobley_6115639
1,valid,mobley_6239320
1,valid,mobley_667278
1,valid,mobley_6727159
1,valid,mobley_7066554
1,valid,mobley_7364468
1,valid,mobley_7393673
1,valid,mobley_7415647
1,valid,mobley_7578802
1,valid,mobley_7676709
1,valid,mobley_7814642
1,valid,mobley_8320545
1,valid,mobley_8427539
1,valid,mobley_8668219
1,valid,mobley_8739734
1,valid,mobley_8765203
1,valid,mobley_8823527
1,valid,mobley_9139060
1,valid,mobley_9414831
1,valid,mobley_9653690
1,valid,mobley_9741965
1,test,mobley_1034539
1,test,mobley_1189457
1,test,mobley_1563176
1,test,mobley_1674094
1,test,mobley_1728386
1,test,mobley_1821184
1,test,mobley_1855337
1,test,mobley_1899443
1,test,mobley_2049967
1,test,mobley_2099370
1,test,mobley_2183616
1,test,mobley_2371092
1,test,mobley_2501588
1,test,mobley_2864987
1,test,mobley_2972906
1,test,mobley_3034976
1,test,mobley_3269819
1,test,mobley_3323117
1,test,mobley_3425174
1,test,mobley_349850
1,test,mobley_3976574
1,test,mobley_4059279
1,test,mobley_4149784
1,test,mobley_4305650
1,test,mobley_468867
1,test,mobley_4699732
1,test,mobley_4850657
1,test,mobley_4893032
1,test,mobley_4924862
1,test,mobley_4983965
1,test,mobley_5123639
1,test,mobley_5220185
1,test,mobley_5282042
1,test,mobley_5347550
1,test,mobley_5393242
1,test,mobley_5499659
1,test,mobley_5510474
1,test,mobley_5571660
1,test,mobley_5852491
1,test,mobley_6416775
1,test,mobley_6474572
1,test,mobley_6733657
1,test,mobley_6861308
1,test,mobley_7017274
1,test,mobley_7227357
1,test,mobley_7455579
1,test,mobley_7599023
1,test,mobley_7690440
1,test,mobley_7893124
1,test,mobley_8011706
1,test,mobley_8260524
1,test,mobley_8436428
1,test,mobley_8573194
1,test,mobley_8705848
1,test,mobley_8746821
1,test,mobley_8809190
1,test,mobley_9015240
1,test,mobley_9028462
1,test,mobley_929676
1,test,mobley_9434451
1,test,mobley_9626434
1,test,mobley_9705941
1,test,mobley_9733743
1,test,mobley_9740891
1,test,mobley_9838013
2,train,mobley_1017962
2,train,mobley_1034539
2,train,mobley_1036761
2,train,mobley_1046331
2,train,mobley_1075836
2,train,mobley_1079207
2,train,mobley_1107178
2,train,mobley_1139153
2,train,mobley_1144156
2,train,mobley_1160109
2,train,mobley_1178614
2,train,mobley_1189457
2,train,mobley_1231151
2,train,mobley_1235151
2,train,mobley_1261349
2,train,mobley_1278715
2,train,mobley_129464
2,train,mobley_1323538
2,train,mobley_1328936
2,train,mobley_1352110
2,train,mobley_1396156
2,train,mobley_1417007
2,train,mobley_1424265
2,train,mobley_1449384
2,train,mobley_1469079
2,train,mobley_1520842
2,train,mobley_1527293
2,train,mobley_1563176
2,train,mobley_1571523
2,train,mobley_1592519
2,train,mobley_1615431
2,train,mobley_1650157
2,train,mobley_1659169
2,train,mobley_1662128
2,train,mobley_1674094
2,train,mobley_1708457
2,train,mobley_1723043
2,train,mobley_172879
2,train,mobley_1733799
2,train,mobley_1743409
2,train,mobley_1755375
2,train,mobley_1760914
2,train,mobley_1770205
2,train,mobley_1781152
2,train,mobley_1792062
2,train,mobley_1800170
2,train,mobley_1827204
2,train,mobley_1849020
2,train,mobley_1857976
2,train,mobley_186894
2,train,mobley_1873346
2,train,mobley_1875719
2,train,mobley_1893815
2,train,mobley_1893937
2,train,mobley_1896013
2,train,mobley_1899443
2,train,mobley_1905088
2,train,mobley_1922649
2,train,mobley_1923244
2,train,mobley_1929982
2,train,mobley_194273
2,train,mobley_1944394
2,train,mobley_1952272
2,train,mobley_1963873
2,train,mobley_1967551
2,train,mobley_1976156
2,train,mobley_1987439
2,train,mobley_2005792
2,train,mobley_2023925
2,train,mobley_2043882
2,train,mobley_2049967
2,train,mobley_20524
2,train,mobley_2068538
2,train,mobley_2099370
2,train,mobley_210639
2,train,mobley_2123854
2,train,mobley_2126135
2,train,mobley_2146331
2,train,mobley_2178600
2,train,mobley_2197088
2,train,mobley_2198613
2,train,mobley_2245668
2,train,mobley_2261979
2,train,mobley_2269032
2,train,mobley_2294995
2,train,mobley_2295058
2,train,mobley_2310185
2,train,mobley_2316618
2,train,mobley_2328633
2,train,mobley_2354112
2,train,mobley_2364370
2,train,mobley_2371092
2,train,mobley_2390199
2,train,mobley_2402487
2,train,mobley_242480
2,train,mobley_2451097
2,train,mobley_2457863
2,train,mobley_2481002
2,train,mobley_2484519
2,train,mobley_2487143
2,train,mobley_2489709
2,train,mobley_2492140
2,train,mobley_2501588
2,train,mobley_2518989
2,train,mobley_2523689
2,train,mobley_252413
2,train,mobley_2577969
2,train,mobley_2607611
2,train,mobley_2609604
2,train,mobley_2613240
2,train,mobley_2636578
2,train,mobley_2659552
2,train,mobley_2661134
2,train,mobley_2681549
2,train,mobley_2689721
2,train,mobley_2693089
2,train,mobley_2725215
2,train,mobley_2725802
2,train,mobley_2727678
2,train,mobley_2751110
2,train,mobley_2763835
2,train,mobley_2782339
2,train,mobley_2784376
2,train,mobley_2789243
2,train,mobley_2802855
2,train,mobley_282648
2,train,mobley_2837389
2,train,mobley_2844990
2,train,mobley_2845466
2,train,mobley_2850833
2,train,mobley_2859600
2,train,mobley_2864987
2,train,mobley_2881590
2,train,mobley_2913224
2,train,mobley_2923700
2,train,mobley_2925352
2,train,mobley_2929847
2,train,mobley_2958326
2,train,mobley_2960202
2,train,mobley_296847
2,train,mobley_2972345
2,train,mobley_2972906
2,train,mobley_299266
2,train,mobley_2996632
2,train,mobley_3006808
2,train,mobley_303222
2,train,mobley_3034976
2,train,mobley_3040612
2,train,mobley_3047364
2,train,mobley_3053621
2,train,mobley_3060426
2,train,mobley_3083321
2,train,mobley_3105103
2,train,mobley_313406
2,train,mobley_3151666
2,train,mobley_3167746
2,train,mobley_3183805
2,train,mobley_3187514
2,train,mobley_3210206
2,train,mobley_3234716
2,train,mobley_3259411
2,train,mobley_3264884
2,train,mobley_3265457
2,train,mobley_3266352
2,train,mobley_3269565
2,train,mobley_3269819
2,train,mobley_3274817
2,train,mobley_3318135
2,train,mobley_3325209
2,train,mobley_337666
2,train,mobley_3378420
2,train,mobley_3395921
2,train,mobley_3398536
2,train,mobley_3425174
2,train,mobley_3452749
2,train,mobley_349850
2,train,mobley_3515580
2,train,mobley_352111
2,train,mobley_3573480
2,train,mobley_36119
2,train,mobley_3663158
2,train,mobley_3682850
2,train,mobley_3690931
2,train,mobley_3709920
2,train,mobley_3715043
2,train,mobley_3727287
2,train,mobley_3746675
2,train,mobley_3761215
2,train,mobley_3762186
2,train,mobley_3775790
2,train,mobley_3777264
2,train,mobley_3843583
2,train,mobley_3867265
2,train,mobley_3968043
2,train,mobley_3968739
2,train,mobley_3969312
2,train,mobley_397645
2,train,mobley_3976574
2,train,mobley_3980099
2,train,mobley_3982371
2,train,mobley_3999471
2,train,mobley_4013838
2,train,mobley_4035953
2,train,mobley_4043951
2,train,mobley_4043987
2,train,mobley_4149784
2,train,mobley_4177472
2,train,mobley_4188615
2,train,mobley_4193752
2,train,mobley_4218209
2,train,mobley_4219614
2,train,mobley_4287564
2,train,mobley_4291494
2,train,mobley_430089
2,train,mobley_4305650
2,train,mobley_4338603
2,train,mobley_4371692
2,train,mobley_4375719
2,train,mobley_4395315
2,train,mobley_4434915
2,train,mobley_4463913
2,train,mobley_4479135
2,train,mobley_4483973
2,train,mobley_4494568
2,train,mobley_4553008
2,train,mobley_4561957
2,train,mobley_4584540
2,train,mobley_4587267
2,train,mobley_4603202
2,train,mobley_4613090
2,train,mobley_4639255
2,train,mobley_4683624
2,train,mobley_4687447
2,train,mobley_468867
2,train,mobley_4690963
2,train,mobley_4694328
2,train,mobley_4699732
2,train,mobley_4759887
2,train,mobley_4762983
2,train,mobley_4792268
2,train,mobley_4845722
2,train,mobley_4850657
2,train,mobley_486214
2,train,mobley_4883284
2,train,mobley_4884177
2,train,mobley_4893032
2,train,mobley_49274
2,train,mobley_4934872
2,train,mobley_4936555
2,train,mobley_4964807
2,train,mobley_4983965
2,train,mobley_5006685
2,train,mobley_5026370
2,train,mobley_5056289
2,train,mobley_5063386
2,train,mobley_5076071
2,train,mobley_5094777
2,train,mobley_5110043
2,train,mobley_511661
2,train,mobley_5123639
2,train,mobley_5157661
2,train,mobley_5200358
2,train,mobley_5220185
2,train,mobley_525934
2,train,mobley_5263791
2,train,mobley_52782
2,train,mobley_5282042
2,train,mobley_5286200
2,train,mobley_5310099
2,train,mobley_5326154
2,train,mobley_5346580
2,train,mobley_5347550
2,train,mobley_5390332
2,train,mobley_5393242
2,train,mobley_5445548
2,train,mobley_5449201
2,train,mobley_5467162
2,train,mobley_5499659
2,train,mobley_550662
2,train,mobley_5510474
2,train,mobley_5518547
2,train,mobley_5520946
2,train,mobley_5538249
2,train,mobley_5561855
2,train,mobley_5616693
2,train,mobley_5627459
2,train,mobley_5631798
2,train,mobley_5665561
2,train,mobley_5690766
2,train,mobley_5692472
2,train,mobley_5708811
2,train,mobley_5732611
2,train,mobley_5747188
2,train,mobley_5747981
2,train,mobley_5759258
2,train,mobley_5760563
2,train,mobley_5816127
2,train,mobley_5852491
2,train,mobley_5857
2,train,mobley_588781
2,train,mobley_5890803
2,train,mobley_590519
2,train,mobley_5917842
2,train,mobley_5935995
2,train,mobley_5948990
2,train,mobley_5952846
2,train,mobley_5977084
2,train,mobley_6006813
2,train,mobley_6055410
2,train,mobley_6060301
2,train,mobley_6082662
2,train,mobley_6091882
2,train,mobley_6102880
2,train,mobley_6115639
2,train,mobley_6175884
2,train,mobley_6190089
2,train,mobley_6195751
2,train,mobley_6198745
2,train,mobley_6201330
2,train,mobley_6232400
2,train,mobley_6235784
2,train,mobley_6248915
2,train,mobley_6250025
2,train,mobley_6257907
2,train,mobley_6266306
2,train,mobley_627267
2,train,mobley_628086
2,train,mobley_628951
2,train,mobley_6303022
2,train,mobley_6309289
2,train,mobley_632905
2,train,mobley_6334915
2,train,mobley_6338073
2,train,mobley_6353617
2,train,mobley_6358463
2,train,mobley_63712
2,train,mobley_637522
2,train,mobley_6416775
2,train,mobley_6430250
2,train,mobley_6474572
2,train,mobley_6497672
2,train,mobley_6522117
2,train,mobley_6571751
2,train,mobley_6619554
2,train,mobley_6620221
2,train,mobley_6632459
2,train,mobley_667278
2,train,mobley_6688723
2,train,mobley_6714389
2,train,mobley_6727159
2,train,mobley_6733657
2,train,mobley_6739648
2,train,mobley_6743808
2,train,mobley_676247
2,train,mobley_6794076
2,train,mobley_6804509
2,train,mobley_6812653
2,train,mobley_6843802
2,train,mobley_6854178
2,train,mobley_6861308
2,train,mobley_6896128
2,train,mobley_6911232
2,train,mobley_6929123
2,train,mobley_6973347
2,train,mobley_6978427
2,train,mobley_6981465
2,train,mobley_6988468
2,train,mobley_7009711
2,train,mobley_7010316
2,train,mobley_7015518
2,train,mobley_7017274
2,train,mobley_7047032
2,train,mobley_7066554
2,train,mobley_7142697
2,train,mobley_7150646
2,train,mobley_7157427
2,train,mobley_7176248
2,train,mobley_7176290
2,train,mobley_718988
2,train,mobley_7203421
2,train,mobley_7227357
2,train,mobley_7239499
2,train,mobley_7261305
2,train,mobley_7295828
2,train,mobley_7298388
2,train,mobley_7326706
2,train,mobley_7364468
2,train,mobley_7375018
2,train,mobley_7378987
2,train,mobley_7393673
2,train,mobley_7415647
2,train,mobley_7417968
2,train,mobley_7455579
2,train,mobley_7463408
2,train,mobley_7463799
2,train,mobley_7497999
2,train,mobley_7532833
2,train,mobley_7542832
2,train,mobley_755351
2,train,mobley_7573149
2,train,mobley_7578802
2,train,mobley_7599023
2,train,mobley_7608435
2,train,mobley_7608462
2,train,mobley_7690440
2,train,mobley_7708038
2,train,mobley_7732703
2,train,mobley_7735340
2,train,mobley_7754849
2,train,mobley_7758918
2,train,mobley_7768165
2,train,mobley_7769613
2,train,mobley_7774695
2,train,mobley_7794077
2,train,mobley_7829570
2,train,mobley_7859387
2,train,mobley_7869158
2,train,mobley_7912193
2,train,mobley_7913234
2,train,mobley_7943327
2,train,mobley_7983227
2,train,mobley_8006582
2,train,mobley_8011706
2,train,mobley_8048190
2,train,mobley_8052240
2,train,mobley_8057732
2,train,mobley_8117218
2,train,mobley_8124669
2,train,mobley_8127829
2,train,mobley_820789
2,train,mobley_8221999
2,train,mobley_8260524
2,train,mobley_8311303
2,train,mobley_8311321
2,train,mobley_8320545
2,train,mobley_8337722
2,train,mobley_8337977
2,train,mobley_8426916
2,train,mobley_8436428
2,train,mobley_8467917
2,train,mobley_8492526
2,train,mobley_8514745
2,train,mobley_8522124
2,train,mobley_8525830
2,train,mobley_852937
2,train,mobley_8573194
2,train,mobley_8578590
2,train,mobley_8614858
2,train,mobley_8668219
2,train,mobley_8685905
2,train,mobley_8691603
2,train,mobley_8705848
2,train,mobley_8713762
2,train,mobley_8723116
2,train,mobley_8739734
2,train,mobley_8746821
2,train,mobley_8754702
2,train,mobley_8764620
2,train,mobley_8765203
2,train,mobley_8772587
2,train,mobley_8785107
2,train,mobley_8798016
2,train,mobley_8809274
2,train,mobley_8823527
2,train,mobley_8827942
2,train,mobley_8882696
2,train,mobley_8883511
2,train,mobley_8885088
2,train,mobley_8899867
2,train,mobley_8983100
2,train,mobley_9007496
2,train,mobley_9015240
2,train,mobley_902954
2,train,mobley_9029594
2,train,mobley_9073553
2,train,mobley_9100956
2,train,mobley_9114381
2,train,mobley_9139060
2,train,mobley_9185328
2,train,mobley_9197172
2,train,mobley_9201263
2,train,mobley_9209581
2,train,mobley_9246215
2,train,mobley_9246351
2,train,mobley_9257453
2,train,mobley_929676
2,train,mobley_9407874
2,train,mobley_9414831
2,train,mobley_9434451
2,train,mobley_9478823
2,train,mobley_9507933
2,train,mobley_951560
2,train,mobley_9534740
2,train,mobley_9557440
2,train,mobley_9565165
2,train,mobley_9617923
2,train,mobley_9624458
2,train,mobley_9626434
2,train,mobley_9653690
2,train,mobley_9671033
2,train,mobley_9705941
2,train,mobley_9717937
2,train,mobley_9740891
2,train,mobley_9794857
2,train,mobley_9821936
2,train,mobley_9838013
2,train,mobley_9883303
2,train,mobley_9897248
2,train,mobley_9913368
2,train,mobley_9942801
2,train,mobley_994483
2,train,mobley_9974966
2,train,mobley_9979854
2,valid,mobley_1019269
2,valid,mobley_1199854
2,valid,mobley_1244778
2,valid,mobley_1328465
2,valid,mobley_1502181
2,valid,mobley_1722522
2,valid,mobley_1735893
2,valid,mobley_1838110
2,valid,mobley_1855337
2,valid,mobley_197466
2,valid,mobley_1977493
2,valid,mobley_2008055
2,valid,mobley_2078467
2,valid,mobley_2143011
2,valid,mobley_2341732
2,valid,mobley_2493732
2,valid,mobley_2517158
2,valid,mobley_2792521
2,valid,mobley_3323117
2,valid,mobley_3546460
2,valid,mobley_3589456
2,valid,mobley_3639400
2,valid,mobley_4039055
2,valid,mobley_4252724
2,valid,mobley_4465023
2,valid,mobley_4609460
2,valid,mobley_4715906
2,valid,mobley_4780078
2,valid,mobley_4924862
2,valid,mobley_5072416
2,valid,mobley_5079234
2,valid,mobley_5494918
2,valid,mobley_5600967
2,valid,mobley_5880265
2,valid,mobley_5973402
2,valid,mobley_6239320
2,valid,mobley_6917738
2,valid,mobley_6935906
2,valid,mobley_7106722
2,valid,mobley_7610437
2,valid,mobley_7676709
2,valid,mobley_778352
2,valid,mobley_7814642
2,valid,mobley_7860938
2,valid,mobley_7977115
2,valid,mobley_7988076
2,valid,mobley_819018
2,valid,mobley_8208692
2,valid,mobley_8427539
2,valid,mobley_8449031
2,valid,mobley_859464
2,valid,mobley_8789465
2,valid,mobley_8809190
2,valid,mobley_8861672
2,valid,mobley_8916409
2,valid,mobley_900088
2,valid,mobley_9055303
2,valid,mobley_9112978
2,valid,mobley_9121449
2,valid,mobley_9281946
2,valid,mobley_9510785
2,valid,mobley_967099
2,valid,mobley_9729792
2,valid,mobley_9733743
2,test,mobley_1363784
2,test,mobley_1636752
2,test,mobley_1717215
2,test,mobley_1728386
2,test,mobley_1803862
2,test,mobley_1821184
2,test,mobley_1858644
2,test,mobley_1881249
2,test,mobley_1903702
2,test,mobley_2183616
2,test,mobley_2213823
2,test,mobley_2279874
2,test,mobley_2410897
2,test,mobley_2422586
2,test,mobley_2771569
2,test,mobley_3144334
2,test,mobley_3169935
2,test,mobley_3201701
2,test,mobley_3211679
2,test,mobley_3359593
2,test,mobley_3370989
2,test,mobley_3414356
2,test,mobley_3525176
2,test,mobley_3572203
2,test,mobley_3686115
2,test,mobley_3738859
2,test,mobley_3802803
2,test,mobley_4059279
2,test,mobley_4364398
2,test,mobley_4506634
2,test,mobley_4620651
2,test,mobley_4630641
2,test,mobley_4678740
2,test,mobley_5003962
2,test,mobley_5052949
2,test,mobley_5311804
2,test,mobley_5371840
2,test,mobley_5456566
2,test,mobley_5471704
2,test,mobley_547634
2,test,mobley_5571660
2,test,mobley_6081058
2,test,mobley_6359135
2,test,mobley_6359156
2,test,mobley_6456034
2,test,mobley_646007
2,test,mobley_664966
2,test,mobley_7039935
2,test,mobley_7099614
2,test,mobley_7200804
2,test,mobley_7326982
2,test,mobley_7360181
2,test,mobley_766666
2,test,mobley_7688753
2,test,mobley_7893124
2,test,mobley_8118832
2,test,mobley_8191186
2,test,mobley_8207196
2,test,mobley_8558116
2,test,mobley_8789864
2,test,mobley_8966374
2,test,mobley_9028462
2,test,mobley_9460824
2,test,mobley_9571888
2,test,mobley_9741965
3,train,mobley_1019269
3,train,mobley_1034539
3,train,mobley_1036761
3,train,mobley_1046331
3,train,mobley_1075836
3,train,mobley_1079207
3,train,mobley_1107178
3,train,mobley_1178614
3,train,mobley_1189457
3,train,mobley_1199854
3,train,mobley_1244778
3,train,mobley_1278715
3,train,mobley_129464
3,train,mobley_1323538
3,train,mobley_1328465
3,train,mobley_1328936
3,train,mobley_1352110
3,train,mobley_1363784
3,train,mobley_1417007
3,train,mobley_1424265
3,train,mobley_1449384
3,train,mobley_1469079
3,train,mobley_1527293
3,train,mobley_1563176
3,train,mobley_1571523
3,train,mobley_1592519
3,train,mobley_1615431
3,train,mobley_1636752
3,train,mobley_1650157
3,train,mobley_1659169
3,train,mobley_1662128
3,train,mobley_1708457
3,train,mobley_1717215
3,train,mobley_1722522
3,train,mobley_1723043
3,train,mobley_1728386
3,train,mobley_1735893
3,train,mobley_1743409
3,train,mobley_1755375
3,train,mobley_1760914
3,train,mobley_1770205
3,train,mobley_1792062
3,train,mobley_1821184
3,train,mobley_1838110
3,train,mobley_1849020
3,train,mobley_1855337
3,train,mobley_1857976
3,train,mobley_1858644
3,train,mobley_186894
3,train,mobley_1873346
3,train,mobley_1875719
3,train,mobley_1881249
3,train,mobley_1893815
3,train,mobley_1893937
3,train,mobley_1896013
3,train,mobley_1899443
3,train,mobley_1903702
3,train,mobley_1922649
3,train,mobley_1929982
3,train,mobley_1952272
3,train,mobley_1963873
3,train,mobley_1967551
3,train,mobley_197466
3,train,mobley_1976156
3,train,mobley_1977493
3,train,mobley_1987439
3,train,mobley_2005792
3,train,mobley_2008055
3,train,mobley_2023925
3,train,mobley_2049967
3,train,mobley_20524
3,train,mobley_2078467
3,train,mobley_210639
3,train,mobley_2123854
3,train,mobley_2126135
3,train,mobley_2146331
3,train,mobley_2183616
3,train,mobley_2197088
3,train,mobley_2198613
3,train,mobley_2213823
3,train,mobley_2245668
3,train,mobley_2261979
3,train,mobley_2269032
3,train,mobley_2279874
3,train,mobley_2295058
3,train,mobley_2310185
3,train,mobley_2316618
3,train,mobley_2364370
3,train,mobley_2371092
3,train,mobley_2390199
3,train,mobley_2402487
3,train,mobley_2410897
3,train,mobley_242480
3,train,mobley_2451097
3,train,mobley_2457863
3,train,mobley_2481002
3,train,mobley_2484519
3,train,mobley_2487143
3,train,mobley_2489709
3,train,mobley_2492140
3,train,mobley_2493732
3,train,mobley_2501588
3,train,mobley_2517158
3,train,mobley_2518989
3,train,mobley_2523689
3,train,mobley_2577969
3,train,mobley_2636578
3,train,mobley_2659552
3,train,mobley_2661134
3,train,mobley_2689721
3,train,mobley_2693089
3,train,mobley_2751110
3,train,mobley_2763835
3,train,mobley_2771569
3,train,mobley_2782339
3,train,mobley_2789243
3,train,mobley_2792521
3,train,mobley_282648
3,train,mobley_2844990
3,train,mobley_2845466
3,train,mobley_2850833
3,train,mobley_2864987
3,train,mobley_2881590
3,train,mobley_2913224
3,train,mobley_2923700
3,train,mobley_2925352
3,train,mobley_2929847
3,train,mobley_2958326
3,train,mobley_2960202
3,train,mobley_296847
3,train,mobley_2972345
3,train,mobley_2972906
3,train,mobley_299266
3,train,mobley_2996632
3,train,mobley_3006808
3,train,mobley_3034976
3,train,mobley_3040612
3,train,mobley_3047364
3,train,mobley_3053621
3,train,mobley_3060426
3,train,mobley_3083321
3,train,mobley_3105103
3,train,mobley_313406
3,train,mobley_3144334
3,train,mobley_3151666
3,train,mobley_3167746
3,train,mobley_3169935
3,train,mobley_3187514
3,train,mobley_3201701
3,train,mobley_3210206
3,train,mobley_3234716
3,train,mobley_3259411
3,train,mobley_3264884
3,train,mobley_3265457
3,train,mobley_3266352
3,train,mobley_3269565
3,train,mobley_3269819
3,train,mobley_3318135
3,train,mobley_3325209
3,train,mobley_3359593
3,train,mobley_3370989
3,train,mobley_337666
3,train,mobley_3378420
3,train,mobley_3395921
3,train,mobley_3398536
3,train,mobley_3414356
3,train,mobley_3425174
3,train,mobley_3452749
3,train,mobley_349850
3,train,mobley_3515580
3,train,mobley_352111
3,train,mobley_3525176
3,train,mobley_3546460
3,train,mobley_3572203
3,train,mobley_3573480
3,train,mobley_3589456
3,train,mobley_36119
3,train,mobley_3639400
3,train,mobley_3663158
3,train,mobley_3682850
3,train,mobley_3686115
3,train,mobley_3690931
3,train,mobley_3709920
3,train,mobley_3715043
3,train,mobley_3727287
3,train,mobley_3738859
3,train,mobley_3746675
3,train,mobley_3761215
3,train,mobley_3775790
3,train,mobley_3777264
3,train,mobley_3802803
3,train,mobley_3843583
3,train,mobley_3968043
3,train,mobley_3969312
3,train,mobley_397645
3,train,mobley_3976574
3,train,mobley_3980099
3,train,mobley_3982371
3,train,mobley_3999471
3,train,mobley_4013838
3,train,mobley_4035953
3,train,mobley_4039055
3,train,mobley_4043951
3,train,mobley_4149784
3,train,mobley_4177472
3,train,mobley_4188615
3,train,mobley_4193752
3,train,mobley_4218209
3,train,mobley_4252724
3,train,mobley_4291494
3,train,mobley_4305650
3,train,mobley_4338603
3,train,mobley_4364398
3,train,mobley_4395315
3,train,mobley_4463913
3,train,mobley_4479135
3,train,mobley_4483973
3,train,mobley_4494568
3,train,mobley_4553008
3,train,mobley_4561957
3,train,mobley_4584540
3,train,mobley_4587267
3,train,mobley_4603202
3,train,mobley_4609460
3,train,mobley_4620651
3,train,mobley_4630641
3,train,mobley_4639255
3,train,mobley_4683624
3,train,mobley_4687447
3,train,mobley_468867
3,train,mobley_4690963
3,train,mobley_4694328
3,train,mobley_4699732
3,train,mobley_4715906
3,train,mobley_4762983
3,train,mobley_4780078
3,train,mobley_4792268
3,train,mobley_4845722
3,train,mobley_4883284
3,train,mobley_4893032
3,train,mobley_49274
3,train,mobley_4934872
3,train,mobley_4936555
3,train,mobley_4983965
3,train,mobley_5003962
3,train,mobley_5006685
3,train,mobley_5052949
3,train,mobley_5063386
3,train,mobley_5072416
3,train,mobley_5076071
3,train,mobley_5079234
3,train,mobley_5094777
3,train,mobley_5110043
3,train,mobley_511661
3,train,mobley_5123639
3,train,mobley_5157661
3,train,mobley_5200358
3,train,mobley_5220185
3,train,mobley_525934
3,train,mobley_5286200
3,train,mobley_5310099
3,train,mobley_5311804
3,train,mobley_5326154
3,train,mobley_5346580
3,train,mobley_5347550
3,train,mobley_5371840
3,train,mobley_5390332
3,train,mobley_5393242
3,train,mobley_5445548
3,train,mobley_5449201
3,train,mobley_5467162
3,train,mobley_5471704
3,train,mobley_547634
3,train,mobley_5494918
3,train,mobley_5499659
3,train,mobley_5510474
3,train,mobley_5518547
3,train,mobley_5520946
3,train,mobley_5538249
3,train,mobley_5561855
3,train,mobley_5600967
3,train,mobley_5631798
3,train,mobley_5665561
3,train,mobley_5690766
3,train,mobley_5692472
3,train,mobley_5708811
3,train,mobley_5732611
3,train,mobley_5747188
3,train,mobley_5747981
3,train,mobley_5759258
3,train,mobley_5760563
3,train,mobley_5816127
3,train,mobley_5857
3,train,mobley_5880265
3,train,mobley_588781
3,train,mobley_5890803
3,train,mobley_590519
3,train,mobley_5917842
3,train,mobley_5935995
3,train,mobley_5948990
3,train,mobley_5952846
3,train,mobley_5973402
3,train,mobley_5977084
3,train,mobley_6006813
3,train,mobley_6055410
3,train,mobley_6060301
3,train,mobley_6081058
3,train,mobley_6082662
3,train,mobley_6091882
3,train,mobley_6102880
3,train,mobley_6175884
3,train,mobley_6190089
3,train,mobley_6195751
3,train,mobley_6198745
3,train,mobley_6201330
3,train,mobley_6232400
3,train,mobley_6235784
3,train,mobley_6239320
3,train,mobley_6248915
3,train,mobley_6250025
3,train,mobley_6257907
3,train,mobley_6266306
3,train,mobley_627267
3,train,mobley_6303022
3,train,mobley_6309289
3,train,mobley_632905
3,train,mobley_6334915
3,train,mobley_6338073
3,train,mobley_6353617
3,train,mobley_6358463
3,train,mobley_6359135
3,train,mobley_6359156
3,train,mobley_63712
3,train,mobley_637522
3,train,mobley_6430250
3,train,mobley_6456034
3,train,mobley_646007
3,train,mobley_6474572
3,train,mobley_6522117
3,train,mobley_6619554
3,train,mobley_6620221
3,train,mobley_6632459
3,train,mobley_664966
3,train,mobley_667278
3,train,mobley_6714389
3,train,mobley_6727159
3,train,mobley_6733657
3,train,mobley_6739648
3,train,mobley_6743808
3,train,mobley_676247
3,train,mobley_6812653
3,train,mobley_6843802
3,train,mobley_6854178
3,train,mobley_6896128
3,train,mobley_6911232
3,train,mobley_6917738
3,train,mobley_6929123
3,train,mobley_6935906
3,train,mobley_6973347
3,train,mobley_6978427
3,train,mobley_6981465
3,train,mobley_6988468
3,train,mobley_7009711
3,train,mobley_7017274
3,train,mobley_7047032
3,train,mobley_7106722
3,train,mobley_7142697
3,train,mobley_7150646
3,train,mobley_7176248
3,train,mobley_7176290
3,train,mobley_718988
3,train,mobley_7200804
3,train,mobley_7227357
3,train,mobley_7261305
3,train,mobley_7295828
3,train,mobley_7326706
3,train,mobley_7364468
3,train,mobley_7375018
3,train,mobley_7378987
3,train,mobley_7393673
3,train,mobley_7415647
3,train,mobley_7455579
3,train,mobley_7463408
3,train,mobley_7463799
3,train,mobley_7497999
3,train,mobley_7542832
3,train,mobley_755351
3,train,mobley_7573149
3,train,mobley_7578802
3,train,mobley_7599023
3,train,mobley_7608435
3,train,mobley_7610437
3,train,mobley_766666
3,train,mobley_7676709
3,train,mobley_7688753
3,train,mobley_7690440
3,train,mobley_7708038
3,train,mobley_7732703
3,train,mobley_7735340
3,train,mobley_7754849
3,train,mobley_7758918
3,train,mobley_7768165
3,train,mobley_7769613
3,train,mobley_778352
3,train,mobley_7794077
3,train,mobley_7814642
3,train,mobley_7829570
3,train,mobley_7859387
3,train,mobley_7860938
3,train,mobley_7943327
3,train,mobley_7977115
3,train,mobley_7983227
3,train,mobley_8006582
3,train,mobley_8011706
3,train,mobley_8048190
3,train,mobley_8052240
3,train,mobley_8057732
3,train,mobley_8117218
3,train,mobley_8118832
3,train,mobley_8124669
3,train,mobley_819018
3,train,mobley_8191186
3,train,mobley_8207196
3,train,mobley_820789
3,train,mobley_8208692
3,train,mobley_8221999
3,train,mobley_8260524
3,train,mobley_8311303
3,train,mobley_8311321
3,train,mobley_8320545
3,train,mobley_8337977
3,train,mobley_8426916
3,train,mobley_8427539
3,train,mobley_8436428
3,train,mobley_8449031
3,train,mobley_8467917
3,train,mobley_8492526
3,train,mobley_8514745
3,train,mobley_8525830
3,train,mobley_8558116
3,train,mobley_8573194
3,train,mobley_8578590
3,train,mobley_8614858
3,train,mobley_8685905
3,train,mobley_8691603
3,train,mobley_8705848
3,train,mobley_8713762
3,train,mobley_8723116
3,train,mobley_8739734
3,train,mobley_8746821
3,train,mobley_8754702
3,train,mobley_8764620
3,train,mobley_8765203
3,train,mobley_8785107
3,train,mobley_8789465
3,train,mobley_8789864
3,train,mobley_8798016
3,train,mobley_8809190
3,train,mobley_8809274
3,train,mobley_8823527
3,train,mobley_8882696
3,train,mobley_8883511
3,train,mobley_8885088
3,train,mobley_8916409
3,train,mobley_8966374
3,train,mobley_900088
3,train,mobley_9007496
3,train,mobley_9015240
3,train,mobley_9028462
3,train,mobley_902954
3,train,mobley_9029594
3,train,mobley_9055303
3,train,mobley_9073553
3,train,mobley_9100956
3,train,mobley_9112978
3,train,mobley_9114381
3,train,mobley_9121449
3,train,mobley_9139060
3,train,mobley_9197172
3,train,mobley_9209581
3,train,mobley_9246215
3,train,mobley_9246351
3,train,mobley_9257453
3,train,mobley_9281946
3,train,mobley_929676
3,train,mobley_9407874
3,train,mobley_9434451
3,train,mobley_9478823
3,train,mobley_9510785
3,train,mobley_9534740
3,train,mobley_9557440
3,train,mobley_9565165
3,train,mobley_9571888
3,train,mobley_9617923
3,train,mobley_9624458
3,train,mobley_9626434
3,train,mobley_9653690
3,train,mobley_9671033
3,train,mobley_9705941
3,train,mobley_9717937
3,train,mobley_9729792
3,train,mobley_9733743
3,train,mobley_9740891
3,train,mobley_9741965
3,train,mobley_9794857
3,train,mobley_9821936
3,train,mobley_9838013
3,train,mobley_9883303
3,train,mobley_9913368
3,train,mobley_9942801
3,train,mobley_994483
3,train,mobley_9974966
3,train,mobley_9979854
3,valid,mobley_1017962
3,valid,mobley_1144156
3,valid,mobley_1235151
3,valid,mobley_1261349
3,valid,mobley_1396156
3,valid,mobley_1502181
3,valid,mobley_1520842
3,valid,mobley_1674094
3,valid,mobley_1733799
3,valid,mobley_1800170
3,valid,mobley_1803862
3,valid,mobley_1905088
3,valid,mobley_2068538
3,valid,mobley_2099370
3,valid,mobley_2143011
3,valid,mobley_2178600
3,valid,mobley_2294995
3,valid,mobley_2328633
3,valid,mobley_2341732
3,valid,mobley_2354112
3,valid,mobley_2422586
3,valid,mobley_252413
3,valid,mobley_2607611
3,valid,mobley_2609604
3,valid,mobley_2613240
3,valid,mobley_2725215
3,valid,mobley_2837389
3,valid,mobley_2859600
3,valid,mobley_3183805
3,valid,mobley_3323117
3,valid,mobley_3762186
3,valid,mobley_3867265
3,valid,mobley_3968739
3,valid,mobley_4465023
3,valid,mobley_4506634
3,valid,mobley_4759887
3,valid,mobley_4850657
3,valid,mobley_4924862
3,valid,mobley_52782
3,valid,mobley_5571660
3,valid,mobley_628086
3,valid,mobley_6794076
3,valid,mobley_6804509
3,valid,mobley_6861308
3,valid,mobley_7015518
3,valid,mobley_7039935
3,valid,mobley_7066554
3,valid,mobley_7099614
3,valid,mobley_7157427
3,valid,mobley_7203421
3,valid,mobley_7239499
3,valid,mobley_7298388
3,valid,mobley_7326982
3,valid,mobley_7360181
3,valid,mobley_7608462
3,valid,mobley_7774695
3,valid,mobley_7869158
3,valid,mobley_7913234
3,valid,mobley_7988076
3,valid,mobley_8127829
3,valid,mobley_8668219
3,valid,mobley_8827942
3,valid,mobley_9185328
3,valid,mobley_951560
3,test,mobley_1139153
3,test,mobley_1160109
3,test,mobley_1231151
3,test,mobley_172879
3,test,mobley_1781152
3,test,mobley_1827204
3,test,mobley_1923244
3,test,mobley_194273
3,test,mobley_1944394
3,test,mobley_2043882
3,test,mobley_2681549
3,test,mobley_2725802
3,test,mobley_2727678
3,test,mobley_2784376
3,test,mobley_2802855
3,test,mobley_303222
3,test,mobley_3211679
3,test,mobley_3274817
3,test,mobley_4043987
3,test,mobley_4059279
3,test,mobley_4219614
3,test,mobley_4287564
3,test,mobley_430089
3,test,mobley_4371692
3,test,mobley_4375719
3,test,mobley_4434915
3,test,mobley_4613090
3,test,mobley_4678740
3,test,mobley_486214
3,test,mobley_4884177
3,test,mobley_4964807
3,test,mobley_5026370
3,test,mobley_5056289
3,test,mobley_5263791
3,test,mobley_5282042
3,test,mobley_5456566
3,test,mobley_550662
3,test,mobley_5616693
3,test,mobley_5627459
3,test,mobley_5852491
3,test,mobley_6115639
3,test,mobley_628951
3,test,mobley_6416775
3,test,mobley_6497672
3,test,mobley_6571751
3,test,mobley_6688723
3,test,mobley_7010316
3,test,mobley_7417968
3,test,mobley_7532833
3,test,mobley_7893124
3,test,mobley_7912193
3,test,mobley_8337722
3,test,mobley_8522124
3,test,mobley_852937
3,test,mobley_859464
3,test,mobley_8772587
3,test,mobley_8861672
3,test,mobley_8899867
3,test,mobley_8983100
3,test,mobley_9201263
3,test,mobley_9414831
3,test,mobley_9460824
3,test,mobley_9507933
3,test,mobley_967099
3,test,mobley_9897248
4,train,mobley_1017962
4,train,mobley_1034539
4,train,mobley_1036761
4,train,mobley_1075836
4,train,mobley_1079207
4,train,mobley_1107178
4,train,mobley_1139153
4,train,mobley_1160109
4,train,mobley_1178614
4,train,mobley_1189457
4,train,mobley_1199854
4,train,mobley_1231151
4,train,mobley_1235151
4,train,mobley_1244778
4,train,mobley_1261349
4,train,mobley_1278715
4,train,mobley_129464
4,train,mobley_1323538
4,train,mobley_1328465
4,train,mobley_1352110
4,train,mobley_1363784
4,train,mobley_1396156
4,train,mobley_1417007
4,train,mobley_1424265
4,train,mobley_1449384
4,train,mobley_1469079
4,train,mobley_1502181
4,train,mobley_1520842
4,train,mobley_1527293
4,train,mobley_1563176
4,train,mobley_1571523
4,train,mobley_1592519
4,train,mobley_1615431
4,train,mobley_1636752
4,train,mobley_1650157
4,train,mobley_1659169
4,train,mobley_1662128
4,train,mobley_1674094
4,train,mobley_1708457
4,train,mobley_1717215
4,train,mobley_1722522
4,train,mobley_1723043
4,train,mobley_1728386
4,train,mobley_1755375
4,train,mobley_1760914
4,train,mobley_1770205
4,train,mobley_1800170
4,train,mobley_1803862
4,train,mobley_1821184
4,train,mobley_1838110
4,train,mobley_1849020
4,train,mobley_1857976
4,train,mobley_1858644
4,train,mobley_186894
4,train,mobley_1873346
4,train,mobley_1875719
4,train,mobley_1881249
4,train,mobley_1893815
4,train,mobley_1893937
4,train,mobley_1896013
4,train,mobley_1899443
4,train,mobley_1903702
4,train,mobley_1905088
4,train,mobley_1923244
4,train,mobley_1929982
4,train,mobley_194273
4,train,mobley_1944394
4,train,mobley_1952272
4,train,mobley_1967551
4,train,mobley_197466
4,train,mobley_1976156
4,train,mobley_1977493
4,train,mobley_2008055
4,train,mobley_2023925
4,train,mobley_2043882
4,train,mobley_2049967
4,train,mobley_20524
4,train,mobley_2068538
4,train,mobley_2078467
4,train,mobley_2099370
4,train,mobley_2123854
4,train,mobley_2126135
4,train,mobley_2143011
4,train,mobley_2146331
4,train,mobley_2178600
4,train,mobley_2183616
4,train,mobley_2197088
4,train,mobley_2198613
4,train,mobley_2213823
4,train,mobley_2245668
4,train,mobley_2261979
4,train,mobley_2269032
4,train,mobley_2279874
4,train,mobley_2294995
4,train,mobley_2310185
4,train,mobley_2316618
4,train,mobley_2328633
4,train,mobley_2354112
4,train,mobley_2364370
4,train,mobley_2371092
4,train,mobley_2390199
4,train,mobley_2410897
4,train,mobley_2422586
4,train,mobley_2451097
4,train,mobley_2457863
4,train,mobley_2481002
4,train,mobley_2484519
4,train,mobley_2487143
4,train,mobley_2492140
4,train,mobley_2493732
4,train,mobley_2517158
4,train,mobley_2518989
4,train,mobley_2523689
4,train,mobley_252413
4,train,mobley_2577969
4,train,mobley_2607611
4,train,mobley_2613240
4,train,mobley_2659552
4,train,mobley_2681549
4,train,mobley_2689721
4,train,mobley_2693089
4,train,mobley_2725215
4,train,mobley_2725802
4,train,mobley_2727678
4,train,mobley_2763835
4,train,mobley_2771569
4,train,mobley_2782339
4,train,mobley_2784376
4,train,mobley_2792521
4,train,mobley_282648
4,train,mobley_2837389
4,train,mobley_2844990
4,train,mobley_2845466
4,train,mobley_2850833
4,train,mobley_2859600
4,train,mobley_2864987
4,train,mobley_2881590
4,train,mobley_2925352
4,train,mobley_2929847
4,train,mobley_2958326
4,train,mobley_2960202
4,train,mobley_296847
4,train,mobley_2972345
4,train,mobley_2972906
4,train,mobley_299266
4,train,mobley_2996632
4,train,mobley_3006808
4,train,mobley_303222
4,train,mobley_3034976
4,train,mobley_3040612
4,train,mobley_3053621
4,train,mobley_3060426
4,train,mobley_3083321
4,train,mobley_3105103
4,train,mobley_313406
4,train,mobley_3144334
4,train,mobley_3151666
4,train,mobley_3167746
4,train,mobley_3169935
4,train,mobley_3187514
4,train,mobley_3201701
4,train,mobley_3210206
4,train,mobley_3211679
4,train,mobley_3234716
4,train,mobley_3264884
4,train,mobley_3265457
4,train,mobley_3266352
4,train,mobley_3269819
4,train,mobley_3274817
4,train,mobley_3359593
4,train,mobley_3370989
4,train,mobley_337666
4,train,mobley_3378420
4,train,mobley_3395921
4,train,mobley_3398536
4,train,mobley_3414356
4,train,mobley_3425174
4,train,mobley_3452749
4,train,mobley_3515580
4,train,mobley_352111
4,train,mobley_3525176
4,train,mobley_3546460
4,train,mobley_3573480
4,train,mobley_36119
4,train,mobley_3663158
4,train,mobley_3682850
4,train,mobley_3686115
4,train,mobley_3690931
4,train,mobley_3709920
4,train,mobley_3715043
4,train,mobley_3738859
4,train,mobley_3746675
4,train,mobley_3777264
4,train,mobley_3802803
4,train,mobley_3843583
4,train,mobley_3867265
4,train,mobley_3968043
4,train,mobley_3968739
4,train,mobley_3969312
4,train,mobley_397645
4,train,mobley_3976574
4,train,mobley_3999471
4,train,mobley_4013838
4,train,mobley_4035953
4,train,mobley_4043951
4,train,mobley_4043987
4,train,mobley_4059279
4,train,mobley_4188615
4,train,mobley_4193752
4,train,mobley_4218209
4,train,mobley_4219614
4,train,mobley_4287564
4,train,mobley_4291494
4,train,mobley_4338603
4,train,mobley_4364398
4,train,mobley_4371692
4,train,mobley_4375719
4,train,mobley_4395315
4,train,mobley_4434915
4,train,mobley_4463913
4,train,mobley_4465023
4,train,mobley_4479135
4,train,mobley_4483973
4,train,mobley_4506634
4,train,mobley_4553008
4,train,mobley_4561957
4,train,mobley_4584540
4,train,mobley_4603202
4,train,mobley_4609460
4,train,mobley_4613090
4,train,mobley_4620651
4,train,mobley_4630641
4,train,mobley_4639255
4,train,mobley_4683624
4,train,mobley_4687447
4,train,mobley_468867
4,train,mobley_4690963
4,train,mobley_4694328
4,train,mobley_4699732
4,train,mobley_4759887
4,train,mobley_4762983
4,train,mobley_4780078
4,train,mobley_4792268
4,train,mobley_4845722
4,train,mobley_4850657
4,train,mobley_486214
4,train,mobley_4883284
4,train,mobley_4884177
4,train,mobley_4893032
4,train,mobley_4924862
4,train,mobley_49274
4,train,mobley_4936555
4,train,mobley_4964807
4,train,mobley_5003962
4,train,mobley_5026370
4,train,mobley_5052949
4,train,mobley_5056289
4,train,mobley_5063386
4,train,mobley_5072416
4,train,mobley_5076071
4,train,mobley_5079234
4,train,mobley_5094777
4,train,mobley_5110043
4,train,mobley_5157661
4,train,mobley_5200358
4,train,mobley_5220185
4,train,mobley_525934
4,train,mobley_5263791
4,train,mobley_5282042
4,train,mobley_5286200
4,train,mobley_5310099
4,train,mobley_5311804
4,train,mobley_5346580
4,train,mobley_5347550
4,train,mobley_5390332
4,train,mobley_5393242
4,train,mobley_5445548
4,train,mobley_5449201
4,train,mobley_5456566
4,train,mobley_5467162
4,train,mobley_5471704
4,train,mobley_547634
4,train,mobley_5494918
4,train,mobley_5499659
4,train,mobley_550662
4,train,mobley_5510474
4,train,mobley_5518547
4,train,mobley_5561855
4,train,mobley_5571660
4,train,mobley_5600967
4,train,mobley_5616693
4,train,mobley_5690766
4,train,mobley_5692472
4,train,mobley_5732611
4,train,mobley_5747188
4,train,mobley_5747981
4,train,mobley_5760563
4,train,mobley_5816127
4,train,mobley_5852491
4,train,mobley_5857
4,train,mobley_5880265
4,train,mobley_588781
4,train,mobley_590519
4,train,mobley_5917842
4,train,mobley_5935995
4,train,mobley_5973402
4,train,mobley_6006813
4,train,mobley_6055410
4,train,mobley_6081058
4,train,mobley_6082662
4,train,mobley_6091882
4,train,mobley_6115639
4,train,mobley_6175884
4,train,mobley_6195751
4,train,mobley_6198745
4,train,mobley_6201330
4,train,mobley_6235784
4,train,mobley_6239320
4,train,mobley_627267
4,train,mobley_628086
4,train,mobley_628951
4,train,mobley_6334915
4,train,mobley_6338073
4,train,mobley_6353617
4,train,mobley_6358463
4,train,mobley_6359135
4,train,mobley_6359156
4,train,mobley_6416775
4,train,mobley_6456034
4,train,mobley_646007
4,train,mobley_6474572
4,train,mobley_6497672
4,train,mobley_6522117
4,train,mobley_6571751
4,train,mobley_6619554
4,train,mobley_6620221
4,train,mobley_6632459
4,train,mobley_664966
4,train,mobley_667278
4,train,mobley_6688723
4,train,mobley_6714389
4,train,mobley_6727159
4,train,mobley_6733657
4,train,mobley_6739648
4,train,mobley_6743808
4,train,mobley_676247
4,train,mobley_6804509
4,train,mobley_6843802
4,train,mobley_6854178
4,train,mobley_6861308
4,train,mobley_6896128
4,train,mobley_6911232
4,train,mobley_6917738
4,train,mobley_6929123
4,train,mobley_6935906
4,train,mobley_6973347
4,train,mobley_6988468
4,train,mobley_7009711
4,train,mobley_7010316
4,train,mobley_7015518
4,train,mobley_7017274
4,train,mobley_7039935
4,train,mobley_7047032
4,train,mobley_7099614
4,train,mobley_7106722
4,train,mobley_7142697
4,train,mobley_7150646
4,train,mobley_7157427
4,train,mobley_7176248
4,train,mobley_7176290
4,train,mobley_718988
4,train,mobley_7200804
4,train,mobley_7203421
4,train,mobley_7227357
4,train,mobley_7239499
4,train,mobley_7261305
4,train,mobley_7326706
4,train,mobley_7326982
4,train,mobley_7364468
4,train,mobley_7375018
4,train,mobley_7378987
4,train,mobley_7393673
4,train,mobley_7417968
4,train,mobley_7455579
4,train,mobley_7463408
4,train,mobley_7463799
4,train,mobley_7497999
4,train,mobley_7532833
4,train,mobley_7542832
4,train,mobley_7578802
4,train,mobley_7599023
4,train,mobley_7608435
4,train,mobley_7608462
4,train,mobley_766666
4,train,mobley_7676709
4,train,mobley_7688753
4,train,mobley_7690440
4,train,mobley_7708038
4,train,mobley_7732703
4,train,mobley_7754849
4,train,mobley_7758918
4,train,mobley_7768165
4,train,mobley_7769613
4,train,mobley_7774695
4,train,mobley_7794077
4,train,mobley_7814642
4,train,mobley_7829570
4,train,mobley_7859387
4,train,mobley_7860938
4,train,mobley_7893124
4,train,mobley_7912193
4,train,mobley_7913234
4,train,mobley_7943327
4,train,mobley_7977115
4,train,mobley_7983227
4,train,mobley_7988076
4,train,mobley_8006582
4,train,mobley_8011706
4,train,mobley_8048190
4,train,mobley_8052240
4,train,mobley_8057732
4,train,mobley_8117218
4,train,mobley_8118832
4,train,mobley_8207196
4,train,mobley_820789
4,train,mobley_8208692
4,train,mobley_8221999
4,train,mobley_8260524
4,train,mobley_8311303
4,train,mobley_8311321
4,train,mobley_8320545
4,train,mobley_8337722
4,train,mobley_8426916
4,train,mobley_8427539
4,train,mobley_8436428
4,train,mobley_8449031
4,train,mobley_8467917
4,train,mobley_8492526
4,train,mobley_8514745
4,train,mobley_8522124
4,train,mobley_8525830
4,train,mobley_852937
4,train,mobley_8558116
4,train,mobley_8573194
4,train,mobley_859464
4,train,mobley_8614858
4,train,mobley_8668219
4,train,mobley_8685905
4,train,mobley_8691603
4,train,mobley_8705848
4,train,mobley_8713762
4,train,mobley_8723116
4,train,mobley_8739734
4,train,mobley_8754702
4,train,mobley_8765203
4,train,mobley_8772587
4,train,mobley_8785107
4,train,mobley_8789864
4,train,mobley_8798016
4,train,mobley_8809274
4,train,mobley_8823527
4,train,mobley_8827942
4,train,mobley_8861672
4,train,mobley_8899867
4,train,mobley_8916409
4,train,mobley_8966374
4,train,mobley_9007496
4,train,mobley_9015240
4,train,mobley_9028462
4,train,mobley_902954
4,train,mobley_9029594
4,train,mobley_9055303
4,train,mobley_9073553
4,train,mobley_9100956
4,train,mobley_9114381
4,train,mobley_9121449
4,train,mobley_9139060
4,train,mobley_9197172
4,train,mobley_9201263
4,train,mobley_9209581
4,train,mobley_9246215
4,train,mobley_9246351
4,train,mobley_9257453
4,train,mobley_9281946
4,train,mobley_9407874
4,train,mobley_9414831
4,train,mobley_9434451
4,train,mobley_9460824
4,train,mobley_9478823
4,train,mobley_9507933
4,train,mobley_9510785
4,train,mobley_951560
4,train,mobley_9534740
4,train,mobley_9557440
4,train,mobley_9565165
4,train,mobley_9571888
4,train,mobley_9617923
4,train,mobley_9624458
4,train,mobley_9626434
4,train,mobley_9653690
4,train,mobley_967099
4,train,mobley_9671033
4,train,mobley_9717937
4,train,mobley_9740891
4,train,mobley_9741965
4,train,mobley_9794857
4,train,mobley_9838013
4,train,mobley_9883303
4,train,mobley_9913368
4,train,mobley_9942801
4,train,mobley_994483
4,train,mobley_9974966
4,train,mobley_9979854
4,valid,mobley_172879
4,valid,mobley_1735893
4,valid,mobley_1743409
4,valid,mobley_1827204
4,valid,mobley_1922649
4,valid,mobley_2005792
4,valid,mobley_2341732
4,valid,mobley_2501588
4,valid,mobley_2751110
4,valid,mobley_2802855
4,valid,mobley_2913224
4,valid,mobley_2923700
4,valid,mobley_3269565
4,valid,mobley_3325209
4,valid,mobley_349850
4,valid,mobley_3589456
4,valid,mobley_3639400
4,valid,mobley_3727287
4,valid,mobley_3761215
4,valid,mobley_3762186
4,valid,mobley_3775790
4,valid,mobley_3980099
4,valid,mobley_4039055
4,valid,mobley_4149784
4,valid,mobley_4177472
4,valid,mobley_4305650
4,valid,mobley_4587267
4,valid,mobley_4715906
4,valid,mobley_4983965
4,valid,mobley_5006685
4,valid,mobley_52782
4,valid,mobley_5520946
4,valid,mobley_5631798
4,valid,mobley_5708811
4,valid,mobley_5759258
4,valid,mobley_5890803
4,valid,mobley_6060301
4,valid,mobley_6102880
4,valid,mobley_6190089
4,valid,mobley_6232400
4,valid,mobley_6250025
4,valid,mobley_6303022
4,valid,mobley_63712
4,valid,mobley_637522
4,valid,mobley_6978427
4,valid,mobley_7066554
4,valid,mobley_7295828
4,valid,mobley_7298388
4,valid,mobley_7360181
4,valid,mobley_7573149
4,valid,mobley_7735340
4,valid,mobley_778352
4,valid,mobley_7869158
4,valid,mobley_819018
4,valid,mobley_8578590
4,valid,mobley_8746821
4,valid,mobley_8764620
4,valid,mobley_8789465
4,valid,mobley_8882696
4,valid,mobley_8885088
4,valid,mobley_9112978
4,valid,mobley_9729792
4,valid,mobley_9733743
4,valid,mobley_9821936
4,test,mobley_1019269
4,test,mobley_1046331
4,test,mobley_1144156
4,test,mobley_1328936
4,test,mobley_1733799
4,test,mobley_1781152
4,test,mobley_1792062
4,test,mobley_1855337
4,test,mobley_1963873
4,test,mobley_1987439
4,test,mobley_210639
4,test,mobley_2295058
4,test,mobley_2402487
4,test,mobley_242480
4,test,mobley_2489709
4,test,mobley_2609604
4,test,mobley_2636578
4,test,mobley_2661134
4,test,mobley_2789243
4,test,mobley_3047364
4,test,mobley_3183805
4,test,mobley_3259411
4,test,mobley_3318135
4,test,mobley_3323117
4,test,mobley_3572203
4,test,mobley_3982371
4,test,mobley_4252724
4,test,mobley_430089
4,test,mobley_4494568
4,test,mobley_4678740
4,test,mobley_4934872
4,test,mobley_511661
4,test,mobley_5123639
4,test,mobley_5326154
4,test,mobley_5371840
4,test,mobley_5538249
4,test,mobley_5627459
4,test,mobley_5665561
4,test,mobley_5948990
4,test,mobley_5952846
4,test,mobley_5977084
4,test,mobley_6248915
4,test,mobley_6257907
4,test,mobley_6266306
4,test,mobley_6309289
4,test,mobley_632905
4,test,mobley_6430250
4,test,mobley_6794076
4,test,mobley_6812653
4,test,mobley_6981465
4,test,mobley_7415647
4,test,mobley_755351
4,test,mobley_7610437
4,test,mobley_8124669
4,test,mobley_8127829
4,test,mobley_8191186
4,test,mobley_8337977
4,test,mobley_8809190
4,test,mobley_8883511
4,test,mobley_8983100
4,test,mobley_900088
4,test,mobley_9185328
4,test,mobley_929676
4,test,mobley_9705941
4,test,mobley_9897248
5,train,mobley_1017962
5,train,mobley_1019269
5,train,mobley_1034539
5,train,mobley_1036761
5,train,mobley_1046331
5,train,mobley_1079207
5,train,mobley_1107178
5,train,mobley_1139153
5,train,mobley_1144156
5,train,mobley_1160109
5,train,mobley_1178614
5,train,mobley_1189457
5,train,mobley_1231151
5,train,mobley_1244778
5,train,mobley_1261349
5,train,mobley_1278715
5,train,mobley_129464
5,train,mobley_1323538
5,train,mobley_1328465
5,train,mobley_1328936
5,train,mobley_1352110
5,train,mobley_1396156
5,train,mobley_1417007
5,train,mobley_1424265
5,train,mobley_1449384
5,train,mobley_1469079
5,train,mobley_1502181
5,train,mobley_1520842
5,train,mobley_1527293
5,train,mobley_1563176
5,train,mobley_1571523
5,train,mobley_1592519
5,train,mobley_1615431
5,train,mobley_1636752
5,train,mobley_1650157
5,train,mobley_1659169
5,train,mobley_1662128
5,train,mobley_1674094
5,train,mobley_1717215
5,train,mobley_1722522
5,train,mobley_1728386
5,train,mobley_172879
5,train,mobley_1735893
5,train,mobley_1743409
5,train,mobley_1755375
5,train,mobley_1760914
5,train,mobley_1770205
5,train,mobley_1781152
5,train,mobley_1792062
5,train,mobley_1803862
5,train,mobley_1827204
5,train,mobley_1838110
5,train,mobley_1849020
5,train,mobley_1855337
5,train,mobley_1858644
5,train,mobley_1873346
5,train,mobley_1881249
5,train,mobley_1893815
5,train,mobley_1893937
5,train,mobley_1896013
5,train,mobley_1903702
5,train,mobley_1905088
5,train,mobley_1922649
5,train,mobley_1929982
5,train,mobley_1944394
5,train,mobley_1952272
5,train,mobley_1963873
5,train,mobley_1967551
5,train,mobley_197466
5,train,mobley_1976156
5,train,mobley_1977493
5,train,mobley_1987439
5,train,mobley_2023925
5,train,mobley_2043882
5,train,mobley_2049967
5,train,mobley_20524
5,train,mobley_2068538
5,train,mobley_2078467
5,train,mobley_2099370
5,train,mobley_210639
5,train,mobley_2123854
5,train,mobley_2143011
5,train,mobley_2146331
5,train,mobley_2183616
5,train,mobley_2197088
5,train,mobley_2198613
5,train,mobley_2245668
5,train,mobley_2261979
5,train,mobley_2269032
5,train,mobley_2279874
5,train,mobley_2294995
5,train,mobley_2295058
5,train,mobley_2310185
5,train,mobley_2316618
5,train,mobley_2328633
5,train,mobley_2341732
5,train,mobley_2354112
5,train,mobley_2364370
5,train,mobley_2390199
5,train,mobley_2402487
5,train,mobley_2410897
5,train,mobley_2422586
5,train,mobley_242480
5,train,mobley_2481002
5,train,mobley_2484519
5,train,mobley_2487143
5,train,mobley_2489709
5,train,mobley_2493732
5,train,mobley_2501588
5,train,mobley_2517158
5,train,mobley_2518989
5,train,mobley_252413
5,train,mobley_2577969
5,train,mobley_2607611
5,train,mobley_2613240
5,train,mobley_2659552
5,train,mobley_2661134
5,train,mobley_2689721
5,train,mobley_2693089
5,train,mobley_2725215
5,train,mobley_2725802
5,train,mobley_2727678
5,train,mobley_2751110
5,train,mobley_2763835
5,train,mobley_2771569
5,train,mobley_2782339
5,train,mobley_2784376
5,train,mobley_2789243
5,train,mobley_2792521
5,train,mobley_2802855
5,train,mobley_2837389
5,train,mobley_2844990
5,train,mobley_2845466
5,train,mobley_2850833
5,train,mobley_2864987
5,train,mobley_2881590
5,train,mobley_2913224
5,train,mobley_2925352
5,train,mobley_2958326
5,train,mobley_2960202
5,train,mobley_296847
5,train,mobley_2972345
5,train,mobley_2972906
5,train,mobley_2996632
5,train,mobley_3006808
5,train,mobley_303222
5,train,mobley_3034976
5,train,mobley_3040612
5,train,mobley_3047364
5,train,mobley_3053621
5,train,mobley_3060426
5,train,mobley_3083321
5,train,mobley_3105103
5,train,mobley_313406
5,train,mobley_3151666
5,train,mobley_3167746
5,train,mobley_3183805
5,train,mobley_3210206
5,train,mobley_3234716
5,train,mobley_3259411
5,train,mobley_3264884
5,train,mobley_3265457
5,train,mobley_3266352
5,train,mobley_3269565
5,train,mobley_3269819
5,train,mobley_3274817
5,train,mobley_3318135
5,train,mobley_3325209
5,train,mobley_3359593
5,train,mobley_3370989
5,train,mobley_337666
5,train,mobley_3378420
5,train,mobley_3395921
5,train,mobley_3398536
5,train,mobley_3414356
5,train,mobley_3452749
5,train,mobley_349850
5,train,mobley_3515580
5,train,mobley_352111
5,train,mobley_3525176
5,train,mobley_3546460
5,train,mobley_3573480
5,train,mobley_3589456
5,train,mobley_36119
5,train,mobley_3639400
5,train,mobley_3663158
5,train,mobley_3682850
5,train,mobley_3686115
5,train,mobley_3690931
5,train,mobley_3709920
5,train,mobley_3715043
5,train,mobley_3727287
5,train,mobley_3738859
5,train,mobley_3746675
5,train,mobley_3762186
5,train,mobley_3777264
5,train,mobley_3843583
5,train,mobley_3867265
5,train,mobley_3968043
5,train,mobley_3968739
5,train,mobley_3969312
5,train,mobley_397645
5,train,mobley_3976574
5,train,mobley_3980099
5,train,mobley_3982371
5,train,mobley_3999471
5,train,mobley_4013838
5,train,mobley_4035953
5,train,mobley_4043951
5,train,mobley_4043987
5,train,mobley_4059279
5,train,mobley_4149784
5,train,mobley_4177472
5,train,mobley_4188615
5,train,mobley_4193752
5,train,mobley_4218209
5,train,mobley_4219614
5,train,mobley_4287564
5,train,mobley_430089
5,train,mobley_4305650
5,train,mobley_4364398
5,train,mobley_4371692
5,train,mobley_4434915
5,train,mobley_4463913
5,train,mobley_4479135
5,train,mobley_4483973
5,train,mobley_4494568
5,train,mobley_4506634
5,train,mobley_4553008
5,train,mobley_4584540
5,train,mobley_4587267
5,train,mobley_4603202
5,train,mobley_4613090
5,train,mobley_4620651
5,train,mobley_4630641
5,train,mobley_4639255
5,train,mobley_4678740
5,train,mobley_4683624
5,train,mobley_4687447
5,train,mobley_468867
5,train,mobley_4694328
5,train,mobley_4699732
5,train,mobley_4715906
5,train,mobley_4780078
5,train,mobley_4792268
5,train,mobley_4845722
5,train,mobley_4850657
5,train,mobley_486214
5,train,mobley_4883284
5,train,mobley_4884177
5,train,mobley_4893032
5,train,mobley_4924862
5,train,mobley_49274
5,train,mobley_4934872
5,train,mobley_4936555
5,train,mobley_4964807
5,train,mobley_4983965
5,train,mobley_5003962
5,train,mobley_5026370
5,train,mobley_5052949
5,train,mobley_5056289
5,train,mobley_5063386
5,train,mobley_5072416
5,train,mobley_5079234
5,train,mobley_5094777
5,train,mobley_511661
5,train,mobley_5123639
5,train,mobley_5220185
5,train,mobley_525934
5,train,mobley_52782
5,train,mobley_5282042
5,train,mobley_5286200
5,train,mobley_5310099
5,train,mobley_5311804
5,train,mobley_5346580
5,train,mobley_5347550
5,train,mobley_5390332
5,train,mobley_5393242
5,train,mobley_5445548
5,train,mobley_5449201
5,train,mobley_5467162
5,train,mobley_5471704
5,train,mobley_5494918
5,train,mobley_5499659
5,train,mobley_550662
5,train,mobley_5510474
5,train,mobley_5518547
5,train,mobley_5561855
5,train,mobley_5571660
5,train,mobley_5600967
5,train,mobley_5616693
5,train,mobley_5627459
5,train,mobley_5631798
5,train,mobley_5690766
5,train,mobley_5692472
5,train,mobley_5708811
5,train,mobley_5732611
5,train,mobley_5747188
5,train,mobley_5747981
5,train,mobley_5759258
5,train,mobley_5852491
5,train,mobley_5880265
5,train,mobley_588781
5,train,mobley_5890803
5,train,mobley_590519
5,train,mobley_5935995
5,train,mobley_5948990
5,train,mobley_5952846
5,train,mobley_5973402
5,train,mobley_6055410
5,train,mobley_6081058
5,train,mobley_6091882
5,train,mobley_6115639
5,train,mobley_6175884
5,train,mobley_6190089
5,train,mobley_6201330
5,train,mobley_6235784
5,train,mobley_6239320
5,train,mobley_6248915
5,train,mobley_6250025
5,train,mobley_6257907
5,train,mobley_6266306
5,train,mobley_6303022
5,train,mobley_632905
5,train,mobley_6334915
5,train,mobley_6338073
5,train,mobley_6353617
5,train,mobley_6358463
5,train,mobley_6359156
5,train,mobley_637522
5,train,mobley_6416775
5,train,mobley_6430250
5,train,mobley_6456034
5,train,mobley_646007
5,train,mobley_6474572
5,train,mobley_6522117
5,train,mobley_6619554
5,train,mobley_6620221
5,train,mobley_6632459
5,train,mobley_664966
5,train,mobley_6688723
5,train,mobley_6714389
5,train,mobley_6727159
5,train,mobley_6733657
5,train,mobley_6739648
5,train,mobley_6743808
5,train,mobley_676247
5,train,mobley_6794076
5,train,mobley_6804509
5,train,mobley_6812653
5,train,mobley_6854178
5,train,mobley_6861308
5,train,mobley_6896128
5,train,mobley_6911232
5,train,mobley_6981465
5,train,mobley_6988468
5,train,mobley_7009711
5,train,mobley_7010316
5,train,mobley_7015518
5,train,mobley_7017274
5,train,mobley_7039935
5,train,mobley_7047032
5,train,mobley_7066554
5,train,mobley_7099614
5,train,mobley_7106722
5,train,mobley_7142697
5,train,mobley_7157427
5,train,mobley_7176290
5,train,mobley_718988
5,train,mobley_7200804
5,train,mobley_7203421
5,train,mobley_7239499
5,train,mobley_7261305
5,train,mobley_7295828
5,train,mobley_7326706
5,train,mobley_7326982
5,train,mobley_7360181
5,train,mobley_7364468
5,train,mobley_7375018
5,train,mobley_7378987
5,train,mobley_7393673
5,train,mobley_7415647
5,train,mobley_7417968
5,train,mobley_7455579
5,train,mobley_7463799
5,train,mobley_7497999
5,train,mobley_7532833
5,train,mobley_7542832
5,train,mobley_755351
5,train,mobley_7599023
5,train,mobley_7608435
5,train,mobley_7608462
5,train,mobley_7610437
5,train,mobley_766666
5,train,mobley_7676709
5,train,mobley_7708038
5,train,mobley_7735340
5,train,mobley_7754849
5,train,mobley_7758918
5,train,mobley_7774695
5,train,mobley_778352
5,train,mobley_7794077
5,train,mobley_7814642
5,train,mobley_7829570
5,train,mobley_7859387
5,train,mobley_7860938
5,train,mobley_7869158
5,train,mobley_7893124
5,train,mobley_7912193
5,train,mobley_7913234
5,train,mobley_7943327
5,train,mobley_7977115
5,train,mobley_7988076
5,train,mobley_8006582
5,train,mobley_8011706
5,train,mobley_8048190
5,train,mobley_8052240
5,train,mobley_8057732
5,train,mobley_8117218
5,train,mobley_8124669
5,train,mobley_8127829
5,train,mobley_819018
5,train,mobley_8191186
5,train,mobley_8207196
5,train,mobley_820789
5,train,mobley_8208692
5,train,mobley_8221999
5,train,mobley_8260524
5,train,mobley_8311303
5,train,mobley_8311321
5,train,mobley_8337722
5,train,mobley_8337977
5,train,mobley_8426916
5,train,mobley_8427539
5,train,mobley_8436428
5,train,mobley_8449031
5,train,mobley_8514745
5,train,mobley_8522124
5,train,mobley_8525830
5,train,mobley_852937
5,train,mobley_8558116
5,train,mobley_8573194
5,train,mobley_8578590
5,train,mobley_859464
5,train,mobley_8614858
5,train,mobley_8668219
5,train,mobley_8685905
5,train,mobley_8691603
5,train,mobley_8705848
5,train,mobley_8739734
5,train,mobley_8746821
5,train,mobley_8765203
5,train,mobley_8785107
5,train,mobley_8789465
5,train,mobley_8789864
5,train,mobley_8798016
5,train,mobley_8809274
5,train,mobley_8823527
5,train,mobley_8827942
5,train,mobley_8861672
5,train,mobley_8882696
5,train,mobley_8883511
5,train,mobley_8885088
5,train,mobley_8899867
5,train,mobley_8916409
5,train,mobley_8966374
5,train,mobley_8983100
5,train,mobley_9007496
5,train,mobley_9015240
5,train,mobley_9028462
5,train,mobley_902954
5,train,mobley_9029594
5,train,mobley_9055303
5,train,mobley_9073553
5,train,mobley_9100956
5,train,mobley_9112978
5,train,mobley_9114381
5,train,mobley_9139060
5,train,mobley_9185328
5,train,mobley_9197172
5,train,mobley_9246215
5,train,mobley_9246351
5,train,mobley_9257453
5,train,mobley_9281946
5,train,mobley_929676
5,train,mobley_9407874
5,train,mobley_9414831
5,train,mobley_9434451
5,train,mobley_9460824
5,train,mobley_9478823
5,train,mobley_9507933
5,train,mobley_9510785
5,train,mobley_951560
5,train,mobley_9534740
5,train,mobley_9571888
5,train,mobley_9617923
5,train,mobley_9624458
5,train,mobley_9626434
5,train,mobley_9653690
5,train,mobley_967099
5,train,mobley_9671033
5,train,mobley_9705941
5,train,mobley_9717937
5,train,mobley_9733743
5,train,mobley_9740891
5,train,mobley_9794857
5,train,mobley_9821936
5,train,mobley_9838013
5,train,mobley_9897248
5,train,mobley_9942801
5,train,mobley_994483
5,train,mobley_9974966
5,train,mobley_9979854
5,valid,mobley_1075836
5,valid,mobley_1363784
5,valid,mobley_1708457
5,valid,mobley_1821184
5,valid,mobley_186894
5,valid,mobley_1899443
5,valid,mobley_1923244
5,valid,mobley_2005792
5,valid,mobley_2008055
5,valid,mobley_2126135
5,valid,mobley_2178600
5,valid,mobley_2451097
5,valid,mobley_2457863
5,valid,mobley_2609604
5,valid,mobley_282648
5,valid,mobley_2859600
5,valid,mobley_2923700
5,valid,mobley_3169935
5,valid,mobley_3201701
5,valid,mobley_3211679
5,valid,mobley_3323117
5,valid,mobley_3425174
5,valid,mobley_3572203
5,valid,mobley_3761215
5,valid,mobley_4375719
5,valid,mobley_4561957
5,valid,mobley_4609460
5,valid,mobley_4759887
5,valid,mobley_4762983
5,valid,mobley_5006685
5,valid,mobley_5076071
5,valid,mobley_5157661
5,valid,mobley_5326154
5,valid,mobley_5371840
5,valid,mobley_5456566
5,valid,mobley_547634
5,valid,mobley_5520946
5,valid,mobley_5538249
5,valid,mobley_5665561
5,valid,mobley_5760563
5,valid,mobley_5816127
5,valid,mobley_5917842
5,valid,mobley_6082662
5,valid,mobley_6195751
5,valid,mobley_6232400
5,valid,mobley_627267
5,valid,mobley_628086
5,valid,mobley_628951
5,valid,mobley_6359135
5,valid,mobley_63712
5,valid,mobley_6935906
5,valid,mobley_6978427
5,valid,mobley_7463408
5,valid,mobley_7578802
5,valid,mobley_8118832
5,valid,mobley_8713762
5,valid,mobley_8754702
5,valid,mobley_8764620
5,valid,mobley_8772587
5,valid,mobley_8809190
5,valid,mobley_9201263
5,valid,mobley_9209581
5,valid,mobley_9741965
5,valid,mobley_9883303
5,test,mobley_1199854
5,test,mobley_1235151
5,test,mobley_1723043
5,test,mobley_1733799
5,test,mobley_1800170
5,test,mobley_1857976
5,test,mobley_1875719
5,test,mobley_194273
5,test,mobley_2213823
5,test,mobley_2371092
5,test,mobley_2492140
5,test,mobley_2523689
5,test,mobley_2636578
5,test,mobley_2681549
5,test,mobley_2929847
5,test,mobley_299266
5,test,mobley_3144334
5,test,mobley_3187514
5,test,mobley_3775790
5,test,mobley_3802803
5,test,mobley_4039055
5,test,mobley_4252724
5,test,mobley_4291494
5,test,mobley_4338603
5,test,mobley_4395315
5,test,mobley_4465023
5,test,mobley_4690963
5,test,mobley_5110043
5,test,mobley_5200358
5,test,mobley_5263791
5,test,mobley_5857
5,test,mobley_5977084
5,test,mobley_6006813
5,test,mobley_6060301
5,test,mobley_6102880
5,test,mobley_6198745
5,test,mobley_6309289
5,test,mobley_6497672
5,test,mobley_6571751
5,test,mobley_667278
5,test,mobley_6843802
5,test,mobley_6917738
5,test,mobley_6929123
5,test,mobley_6973347
5,test,mobley_7150646
5,test,mobley_7176248
5,test,mobley_7227357
5,test,mobley_7298388
5,test,mobley_7573149
5,test,mobley_7688753
5,test,mobley_7690440
5,test,mobley_7732703
5,test,mobley_7768165
5,test,mobley_7769613
5,test,mobley_7983227
5,test,mobley_8320545
5,test,mobley_8467917
5,test,mobley_8492526
5,test,mobley_8723116
5,test,mobley_900088
5,test,mobley_9121449
5,test,mobley_9557440
5,test,mobley_9565165
5,test,mobley_9729792
5,test,mobley_9913368
6,train,mobley_1019269
6,train,mobley_1036761
6,train,mobley_1046331
6,train,mobley_1075836
6,train,mobley_1079207
6,train,mobley_1107178
6,train,mobley_1139153
6,train,mobley_1160109
6,train,mobley_1178614
6,train,mobley_1189457
6,train,mobley_1199854
6,train,mobley_1231151
6,train,mobley_1235151
6,train,mobley_1244778
6,train,mobley_1261349
6,train,mobley_1278715
6,train,mobley_129464
6,train,mobley_1328465
6,train,mobley_1352110
6,train,mobley_1363784
6,train,mobley_1396156
6,train,mobley_1417007
6,train,mobley_1424265
6,train,mobley_1449384
6,train,mobley_1469079
6,train,mobley_1502181
6,train,mobley_1520842
6,train,mobley_1527293
6,train,mobley_1571523
6,train,mobley_1615431
6,train,mobley_1662128
6,train,mobley_1708457
6,train,mobley_1717215
6,train,mobley_1722522
6,train,mobley_1728386
6,train,mobley_172879
6,train,mobley_1733799
6,train,mobley_1735893
6,train,mobley_1743409
6,train,mobley_1755375
6,train,mobley_1760914
6,train,mobley_1792062
6,train,mobley_1800170
6,train,mobley_1803862
6,train,mobley_1821184
6,train,mobley_1827204
6,train,mobley_1838110
6,train,mobley_1849020
6,train,mobley_1857976
6,train,mobley_1858644
6,train,mobley_1873346
6,train,mobley_1875719
6,train,mobley_1881249
6,train,mobley_1893815
6,train,mobley_1893937
6,train,mobley_1903702
6,train,mobley_1905088
6,train,mobley_1922649
6,train,mobley_1923244
6,train,mobley_1929982
6,train,mobley_194273
6,train,mobley_1944394
6,train,mobley_1952272
6,train,mobley_1963873
6,train,mobley_1967551
6,train,mobley_197466
6,train,mobley_1976156
6,train,mobley_1977493
6,train,mobley_1987439
6,train,mobley_2008055
6,train,mobley_2023925
6,train,mobley_2043882
6,train,mobley_2078467
6,train,mobley_2099370
6,train,mobley_2123854
6,train,mobley_2143011
6,train,mobley_2183616
6,train,mobley_2197088
6,train,mobley_2198613
6,train,mobley_2213823
6,train,mobley_2245668
6,train,mobley_2261979
6,train,mobley_2269032
6,train,mobley_2279874
6,train,mobley_2294995
6,train,mobley_2295058
6,train,mobley_2310185
6,train,mobley_2316618
6,train,mobley_2328633
6,train,mobley_2341732
6,train,mobley_2354112
6,train,mobley_2364370
6,train,mobley_2371092
6,train,mobley_2390199
6,train,mobley_2402487
6,train,mobley_2422586
6,train,mobley_242480
6,train,mobley_2451097
6,train,mobley_2457863
6,train,mobley_2481002
6,train,mobley_2487143
6,train,mobley_2489709
6,train,mobley_2501588
6,train,mobley_2517158
6,train,mobley_2523689
6,train,mobley_252413
6,train,mobley_2577969
6,train,mobley_2607611
6,train,mobley_2609604
6,train,mobley_2636578
6,train,mobley_2659552
6,train,mobley_2661134
6,train,mobley_2681549
6,train,mobley_2725215
6,train,mobley_2725802
6,train,mobley_2751110
6,train,mobley_2771569
6,train,mobley_2782339
6,train,mobley_2784376
6,train,mobley_2789243
6,train,mobley_2792521
6,train,mobley_282648
6,train,mobley_2837389
6,train,mobley_2844990
6,train,mobley_2845466
6,train,mobley_2850833
6,train,mobley_2859600
6,train,mobley_2881590
6,train,mobley_2913224
6,train,mobley_2923700
6,train,mobley_2925352
6,train,mobley_2960202
6,train,mobley_296847
6,train,mobley_2972345
6,train,mobley_299266
6,train,mobley_2996632
6,train,mobley_3053621
6,train,mobley_3060426
6,train,mobley_3083321
6,train,mobley_313406
6,train,mobley_3144334
6,train,mobley_3167746
6,train,mobley_3169935
6,train,mobley_3183805
6,train,mobley_3187514
6,train,mobley_3201701
6,train,mobley_3211679
6,train,mobley_3234716
6,train,mobley_3259411
6,train,mobley_3264884
6,train,mobley_3265457
6,train,mobley_3266352
6,train,mobley_3269565
6,train,mobley_3269819
6,train,mobley_3274817
6,train,mobley_3323117
6,train,mobley_3325209
6,train,mobley_3370989
6,train,mobley_337666
6,train,mobley_3378420
6,train,mobley_3395921
6,train,mobley_3398536
6,train,mobley_3414356
6,train,mobley_3425174
6,train,mobley_3452749
6,train,mobley_349850
6,train,mobley_3515580
6,train,mobley_352111
6,train,mobley_3546460
6,train,mobley_3572203
6,train,mobley_3573480
6,train,mobley_3639400
6,train,mobley_3663158
6,train,mobley_3682850
6,train,mobley_3690931
6,train,mobley_3709920
6,train,mobley_3715043
6,train,mobley_3727287
6,train,mobley_3738859
6,train,mobley_3761215
6,train,mobley_3762186
6,train,mobley_3777264
6,train,mobley_3802803
6,train,mobley_3843583
6,train,mobley_3867265
6,train,mobley_3968043
6,train,mobley_3968739
6,train,mobley_3969312
6,train,mobley_397645
6,train,mobley_3976574
6,train,mobley_3980099
6,train,mobley_3982371
6,train,mobley_4013838
6,train,mobley_4035953
6,train,mobley_4043951
6,train,mobley_4043987
6,train,mobley_4059279
6,train,mobley_4149784
6,train,mobley_4177472
6,train,mobley_4188615
6,train,mobley_4218209
6,train,mobley_4219614
6,train,mobley_4252724
6,train,mobley_4287564
6,train,mobley_4291494
6,train,mobley_430089
6,train,mobley_4338603
6,train,mobley_4364398
6,train,mobley_4395315
6,train,mobley_4465023
6,train,mobley_4479135
6,train,mobley_4483973
6,train,mobley_4494568
6,train,mobley_4506634
6,train,mobley_4584540
6,train,mobley_4603202
6,train,mobley_4609460
6,train,mobley_4613090
6,train,mobley_4620651
6,train,mobley_4630641
6,train,mobley_4678740
6,train,mobley_4683624
6,train,mobley_4687447
6,train,mobley_468867
6,train,mobley_4694328
6,train,mobley_4699732
6,train,mobley_4715906
6,train,mobley_4762983
6,train,mobley_4780078
6,train,mobley_4845722
6,train,mobley_4850657
6,train,mobley_486214
6,train,mobley_4883284
6,train,mobley_4884177
6,train,mobley_4924862
6,train,mobley_49274
6,train,mobley_4936555
6,train,mobley_4983965
6,train,mobley_5003962
6,train,mobley_5006685
6,train,mobley_5026370
6,train,mobley_5052949
6,train,mobley_5056289
6,train,mobley_5063386
6,train,mobley_5072416
6,train,mobley_5076071
6,train,mobley_5094777
6,train,mobley_5110043
6,train,mobley_511661
6,train,mobley_5157661
6,train,mobley_5200358
6,train,mobley_525934
6,train,mobley_52782
6,train,mobley_5282042
6,train,mobley_5286200
6,train,mobley_5310099
6,train,mobley_5311804
6,train,mobley_5346580
6,train,mobley_5347550
6,train,mobley_5371840
6,train,mobley_5390332
6,train,mobley_5393242
6,train,mobley_5445548
6,train,mobley_5449201
6,train,mobley_5456566
6,train,mobley_5467162
6,train,mobley_5471704
6,train,mobley_547634
6,train,mobley_5499659
6,train,mobley_550662
6,train,mobley_5520946
6,train,mobley_5538249
6,train,mobley_5561855
6,train,mobley_5571660
6,train,mobley_5616693
6,train,mobley_5627459
6,train,mobley_5631798
6,train,mobley_5665561
6,train,mobley_5690766
6,train,mobley_5692472
6,train,mobley_5708811
6,train,mobley_5759258
6,train,mobley_5760563
6,train,mobley_5816127
6,train,mobley_5857
6,train,mobley_5880265
6,train,mobley_5890803
6,train,mobley_590519
6,train,mobley_5917842
6,train,mobley_5935995
6,train,mobley_5948990
6,train,mobley_5973402
6,train,mobley_5977084
6,train,mobley_6055410
6,train,mobley_6081058
6,train,mobley_6082662
6,train,mobley_6091882
6,train,mobley_6102880
6,train,mobley_6115639
6,train,mobley_6190089
6,train,mobley_6195751
6,train,mobley_6198745
6,train,mobley_6201330
6,train,mobley_6232400
6,train,mobley_6235784
6,train,mobley_6248915
6,train,mobley_6250025
6,train,mobley_6257907
6,train,mobley_6266306
6,train,mobley_627267
6,train,mobley_628086
6,train,mobley_628951
6,train,mobley_6303022
6,train,mobley_632905
6,train,mobley_6334915
6,train,mobley_6338073
6,train,mobley_6353617
6,train,mobley_6358463
6,train,mobley_6359135
6,train,mobley_6359156
6,train,mobley_63712
6,train,mobley_637522
6,train,mobley_6416775
6,train,mobley_6456034
6,train,mobley_646007
6,train,mobley_6474572
6,train,mobley_6497672
6,train,mobley_6571751
6,train,mobley_6619554
6,train,mobley_6620221
6,train,mobley_6632459
6,train,mobley_664966
6,train,mobley_6714389
6,train,mobley_6727159
6,train,mobley_6733657
6,train,mobley_6739648
6,train,mobley_6743808
6,train,mobley_676247
6,train,mobley_6794076
6,train,mobley_6804509
6,train,mobley_6812653
6,train,mobley_6854178
6,train,mobley_6861308
6,train,mobley_6896128
6,train,mobley_6911232
6,train,mobley_6917738
6,train,mobley_6929123
6,train,mobley_6973347
6,train,mobley_6981465
6,train,mobley_6988468
6,train,mobley_7009711
6,train,mobley_7015518
6,train,mobley_7017274
6,train,mobley_7039935
6,train,mobley_7047032
6,train,mobley_7066554
6,train,mobley_7099614
6,train,mobley_7106722
6,train,mobley_7142697
6,train,mobley_7150646
6,train,mobley_7157427
6,train,mobley_7176248
6,train,mobley_7176290
6,train,mobley_718988
6,train,mobley_7203421
6,train,mobley_7227357
6,train,mobley_7239499
6,train,mobley_7295828
6,train,mobley_7298388
6,train,mobley_7326706
6,train,mobley_7326982
6,train,mobley_7360181
6,train,mobley_7364468
6,train,mobley_7378987
6,train,mobley_7393673
6,train,mobley_7415647
6,train,mobley_7417968
6,train,mobley_7463408
6,train,mobley_7463799
6,train,mobley_7497999
6,train,mobley_7532833
6,train,mobley_7542832
6,train,mobley_755351
6,train,mobley_7573149
6,train,mobley_7578802
6,train,mobley_7599023
6,train,mobley_7608435
6,train,mobley_7608462
6,train,mobley_7610437
6,train,mobley_766666
6,train,mobley_7676709
6,train,mobley_7688753
6,train,mobley_7690440
6,train,mobley_7708038
6,train,mobley_7732703
6,train,mobley_7735340
6,train,mobley_7754849
6,train,mobley_7758918
6,train,mobley_7768165
6,train,mobley_7769613
6,train,mobley_7774695
6,train,mobley_778352
6,train,mobley_7794077
6,train,mobley_7814642
6,train,mobley_7829570
6,train,mobley_7859387
6,train,mobley_7860938
6,train,mobley_7869158
6,train,mobley_7893124
6,train,mobley_7912193
6,train,mobley_7913234
6,train,mobley_7943327
6,train,mobley_7983227
6,train,mobley_7988076
6,train,mobley_8006582
6,train,mobley_8011706
6,train,mobley_8048190
6,train,mobley_8052240
6,train,mobley_8057732
6,train,mobley_8117218
6,train,mobley_8118832
6,train,mobley_8124669
6,train,mobley_8127829
6,train,mobley_819018
6,train,mobley_8191186
6,train,mobley_820789
6,train,mobley_8208692
6,train,mobley_8260524
6,train,mobley_8311303
6,train,mobley_8311321
6,train,mobley_8320545
6,train,mobley_8337722
6,train,mobley_8337977
6,train,mobley_8426916
6,train,mobley_8449031
6,train,mobley_8492526
6,train,mobley_8514745
6,train,mobley_8522124
6,train,mobley_8525830
6,train,mobley_852937
6,train,mobley_8558116
6,train,mobley_8578590
6,train,mobley_8614858
6,train,mobley_8668219
6,train,mobley_8685905
6,train,mobley_8691603
6,train,mobley_8705848
6,train,mobley_8739734
6,train,mobley_8746821
6,train,mobley_8765203
6,train,mobley_8772587
6,train,mobley_8785107
6,train,mobley_8789465
6,train,mobley_8809190
6,train,mobley_8809274
6,train,mobley_8823527
6,train,mobley_8827942
6,train,mobley_8861672
6,train,mobley_8882696
6,train,mobley_8883511
6,train,mobley_8885088
6,train,mobley_8966374
6,train,mobley_8983100
6,train,mobley_900088
6,train,mobley_9007496
6,train,mobley_9015240
6,train,mobley_9028462
6,train,mobley_902954
6,train,mobley_9029594
6,train,mobley_9055303
6,train,mobley_9073553
6,train,mobley_9100956
6,train,mobley_9112978
6,train,mobley_9114381
6,train,mobley_9121449
6,train,mobley_9185328
6,train,mobley_9197172
6,train,mobley_9209581
6,train,mobley_9246215
6,train,mobley_9246351
6,train,mobley_9257453
6,train,mobley_9281946
6,train,mobley_929676
6,train,mobley_9407874
6,train,mobley_9414831
6,train,mobley_9434451
6,train,mobley_9460824
6,train,mobley_9478823
6,train,mobley_9507933
6,train,mobley_9510785
6,train,mobley_951560
6,train,mobley_9534740
6,train,mobley_9557440
6,train,mobley_9617923
6,train,mobley_9624458
6,train,mobley_9626434
6,train,mobley_9653690
6,train,mobley_967099
6,train,mobley_9705941
6,train,mobley_9717937
6,train,mobley_9729792
6,train,mobley_9733743
6,train,mobley_9741965
6,train,mobley_9794857
6,train,mobley_9821936
6,train,mobley_9838013
6,train,mobley_9883303
6,train,mobley_9897248
6,train,mobley_9913368
6,train,mobley_9942801
6,train,mobley_994483
6,train,mobley_9974966
6,train,mobley_9979854
6,valid,mobley_1034539
6,valid,mobley_1144156
6,valid,mobley_1770205
6,valid,mobley_1781152
6,valid,mobley_1896013
6,valid,mobley_1899443
6,valid,mobley_2005792
6,valid,mobley_2049967
6,valid,mobley_20524
6,valid,mobley_2068538
6,valid,mobley_2126135
6,valid,mobley_2492140
6,valid,mobley_2493732
6,valid,mobley_2518989
6,valid,mobley_2689721
6,valid,mobley_2693089
6,valid,mobley_2763835
6,valid,mobley_2864987
6,valid,mobley_2972906
6,valid,mobley_303222
6,valid,mobley_3034976
6,valid,mobley_3105103
6,valid,mobley_3151666
6,valid,mobley_3525176
6,valid,mobley_36119
6,valid,mobley_3686115
6,valid,mobley_4039055
6,valid,mobley_4193752
6,valid,mobley_4434915
6,valid,mobley_4463913
6,valid,mobley_4690963
6,valid,mobley_4792268
6,valid,mobley_4893032
6,valid,mobley_4934872
6,valid,mobley_4964807
6,valid,mobley_5079234
6,valid,mobley_5123639
6,valid,mobley_5263791
6,valid,mobley_5326154
6,valid,mobley_5510474
6,valid,mobley_5600967
6,valid,mobley_5747188
6,valid,mobley_5852491
6,valid,mobley_6006813
6,valid,mobley_6060301
6,valid,mobley_6239320
6,valid,mobley_6309289
6,valid,mobley_6430250
6,valid,mobley_6522117
6,valid,mobley_6843802
6,valid,mobley_6935906
6,valid,mobley_6978427
6,valid,mobley_7010316
6,valid,mobley_7261305
6,valid,mobley_7977115
6,valid,mobley_8467917
6,valid,mobley_859464
6,valid,mobley_8713762
6,valid,mobley_8723116
6,valid,mobley_8754702
6,valid,mobley_8899867
6,valid,mobley_9571888
6,valid,mobley_9671033
6,valid,mobley_9740891
6,test,mobley_1017962
6,test,mobley_1323538
6,test,mobley_1328936
6,test,mobley_1563176
6,test,mobley_1592519
6,test,mobley_1636752
6,test,mobley_1650157
6,test,mobley_1659169
6,test,mobley_1674094
6,test,mobley_1723043
6,test,mobley_1855337
6,test,mobley_186894
6,test,mobley_210639
6,test,mobley_2146331
6,test,mobley_2178600
6,test,mobley_2410897
6,test,mobley_2484519
6,test,mobley_2613240
6,test,mobley_2727678
6,test,mobley_2802855
6,test,mobley_2929847
6,test,mobley_2958326
6,test,mobley_3006808
6,test,mobley_3040612
6,test,mobley_3047364
6,test,mobley_3210206
6,test,mobley_3318135
6,test,mobley_3359593
6,test,mobley_3589456
6,test,mobley_3746675
6,test,mobley_3775790
6,test,mobley_3999471
6,test,mobley_4305650
6,test,mobley_4371692
6,test,mobley_4375719
6,test,mobley_4553008
6,test,mobley_4561957
6,test,mobley_4587267
6,test,mobley_4639255
6,test,mobley_4759887
6,test,mobley_5220185
6,test,mobley_5494918
6,test,mobley_5518547
6,test,mobley_5732611
6,test,mobley_5747981
6,test,mobley_588781
6,test,mobley_5952846
6,test,mobley_6175884
6,test,mobley_667278
6,test,mobley_6688723
6,test,mobley_7200804
6,test,mobley_7375018
6,test,mobley_7455579
6,test,mobley_8207196
6,test,mobley_8221999
6,test,mobley_8427539
6,test,mobley_8436428
6,test,mobley_8573194
6,test,mobley_8764620
6,test,mobley_8789864
6,test,mobley_8798016
6,test,mobley_8916409
6,test,mobley_9139060
6,test,mobley_9201263
6,test,mobley_9565165
7,train,mobley_1017962
7,train,mobley_1019269
7,train,mobley_1034539
7,train,mobley_1036761
7,train,mobley_1046331
7,train,mobley_1075836
7,train,mobley_1079207
7,train,mobley_1107178
7,train,mobley_1144156
7,train,mobley_1160109
7,train,mobley_1189457
7,train,mobley_1199854
7,train,mobley_1231151
7,train,mobley_1235151
7,train,mobley_1244778
7,train,mobley_1261349
7,train,mobley_1278715
7,train,mobley_129464
7,train,mobley_1323538
7,train,mobley_1328465
7,train,mobley_1328936
7,train,mobley_1352110
7,train,mobley_1363784
7,train,mobley_1396156
7,train,mobley_1417007
7,train,mobley_1449384
7,train,mobley_1502181
7,train,mobley_1520842
7,train,mobley_1527293
7,train,mobley_1563176
7,train,mobley_1571523
7,train,mobley_1592519
7,train,mobley_1615431
7,train,mobley_1636752
7,train,mobley_1650157
7,train,mobley_1659169
7,train,mobley_1662128
7,train,mobley_1674094
7,train,mobley_1708457
7,train,mobley_1717215
7,train,mobley_1722522
7,train,mobley_1723043
7,train,mobley_1728386
7,train,mobley_172879
7,train,mobley_1735893
7,train,mobley_1755375
7,train,mobley_1770205
7,train,mobley_1781152
7,train,mobley_1792062
7,train,mobley_1800170
7,train,mobley_1803862
7,train,mobley_1821184
7,train,mobley_1838110
7,train,mobley_1849020
7,train,mobley_1855337
7,train,mobley_1857976
7,train,mobley_1858644
7,train,mobley_186894
7,train,mobley_1873346
7,train,mobley_1893815
7,train,mobley_1893937
7,train,mobley_1896013
7,train,mobley_1905088
7,train,mobley_1922649
7,train,mobley_1923244
7,train,mobley_1929982
7,train,mobley_194273
7,train,mobley_1944394
7,train,mobley_1952272
7,train,mobley_1963873
7,train,mobley_1967551
7,train,mobley_1987439
7,train,mobley_2005792
7,train,mobley_2008055
7,train,mobley_2043882
7,train,mobley_2049967
7,train,mobley_20524
7,train,mobley_2068538
7,train,mobley_2099370
7,train,mobley_210639
7,train,mobley_2123854
7,train,mobley_2126135
7,train,mobley_2143011
7,train,mobley_2146331
7,train,mobley_2178600
7,train,mobley_2183616
7,train,mobley_2197088
7,train,mobley_2213823
7,train,mobley_2245668
7,train,mobley_2261979
7,train,mobley_2269032
7,train,mobley_2279874
7,train,mobley_2294995
7,train,mobley_2295058
7,train,mobley_2316618
7,train,mobley_2328633
7,train,mobley_2341732
7,train,mobley_2354112
7,train,mobley_2364370
7,train,mobley_2371092
7,train,mobley_2410897
7,train,mobley_242480
7,train,mobley_2457863
7,train,mobley_2481002
7,train,mobley_2484519
7,train,mobley_2487143
7,train,mobley_2489709
7,train,mobley_2492140
7,train,mobley_2501588
7,train,mobley_2517158
7,train,mobley_2518989
7,train,mobley_2523689
7,train,mobley_252413
7,train,mobley_2609604
7,train,mobley_2613240
7,train,mobley_2659552
7,train,mobley_2681549
7,train,mobley_2693089
7,train,mobley_2725215
7,train,mobley_2725802
7,train,mobley_2727678
7,train,mobley_2751110
7,train,mobley_2763835
7,train,mobley_2771569
7,train,mobley_2784376
7,train,mobley_2789243
7,train,mobley_2792521
7,train,mobley_2802855
7,train,mobley_2837389
7,train,mobley_2844990
7,train,mobley_2850833
7,train,mobley_2859600
7,train,mobley_2881590
7,train,mobley_2913224
7,train,mobley_2923700
7,train,mobley_2929847
7,train,mobley_2960202
7,train,mobley_296847
7,train,mobley_2972906
7,train,mobley_299266
7,train,mobley_2996632
7,train,mobley_3006808
7,train,mobley_3034976
7,train,mobley_3053621
7,train,mobley_3060426
7,train,mobley_3083321
7,train,mobley_3105103
7,train,mobley_313406
7,train,mobley_3144334
7,train,mobley_3151666
7,train,mobley_3167746
7,train,mobley_3169935
7,train,mobley_3183805
7,train,mobley_3187514
7,train,mobley_3201701
7,train,mobley_3210206
7,train,mobley_3211679
7,train,mobley_3234716
7,train,mobley_3259411
7,train,mobley_3264884
7,train,mobley_3265457
7,train,mobley_3269819
7,train,mobley_3274817
7,train,mobley_3323117
7,train,mobley_3325209
7,train,mobley_3359593
7,train,mobley_3370989
7,train,mobley_337666
7,train,mobley_3378420
7,train,mobley_3395921
7,train,mobley_3398536
7,train,mobley_3414356
7,train,mobley_3425174
7,train,mobley_3452749
7,train,mobley_349850
7,train,mobley_3515580
7,train,mobley_352111
7,train,mobley_3525176
7,train,mobley_3546460
7,train,mobley_3572203
7,train,mobley_3573480
7,train,mobley_3589456
7,train,mobley_36119
7,train,mobley_3639400
7,train,mobley_3663158
7,train,mobley_3686115
7,train,mobley_3690931
7,train,mobley_3715043
7,train,mobley_3727287
7,train,mobley_3738859
7,train,mobley_3746675
7,train,mobley_3775790
7,train,mobley_3802803
7,train,mobley_3843583
7,train,mobley_3867265
7,train,mobley_397645
7,train,mobley_3980099
7,train,mobley_3982371
7,train,mobley_3999471
7,train,mobley_4013838
7,train,mobley_4035953
7,train,mobley_4039055
7,train,mobley_4043951
7,train,mobley_4043987
7,train,mobley_4059279
7,train,mobley_4149784
7,train,mobley_4177472
7,train,mobley_4188615
7,train,mobley_4193752
7,train,mobley_4218209
7,train,mobley_4219614
7,train,mobley_4252724
7,train,mobley_4287564
7,train,mobley_430089
7,train,mobley_4305650
7,train,mobley_4338603
7,train,mobley_4364398
7,train,mobley_4371692
7,train,mobley_4375719
7,train,mobley_4395315
7,train,mobley_4463913
7,train,mobley_4465023
7,train,mobley_4479135
7,train,mobley_4483973
7,train,mobley_4494568
7,train,mobley_4553008
7,train,mobley_4561957
7,train,mobley_4584540
7,train,mobley_4587267
7,train,mobley_4603202
7,train,mobley_4609460
7,train,mobley_4613090
7,train,mobley_4630641
7,train,mobley_4639255
7,train,mobley_4683624
7,train,mobley_4687447
7,train,mobley_468867
7,train,mobley_4690963
7,train,mobley_4715906
7,train,mobley_4759887
7,train,mobley_4762983
7,train,mobley_4780078
7,train,mobley_4845722
7,train,mobley_4850657
7,train,mobley_486214
7,train,mobley_4883284
7,train,mobley_4884177
7,train,mobley_4893032
7,train,mobley_4936555
7,train,mobley_4964807
7,train,mobley_4983965
7,train,mobley_5003962
7,train,mobley_5006685
7,train,mobley_5026370
7,train,mobley_5056289
7,train,mobley_5063386
7,train,mobley_5076071
7,train,mobley_5079234
7,train,mobley_5094777
7,train,mobley_511661
7,train,mobley_5200358
7,train,mobley_5220185
7,train,mobley_525934
7,train,mobley_5263791
7,train,mobley_52782
7,train,mobley_5286200
7,train,mobley_5310099
7,train,mobley_5311804
7,train,mobley_5326154
7,train,mobley_5347550
7,train,mobley_5371840
7,train,mobley_5390332
7,train,mobley_5393242
7,train,mobley_5445548
7,train,mobley_5449201
7,train,mobley_5467162
7,train,mobley_5471704
7,train,mobley_547634
7,train,mobley_5494918
7,train,mobley_5499659
7,train,mobley_5510474
7,train,mobley_5520946
7,train,mobley_5571660
7,train,mobley_5600967
7,train,mobley_5616693
7,train,mobley_5627459
7,train,mobley_5631798
7,train,mobley_5665561
7,train,mobley_5690766
7,train,mobley_5692472
7,train,mobley_5708811
7,train,mobley_5732611
7,train,mobley_5747981
7,train,mobley_5759258
7,train,mobley_5816127
7,train,mobley_5852491
7,train,mobley_5857
7,train,mobley_5880265
7,train,mobley_588781
7,train,mobley_5890803
7,train,mobley_5935995
7,train,mobley_5948990
7,train,mobley_5952846
7,train,mobley_5973402
7,train,mobley_5977084
7,train,mobley_6055410
7,train,mobley_6081058
7,train,mobley_6091882
7,train,mobley_6115639
7,train,mobley_6198745
7,train,mobley_6201330
7,train,mobley_6232400
7,train,mobley_6235784
7,train,mobley_6239320
7,train,mobley_6248915
7,train,mobley_6250025
7,train,mobley_6257907
7,train,mobley_627267
7,train,mobley_628086
7,train,mobley_628951
7,train,mobley_6303022
7,train,mobley_6309289
7,train,mobley_632905
7,train,mobley_6334915
7,train,mobley_6353617
7,train,mobley_6358463
7,train,mobley_6359135
7,train,mobley_6359156
7,train,mobley_63712
7,train,mobley_6416775
7,train,mobley_6430250
7,train,mobley_6456034
7,train,mobley_646007
7,train,mobley_6474572
7,train,mobley_6497672
7,train,mobley_6522117
7,train,mobley_6571751
7,train,mobley_6620221
7,train,mobley_664966
7,train,mobley_667278
7,train,mobley_6688723
7,train,mobley_6714389
7,train,mobley_6727159
7,train,mobley_6733657
7,train,mobley_6739648
7,train,mobley_6794076
7,train,mobley_6804509
7,train,mobley_6812653
7,train,mobley_6843802
7,train,mobley_6854178
7,train,mobley_6861308
7,train,mobley_6917738
7,train,mobley_6929123
7,train,mobley_6935906
7,train,mobley_6973347
7,train,mobley_6978427
7,train,mobley_6981465
7,train,mobley_6988468
7,train,mobley_7009711
7,train,mobley_7010316
7,train,mobley_7015518
7,train,mobley_7039935
7,train,mobley_7047032
7,train,mobley_7066554
7,train,mobley_7099614
7,train,mobley_7106722
7,train,mobley_7142697
7,train,mobley_7150646
7,train,mobley_7157427
7,train,mobley_7176248
7,train,mobley_7176290
7,train,mobley_718988
7,train,mobley_7200804
7,train,mobley_7203421
7,train,mobley_7227357
7,train,mobley_7261305
7,train,mobley_7298388
7,train,mobley_7326706
7,train,mobley_7326982
7,train,mobley_7360181
7,train,mobley_7364468
7,train,mobley_7375018
7,train,mobley_7378987
7,train,mobley_7393673
7,train,mobley_7415647
7,train,mobley_7417968
7,train,mobley_7455579
7,train,mobley_7463408
7,train,mobley_7463799
7,train,mobley_7497999
7,train,mobley_7532833
7,train,mobley_7542832
7,train,mobley_7573149
7,train,mobley_7578802
7,train,mobley_7599023
7,train,mobley_7608435
7,train,mobley_7608462
7,train,mobley_7610437
7,train,mobley_766666
7,train,mobley_7676709
7,train,mobley_7688753
7,train,mobley_7690440
7,train,mobley_7708038
7,train,mobley_7732703
7,train,mobley_7735340
7,train,mobley_7754849
7,train,mobley_7758918
7,train,mobley_7769613
7,train,mobley_7774695
7,train,mobley_778352
7,train,mobley_7794077
7,train,mobley_7814642
7,train,mobley_7829570
7,train,mobley_7859387
7,train,mobley_7860938
7,train,mobley_7869158
7,train,mobley_7912193
7,train,mobley_7913234
7,train,mobley_7977115
7,train,mobley_7983227
7,train,mobley_7988076
7,train,mobley_8006582
7,train,mobley_8011706
7,train,mobley_8048190
7,train,mobley_8057732
7,train,mobley_8118832
7,train,mobley_819018
7,train,mobley_8191186
7,train,mobley_820789
7,train,mobley_8311303
7,train,mobley_8320545
7,train,mobley_8427539
7,train,mobley_8436428
7,train,mobley_8449031
7,train,mobley_8467917
7,train,mobley_8492526
7,train,mobley_8522124
7,train,mobley_8525830
7,train,mobley_852937
7,train,mobley_8558116
7,train,mobley_8573194
7,train,mobley_8578590
7,train,mobley_859464
7,train,mobley_8614858
7,train,mobley_8668219
7,train,mobley_8691603
7,train,mobley_8705848
7,train,mobley_8713762
7,train,mobley_8723116
7,train,mobley_8746821
7,train,mobley_8754702
7,train,mobley_8764620
7,train,mobley_8772587
7,train,mobley_8785107
7,train,mobley_8789465
7,train,mobley_8789864
7,train,mobley_8798016
7,train,mobley_8809190
7,train,mobley_8809274
7,train,mobley_8823527
7,train,mobley_8827942
7,train,mobley_8861672
7,train,mobley_8882696
7,train,mobley_8883511
7,train,mobley_8899867
7,train,mobley_8916409
7,train,mobley_8966374
7,train,mobley_8983100
7,train,mobley_900088
7,train,mobley_9007496
7,train,mobley_9015240
7,train,mobley_9028462
7,train,mobley_902954
7,train,mobley_9029594
7,train,mobley_9055303
7,train,mobley_9073553
7,train,mobley_9100956
7,train,mobley_9114381
7,train,mobley_9121449
7,train,mobley_9185328
7,train,mobley_9197172
7,train,mobley_9201263
7,train,mobley_9246215
7,train,mobley_9246351
7,train,mobley_9257453
7,train,mobley_9281946
7,train,mobley_9407874
7,train,mobley_9414831
7,train,mobley_9434451
7,train,mobley_9478823
7,train,mobley_9507933
7,train,mobley_9510785
7,train,mobley_9534740
7,train,mobley_9557440
7,train,mobley_9565165
7,train,mobley_9571888
7,train,mobley_9624458
7,train,mobley_9626434
7,train,mobley_9653690
7,train,mobley_967099
7,train,mobley_9671033
7,train,mobley_9705941
7,train,mobley_9729792
7,train,mobley_9733743
7,train,mobley_9740891
7,train,mobley_9794857
7,train,mobley_9821936
7,train,mobley_9883303
7,train,mobley_9897248
7,train,mobley_9913368
7,train,mobley_994483
7,train,mobley_9974966
7,train,mobley_9979854
7,valid,mobley_1139153
7,valid,mobley_1469079
7,valid,mobley_1760914
7,valid,mobley_1875719
7,valid,mobley_1881249
7,valid,mobley_1903702
7,valid,mobley_197466
7,valid,mobley_1977493
7,valid,mobley_2023925
7,valid,mobley_2198613
7,valid,mobley_2390199
7,valid,mobley_2402487
7,valid,mobley_2607611
7,valid,mobley_2689721
7,valid,mobley_2782339
7,valid,mobley_282648
7,valid,mobley_2864987
7,valid,mobley_2925352
7,valid,mobley_2972345
7,valid,mobley_3047364
7,valid,mobley_3269565
7,valid,mobley_3318135
7,valid,mobley_3682850
7,valid,mobley_3709920
7,valid,mobley_3761215
7,valid,mobley_3968043
7,valid,mobley_3976574
7,valid,mobley_4434915
7,valid,mobley_4620651
7,valid,mobley_4699732
7,valid,mobley_4924862
7,valid,mobley_49274
7,valid,mobley_4934872
7,valid,mobley_5052949
7,valid,mobley_5110043
7,valid,mobley_5157661
7,valid,mobley_5456566
7,valid,mobley_5518547
7,valid,mobley_590519
7,valid,mobley_5917842
7,valid,mobley_6006813
7,valid,mobley_6060301
7,valid,mobley_6082662
7,valid,mobley_6190089
7,valid,mobley_637522
7,valid,mobley_6743808
7,valid,mobley_676247
7,valid,mobley_6896128
7,valid,mobley_7295828
7,valid,mobley_7943327
7,valid,mobley_8117218
7,valid,mobley_8127829
7,valid,mobley_8207196
7,valid,mobley_8208692
7,valid,mobley_8260524
7,valid,mobley_8311321
7,valid,mobley_8337722
7,valid,mobley_8514745
7,valid,mobley_8765203
7,valid,mobley_8885088
7,valid,mobley_9112978
7,valid,mobley_9209581
7,valid,mobley_9617923
7,valid,mobley_9942801
7,test,mobley_1178614
7,test,mobley_1424265
7,test,mobley_1733799
7,test,mobley_1743409
7,test,mobley_1827204
7,test,mobley_1899443
7,test,mobley_1976156
7,test,mobley_2078467
7,test,mobley_2310185
7,test,mobley_2422586
7,test,mobley_2451097
7,test,mobley_2493732
7,test,mobley_2577969
7,test,mobley_2636578
7,test,mobley_2661134
7,test,mobley_2845466
7,test,mobley_2958326
7,test,mobley_303222
7,test,mobley_3040612
7,test,mobley_3266352
7,test,mobley_3762186
7,test,mobley_3777264
7,test,mobley_3968739
7,test,mobley_3969312
7,test,mobley_4291494
7,test,mobley_4506634
7,test,mobley_4678740
7,test,mobley_4694328
7,test,mobley_4792268
7,test,mobley_5072416
7,test,mobley_5123639
7,test,mobley_5282042
7,test,mobley_5346580
7,test,mobley_550662
7,test,mobley_5538249
7,test,mobley_5561855
7,test,mobley_5747188
7,test,mobley_5760563
7,test,mobley_6102880
7,test,mobley_6175884
7,test,mobley_6195751
7,test,mobley_6266306
7,test,mobley_6338073
7,test,mobley_6619554
7,test,mobley_6632459
7,test,mobley_6911232
7,test,mobley_7017274
7,test,mobley_7239499
7,test,mobley_755351
7,test,mobley_7768165
7,test,mobley_7893124
7,test,mobley_8052240
7,test,mobley_8124669
7,test,mobley_8221999
7,test,mobley_8337977
7,test,mobley_8426916
7,test,mobley_8685905
7,test,mobley_8739734
7,test,mobley_9139060
7,test,mobley_929676
7,test,mobley_9460824
7,test,mobley_951560
7,test,mobley_9717937
7,test,mobley_9741965
7,test,mobley_9838013
8,train,mobley_1017962
8,train,mobley_1019269
8,train,mobley_1034539
8,train,mobley_1036761
8,train,mobley_1046331
8,train,mobley_1075836
8,train,mobley_1079207
8,train,mobley_1139153
8,train,mobley_1160109
8,train,mobley_1189457
8,train,mobley_1199854
8,train,mobley_1231151
8,train,mobley_1235151
8,train,mobley_1244778
8,train,mobley_1261349
8,train,mobley_1278715
8,train,mobley_129464
8,train,mobley_1323538
8,train,mobley_1328936
8,train,mobley_1352110
8,train,mobley_1363784
8,train,mobley_1396156
8,train,mobley_1417007
8,train,mobley_1424265
8,train,mobley_1449384
8,train,mobley_1502181
8,train,mobley_1520842
8,train,mobley_1527293
8,train,mobley_1563176
8,train,mobley_1571523
8,train,mobley_1592519
8,train,mobley_1615431
8,train,mobley_1636752
8,train,mobley_1662128
8,train,mobley_1708457
8,train,mobley_1717215
8,train,mobley_1723043
8,train,mobley_1728386
8,train,mobley_172879
8,train,mobley_1733799
8,train,mobley_1735893
8,train,mobley_1743409
8,train,mobley_1755375
8,train,mobley_1760914
8,train,mobley_1770205
8,train,mobley_1781152
8,train,mobley_1792062
8,train,mobley_1803862
8,train,mobley_1821184
8,train,mobley_1827204
8,train,mobley_1838110
8,train,mobley_1857976
8,train,mobley_1858644
8,train,mobley_186894
8,train,mobley_1873346
8,train,mobley_1893815
8,train,mobley_1893937
8,train,mobley_1896013
8,train,mobley_1903702
8,train,mobley_1922649
8,train,mobley_1923244
8,train,mobley_1929982
8,train,mobley_194273
8,train,mobley_1944394
8,train,mobley_1952272
8,train,mobley_1967551
8,train,mobley_197466
8,train,mobley_1976156
8,train,mobley_1977493
8,train,mobley_1987439
8,train,mobley_2005792
8,train,mobley_2008055
8,train,mobley_2023925
8,train,mobley_2049967
8,train,mobley_20524
8,train,mobley_2078467
8,train,mobley_2099370
8,train,mobley_210639
8,train,mobley_2123854
8,train,mobley_2143011
8,train,mobley_2146331
8,train,mobley_2178600
8,train,mobley_2183616
8,train,mobley_2197088
8,train,mobley_2198613
8,train,mobley_2245668
8,train,mobley_2261979
8,train,mobley_2269032
8,train,mobley_2294995
8,train,mobley_2295058
8,train,mobley_2316618
8,train,mobley_2328633
8,train,mobley_2341732
8,train,mobley_2354112
8,train,mobley_2364370
8,train,mobley_2371092
8,train,mobley_2390199
8,train,mobley_2402487
8,train,mobley_2410897
8,train,mobley_242480
8,train,mobley_2451097
8,train,mobley_2457863
8,train,mobley_2481002
8,train,mobley_2484519
8,train,mobley_2489709
8,train,mobley_2493732
8,train,mobley_2501588
8,train,mobley_2517158
8,train,mobley_2518989
8,train,mobley_2523689
8,train,mobley_2577969
8,train,mobley_2607611
8,train,mobley_2613240
8,train,mobley_2636578
8,train,mobley_2659552
8,train,mobley_2661134
8,train,mobley_2681549
8,train,mobley_2689721
8,train,mobley_2693089
8,train,mobley_2725215
8,train,mobley_2727678
8,train,mobley_2751110
8,train,mobley_2763835
8,train,mobley_2771569
8,train,mobley_2782339
8,train,mobley_2784376
8,train,mobley_2789243
8,train,mobley_2792521
8,train,mobley_2802855
8,train,mobley_282648
8,train,mobley_2850833
8,train,mobley_2859600
8,train,mobley_2864987
8,train,mobley_2913224
8,train,mobley_2923700
8,train,mobley_2925352
8,train,mobley_2958326
8,train,mobley_2960202
8,train,mobley_296847
8,train,mobley_2972345
8,train,mobley_2972906
8,train,mobley_299266
8,train,mobley_2996632
8,train,mobley_3006808
8,train,mobley_303222
8,train,mobley_3034976
8,train,mobley_3040612
8,train,mobley_3060426
8,train,mobley_3083321
8,train,mobley_313406
8,train,mobley_3151666
8,train,mobley_3167746
8,train,mobley_3169935
8,train,mobley_3183805
8,train,mobley_3187514
8,train,mobley_3201701
8,train,mobley_3210206
8,train,mobley_3211679
8,train,mobley_3234716
8,train,mobley_3259411
8,train,mobley_3266352
8,train,mobley_3269565
8,train,mobley_3269819
8,train,mobley_3274817
8,train,mobley_3318135
8,train,mobley_3323117
8,train,mobley_3325209
8,train,mobley_3359593
8,train,mobley_3370989
8,train,mobley_337666
8,train,mobley_3378420
8,train,mobley_3395921
8,train,mobley_3398536
8,train,mobley_3414356
8,train,mobley_3425174
8,train,mobley_3515580
8,train,mobley_3572203
8,train,mobley_3573480
8,train,mobley_36119
8,train,mobley_3639400
8,train,mobley_3663158
8,train,mobley_3682850
8,train,mobley_3686115
8,train,mobley_3690931
8,train,mobley_3709920
8,train,mobley_3727287
8,train,mobley_3746675
8,train,mobley_3761215
8,train,mobley_3762186
8,train,mobley_3775790
8,train,mobley_3777264
8,train,mobley_3802803
8,train,mobley_3843583
8,train,mobley_3867265
8,train,mobley_3968043
8,train,mobley_3976574
8,train,mobley_3980099
8,train,mobley_3982371
8,train,mobley_3999471
8,train,mobley_4013838
8,train,mobley_4035953
8,train,mobley_4039055
8,train,mobley_4043951
8,train,mobley_4043987
8,train,mobley_4059279
8,train,mobley_4177472
8,train,mobley_4188615
8,train,mobley_4193752
8,train,mobley_4218209
8,train,mobley_4219614
8,train,mobley_4252724
8,train,mobley_4287564
8,train,mobley_430089
8,train,mobley_4305650
8,train,mobley_4338603
8,train,mobley_4364398
8,train,mobley_4371692
8,train,mobley_4375719
8,train,mobley_4434915
8,train,mobley_4465023
8,train,mobley_4483973
8,train,mobley_4494568
8,train,mobley_4553008
8,train,mobley_4561957
8,train,mobley_4587267
8,train,mobley_4609460
8,train,mobley_4613090
8,train,mobley_4620651
8,train,mobley_4630641
8,train,mobley_4678740
8,train,mobley_4683624
8,train,mobley_4687447
8,train,mobley_468867
8,train,mobley_4690963
8,train,mobley_4759887
8,train,mobley_4762983
8,train,mobley_4780078
8,train,mobley_4792268
8,train,mobley_4845722
8,train,mobley_4850657
8,train,mobley_486214
8,train,mobley_4883284
8,train,mobley_4884177
8,train,mobley_4924862
8,train,mobley_4934872
8,train,mobley_4936555
8,train,mobley_5003962
8,train,mobley_5006685
8,train,mobley_5052949
8,train,mobley_5072416
8,train,mobley_5076071
8,train,mobley_5079234
8,train,mobley_5094777
8,train,mobley_5110043
8,train,mobley_511661
8,train,mobley_5123639
8,train,mobley_5200358
8,train,mobley_5220185
8,train,mobley_5263791
8,train,mobley_52782
8,train,mobley_5282042
8,train,mobley_5286200
8,train,mobley_5310099
8,train,mobley_5311804
8,train,mobley_5326154
8,train,mobley_5346580
8,train,mobley_5347550
8,train,mobley_5371840
8,train,mobley_5390332
8,train,mobley_5393242
8,train,mobley_5445548
8,train,mobley_5449201
8,train,mobley_5456566
8,train,mobley_5467162
8,train,mobley_547634
8,train,mobley_5494918
8,train,mobley_5499659
8,train,mobley_550662
8,train,mobley_5510474
8,train,mobley_5520946
8,train,mobley_5538249
8,train,mobley_5561855
8,train,mobley_5571660
8,train,mobley_5616693
8,train,mobley_5627459
8,train,mobley_5631798
8,train,mobley_5665561
8,train,mobley_5690766
8,train,mobley_5692472
8,train,mobley_5747188
8,train,mobley_5747981
8,train,mobley_5759258
8,train,mobley_5760563
8,train,mobley_5816127
8,train,mobley_5857
8,train,mobley_5880265
8,train,mobley_5890803
8,train,mobley_590519
8,train,mobley_5917842
8,train,mobley_5935995
8,train,mobley_5948990
8,train,mobley_5952846
8,train,mobley_5973402
8,train,mobley_5977084
8,train,mobley_6006813
8,train,mobley_6055410
8,train,mobley_6060301
8,train,mobley_6081058
8,train,mobley_6082662
8,train,mobley_6091882
8,train,mobley_6102880
8,train,mobley_6115639
8,train,mobley_6175884
8,train,mobley_6195751
8,train,mobley_6198745
8,train,mobley_6201330
8,train,mobley_6232400
8,train,mobley_6235784
8,train,mobley_6248915
8,train,mobley_6250025
8,train,mobley_6257907
8,train,mobley_627267
8,train,mobley_628951
8,train,mobley_6303022
8,train,mobley_6309289
8,train,mobley_6334915
8,train,mobley_6338073
8,train,mobley_6353617
8,train,mobley_6358463
8,train,mobley_6359135
8,train,mobley_6359156
8,train,mobley_637522
8,train,mobley_6416775
8,train,mobley_6430250
8,train,mobley_6456034
8,train,mobley_646007
8,train,mobley_6474572
8,train,mobley_6497672
8,train,mobley_6522117
8,train,mobley_6571751
8,train,mobley_6619554
8,train,mobley_6620221
8,train,mobley_6632459
8,train,mobley_667278
8,train,mobley_6688723
8,train,mobley_6714389
8,train,mobley_6727159
8,train,mobley_6743808
8,train,mobley_676247
8,train,mobley_6794076
8,train,mobley_6804509
8,train,mobley_6843802
8,train,mobley_6854178
8,train,mobley_6861308
8,train,mobley_6896128
8,train,mobley_6911232
8,train,mobley_6917738
8,train,mobley_6929123
8,train,mobley_6935906
8,train,mobley_6973347
8,train,mobley_6978427
8,train,mobley_6981465
8,train,mobley_7010316
8,train,mobley_7015518
8,train,mobley_7039935
8,train,mobley_7047032
8,train,mobley_7066554
8,train,mobley_7106722
8,train,mobley_7142697
8,train,mobley_7150646
8,train,mobley_7157427
8,train,mobley_7176248
8,train,mobley_7176290
8,train,mobley_7200804
8,train,mobley_7203421
8,train,mobley_7227357
8,train,mobley_7239499
8,train,mobley_7261305
8,train,mobley_7295828
8,train,mobley_7298388
8,train,mobley_7326706
8,train,mobley_7326982
8,train,mobley_7360181
8,train,mobley_7364468
8,train,mobley_7375018
8,train,mobley_7378987
8,train,mobley_7393673
8,train,mobley_7417968
8,train,mobley_7455579
8,train,mobley_7463408
8,train,mobley_7463799
8,train,mobley_7497999
8,train,mobley_7532833
8,train,mobley_7542832
8,train,mobley_7573149
8,train,mobley_7578802
8,train,mobley_7608435
8,train,mobley_7608462
8,train,mobley_7676709
8,train,mobley_7688753
8,train,mobley_7690440
8,train,mobley_7708038
8,train,mobley_7735340
8,train,mobley_7754849
8,train,mobley_7758918
8,train,mobley_7768165
8,train,mobley_7769613
8,train,mobley_7774695
8,train,mobley_7794077
8,train,mobley_7814642
8,train,mobley_7859387
8,train,mobley_7860938
8,train,mobley_7869158
8,train,mobley_7943327
8,train,mobley_7977115
8,train,mobley_7983227
8,train,mobley_7988076
8,train,mobley_8006582
8,train,mobley_8011706
8,train,mobley_8052240
8,train,mobley_8057732
8,train,mobley_8117218
8,train,mobley_8118832
8,train,mobley_8124669
8,train,mobley_819018
8,train,mobley_8191186
8,train,mobley_8207196
8,train,mobley_820789
8,train,mobley_8208692
8,train,mobley_8260524
8,train,mobley_8311303
8,train,mobley_8320545
8,train,mobley_8337722
8,train,mobley_8337977
8,train,mobley_8426916
8,train,mobley_8436428
8,train,mobley_8449031
8,train,mobley_8467917
8,train,mobley_8492526
8,train,mobley_8522124
8,train,mobley_8525830
8,train,mobley_8558116
8,train,mobley_8573194
8,train,mobley_8578590
8,train,mobley_859464
8,train,mobley_8614858
8,train,mobley_8668219
8,train,mobley_8685905
8,train,mobley_8691603
8,train,mobley_8705848
8,train,mobley_8713762
8,train,mobley_8723116
8,train,mobley_8739734
8,train,mobley_8746821
8,train,mobley_8754702
8,train,mobley_8764620
8,train,mobley_8765203
8,train,mobley_8772587
8,train,mobley_8785107
8,train,mobley_8789465
8,train,mobley_8789864
8,train,mobley_8798016
8,train,mobley_8809190
8,train,mobley_8823527
8,train,mobley_8827942
8,train,mobley_8861672
8,train,mobley_8882696
8,train,mobley_8883511
8,train,mobley_8885088
8,train,mobley_8916409
8,train,mobley_8966374
8,train,mobley_8983100
8,train,mobley_9015240
8,train,mobley_9028462
8,train,mobley_902954
8,train,mobley_9029594
8,train,mobley_9055303
8,train,mobley_9073553
8,train,mobley_9114381
8,train,mobley_9139060
8,train,mobley_9185328
8,train,mobley_9197172
8,train,mobley_9201263
8,train,mobley_9209581
8,train,mobley_9246351
8,train,mobley_9281946
8,train,mobley_929676
8,train,mobley_9407874
8,train,mobley_9414831
8,train,mobley_9434451
8,train,mobley_9460824
8,train,mobley_9507933
8,train,mobley_9510785
8,train,mobley_951560
8,train,mobley_9534740
8,train,mobley_9557440
8,train,mobley_9571888
8,train,mobley_9617923
8,train,mobley_9624458
8,train,mobley_9626434
8,train,mobley_967099
8,train,mobley_9671033
8,train,mobley_9705941
8,train,mobley_9717937
8,train,mobley_9729792
8,train,mobley_9733743
8,train,mobley_9740891
8,train,mobley_9794857
8,train,mobley_9821936
8,train,mobley_9897248
8,train,mobley_9942801
8,train,mobley_9974966
8,train,mobley_9979854
8,valid,mobley_1107178
8,valid,mobley_1328465
8,valid,mobley_1650157
8,valid,mobley_1722522
8,valid,mobley_1855337
8,valid,mobley_1881249
8,valid,mobley_1899443
8,valid,mobley_1905088
8,valid,mobley_1963873
8,valid,mobley_2213823
8,valid,mobley_2279874
8,valid,mobley_2310185
8,valid,mobley_2487143
8,valid,mobley_2609604
8,valid,mobley_2837389
8,valid,mobley_2844990
8,valid,mobley_2845466
8,valid,mobley_3047364
8,valid,mobley_3053621
8,valid,mobley_3105103
8,valid,mobley_3264884
8,valid,mobley_3525176
8,valid,mobley_3589456
8,valid,mobley_3738859
8,valid,mobley_3968739
8,valid,mobley_3969312
8,valid,mobley_397645
8,valid,mobley_4291494
8,valid,mobley_4395315
8,valid,mobley_4639255
8,valid,mobley_525934
8,valid,mobley_5600967
8,valid,mobley_5852491
8,valid,mobley_6190089
8,valid,mobley_628086
8,valid,mobley_6733657
8,valid,mobley_6988468
8,valid,mobley_7009711
8,valid,mobley_7017274
8,valid,mobley_718988
8,valid,mobley_7599023
8,valid,mobley_778352
8,valid,mobley_7829570
8,valid,mobley_7893124
8,valid,mobley_7912193
8,valid,mobley_7913234
8,valid,mobley_8048190
8,valid,mobley_8221999
8,valid,mobley_8311321
8,valid,mobley_8514745
8,valid,mobley_852937
8,valid,mobley_8809274
8,valid,mobley_900088
8,valid,mobley_9100956
8,valid,mobley_9112978
8,valid,mobley_9246215
8,valid,mobley_9257453
8,valid,mobley_9478823
8,valid,mobley_9565165
8,valid,mobley_9653690
8,valid,mobley_9741965
8,valid,mobley_9838013
8,valid,mobley_9883303
8,valid,mobley_9913368
8,test,mobley_1144156
8,test,mobley_1178614
8,test,mobley_1469079
8,test,mobley_1659169
8,test,mobley_1674094
8,test,mobley_1800170
8,test,mobley_1849020
8,test,mobley_1875719
8,test,mobley_2043882
8,test,mobley_2068538
8,test,mobley_2126135
8,test,mobley_2422586
8,test,mobley_2492140
8,test,mobley_252413
8,test,mobley_2725802
8,test,mobley_2881590
8,test,mobley_2929847
8,test,mobley_3144334
8,test,mobley_3265457
8,test,mobley_3452749
8,test,mobley_349850
8,test,mobley_352111
8,test,mobley_3546460
8,test,mobley_3715043
8,test,mobley_4149784
8,test,mobley_4463913
8,test,mobley_4479135
8,test,mobley_4506634
8,test,mobley_4584540
8,test,mobley_4603202
8,test,mobley_4694328
8,test,mobley_4699732
8,test,mobley_4715906
8,test,mobley_4893032
8,test,mobley_49274
8,test,mobley_4964807
8,test,mobley_4983965
8,test,mobley_5026370
8,test,mobley_5056289
8,test,mobley_5063386
8,test,mobley_5157661
8,test,mobley_5471704
8,test,mobley_5518547
8,test,mobley_5708811
8,test,mobley_5732611
8,test,mobley_588781
8,test,mobley_6239320
8,test,mobley_6266306
8,test,mobley_632905
8,test,mobley_63712
8,test,mobley_664966
8,test,mobley_6739648
8,test,mobley_6812653
8,test,mobley_7099614
8,test,mobley_7415647
8,test,mobley_755351
8,test,mobley_7610437
8,test,mobley_766666
8,test,mobley_7732703
8,test,mobley_8127829
8,test,mobley_8427539
8,test,mobley_8899867
8,test,mobley_9007496
8,test,mobley_9121449
8,test,mobley_994483
9,train,mobley_1019269
9,train,mobley_1034539
9,train,mobley_1036761
9,train,mobley_1046331
9,train,mobley_1075836
9,train,mobley_1079207
9,train,mobley_1107178
9,train,mobley_1139153
9,train,mobley_1160109
9,train,mobley_1178614
9,train,mobley_1189457
9,train,mobley_1199854
9,train,mobley_1231151
9,train,mobley_1235151
9,train,mobley_1244778
9,train,mobley_1278715
9,train,mobley_129464
9,train,mobley_1323538
9,train,mobley_1328465
9,train,mobley_1352110
9,train,mobley_1363784
9,train,mobley_1396156
9,train,mobley_1417007
9,train,mobley_1424265
9,train,mobley_1449384
9,train,mobley_1469079
9,train,mobley_1502181
9,train,mobley_1520842
9,train,mobley_1563176
9,train,mobley_1571523
9,train,mobley_1592519
9,train,mobley_1636752
9,train,mobley_1650157
9,train,mobley_1662128
9,train,mobley_1674094
9,train,mobley_1717215
9,train,mobley_1722522
9,train,mobley_1733799
9,train,mobley_1735893
9,train,mobley_1743409
9,train,mobley_1755375
9,train,mobley_1760914
9,train,mobley_1792062
9,train,mobley_1800170
9,train,mobley_1803862
9,train,mobley_1821184
9,train,mobley_1827204
9,train,mobley_1849020
9,train,mobley_1855337
9,train,mobley_1857976
9,train,mobley_1858644
9,train,mobley_186894
9,train,mobley_1873346
9,train,mobley_1881249
9,train,mobley_1893937
9,train,mobley_1896013
9,train,mobley_1899443
9,train,mobley_1903702
9,train,mobley_1905088
9,train,mobley_1922649
9,train,mobley_1923244
9,train,mobley_1929982
9,train,mobley_194273
9,train,mobley_1944394
9,train,mobley_1952272
9,train,mobley_1967551
9,train,mobley_197466
9,train,mobley_1977493
9,train,mobley_1987439
9,train,mobley_2005792
9,train,mobley_2049967
9,train,mobley_20524
9,train,mobley_2068538
9,train,mobley_210639
9,train,mobley_2126135
9,train,mobley_2143011
9,train,mobley_2146331
9,train,mobley_2178600
9,train,mobley_2183616
9,train,mobley_2198613
9,train,mobley_2213823
9,train,mobley_2245668
9,train,mobley_2261979
9,train,mobley_2269032
9,train,mobley_2294995
9,train,mobley_2295058
9,train,mobley_2310185
9,train,mobley_2316618
9,train,mobley_2328633
9,train,mobley_2341732
9,train,mobley_2354112
9,train,mobley_2364370
9,train,mobley_2371092
9,train,mobley_2390199
9,train,mobley_2402487
9,train,mobley_2422586
9,train,mobley_242480
9,train,mobley_2451097
9,train,mobley_2457863
9,train,mobley_2481002
9,train,mobley_2484519
9,train,mobley_2487143
9,train,mobley_2489709
9,train,mobley_2492140
9,train,mobley_2501588
9,train,mobley_2517158
9,train,mobley_2518989
9,train,mobley_2523689
9,train,mobley_252413
9,train,mobley_2609604
9,train,mobley_2613240
9,train,mobley_2636578
9,train,mobley_2659552
9,train,mobley_2661134
9,train,mobley_2681549
9,train,mobley_2689721
9,train,mobley_2693089
9,train,mobley_2725215
9,train,mobley_2727678
9,train,mobley_2751110
9,train,mobley_2771569
9,train,mobley_2782339
9,train,mobley_2784376
9,train,mobley_2789243
9,train,mobley_2792521
9,train,mobley_282648
9,train,mobley_2837389
9,train,mobley_2844990
9,train,mobley_2845466
9,train,mobley_2850833
9,train,mobley_2881590
9,train,mobley_2913224
9,train,mobley_2923700
9,train,mobley_2925352
9,train,mobley_2929847
9,train,mobley_2958326
9,train,mobley_2960202
9,train,mobley_2972345
9,train,mobley_2972906
9,train,mobley_299266
9,train,mobley_2996632
9,train,mobley_3006808
9,train,mobley_303222
9,train,mobley_3034976
9,train,mobley_3040612
9,train,mobley_3047364
9,train,mobley_3053621
9,train,mobley_3060426
9,train,mobley_3083321
9,train,mobley_3105103
9,train,mobley_313406
9,train,mobley_3144334
9,train,mobley_3151666
9,train,mobley_3167746
9,train,mobley_3169935
9,train,mobley_3187514
9,train,mobley_3201701
9,train,mobley_3211679
9,train,mobley_3234716
9,train,mobley_3259411
9,train,mobley_3264884
9,train,mobley_3265457
9,train,mobley_3266352
9,train,mobley_3269565
9,train,mobley_3274817
9,train,mobley_3318135
9,train,mobley_3323117
9,train,mobley_3325209
9,train,mobley_3370989
9,train,mobley_337666
9,train,mobley_3378420
9,train,mobley_3414356
9,train,mobley_3425174
9,train,mobley_3452749
9,train,mobley_349850
9,train,mobley_3515580
9,train,mobley_352111
9,train,mobley_3525176
9,train,mobley_3546460
9,train,mobley_3572203
9,train,mobley_3573480
9,train,mobley_3589456
9,train,mobley_36119
9,train,mobley_3663158
9,train,mobley_3682850
9,train,mobley_3686115
9,train,mobley_3690931
9,train,mobley_3709920
9,train,mobley_3715043
9,train,mobley_3727287
9,train,mobley_3738859
9,train,mobley_3746675
9,train,mobley_3761215
9,train,mobley_3762186
9,train,mobley_3777264
9,train,mobley_3802803
9,train,mobley_3867265
9,train,mobley_3968043
9,train,mobley_3968739
9,train,mobley_397645
9,train,mobley_3976574
9,train,mobley_3980099
9,train,mobley_3982371
9,train,mobley_4035953
9,train,mobley_4039055
9,train,mobley_4043951
9,train,mobley_4043987
9,train,mobley_4059279
9,train,mobley_4149784
9,train,mobley_4188615
9,train,mobley_4193752
9,train,mobley_4218209
9,train,mobley_4219614
9,train,mobley_4291494
9,train,mobley_4305650
9,train,mobley_4338603
9,train,mobley_4364398
9,train,mobley_4371692
9,train,mobley_4375719
9,train,mobley_4395315
9,train,mobley_4434915
9,train,mobley_4463913
9,train,mobley_4465023
9,train,mobley_4479135
9,train,mobley_4483973
9,train,mobley_4494568
9,train,mobley_4506634
9,train,mobley_4553008
9,train,mobley_4561957
9,train,mobley_4584540
9,train,mobley_4587267
9,train,mobley_4603202
9,train,mobley_4613090
9,train,mobley_4620651
9,train,mobley_4630641
9,train,mobley_4639255
9,train,mobley_4678740
9,train,mobley_4687447
9,train,mobley_468867
9,train,mobley_4690963
9,train,mobley_4694328
9,train,mobley_4699732
9,train,mobley_4715906
9,train,mobley_4759887
9,train,mobley_4762983
9,train,mobley_4792268
9,train,mobley_4845722
9,train,mobley_486214
9,train,mobley_4883284
9,train,mobley_4884177
9,train,mobley_49274
9,train,mobley_4964807
9,train,mobley_4983965
9,train,mobley_5003962
9,train,mobley_5006685
9,train,mobley_5052949
9,train,mobley_5056289
9,train,mobley_5063386
9,train,mobley_5072416
9,train,mobley_5076071
9,train,mobley_5094777
9,train,mobley_5110043
9,train,mobley_511661
9,train,mobley_5157661
9,train,mobley_5200358
9,train,mobley_5220185
9,train,mobley_525934
9,train,mobley_5263791
9,train,mobley_52782
9,train,mobley_5286200
9,train,mobley_5310099
9,train,mobley_5311804
9,train,mobley_5346580
9,train,mobley_5347550
9,train,mobley_5371840
9,train,mobley_5390332
9,train,mobley_5393242
9,train,mobley_5449201
9,train,mobley_5456566
9,train,mobley_5471704
9,train,mobley_547634
9,train,mobley_5494918
9,train,mobley_5499659
9,train,mobley_550662
9,train,mobley_5510474
9,train,mobley_5520946
9,train,mobley_5538249
9,train,mobley_5561855
9,train,mobley_5571660
9,train,mobley_5600967
9,train,mobley_5616693
9,train,mobley_5631798
9,train,mobley_5665561
9,train,mobley_5690766
9,train,mobley_5692472
9,train,mobley_5708811
9,train,mobley_5747188
9,train,mobley_5747981
9,train,mobley_5759258
9,train,mobley_5760563
9,train,mobley_5816127
9,train,mobley_5852491
9,train,mobley_5857
9,train,mobley_5880265
9,train,mobley_588781
9,train,mobley_590519
9,train,mobley_5917842
9,train,mobley_5948990
9,train,mobley_5977084
9,train,mobley_6006813
9,train,mobley_6055410
9,train,mobley_6060301
9,train,mobley_6081058
9,train,mobley_6091882
9,train,mobley_6115639
9,train,mobley_6175884
9,train,mobley_6190089
9,train,mobley_6195751
9,train,mobley_6198745
9,train,mobley_6201330
9,train,mobley_6232400
9,train,mobley_6235784
9,train,mobley_6239320
9,train,mobley_6250025
9,train,mobley_6257907
9,train,mobley_6266306
9,train,mobley_627267
9,train,mobley_6303022
9,train,mobley_6309289
9,train,mobley_632905
9,train,mobley_6334915
9,train,mobley_6338073
9,train,mobley_6353617
9,train,mobley_6359135
9,train,mobley_6359156
9,train,mobley_63712
9,train,mobley_637522
9,train,mobley_6416775
9,train,mobley_6430250
9,train,mobley_6456034
9,train,mobley_646007
9,train,mobley_6474572
9,train,mobley_6497672
9,train,mobley_6522117
9,train,mobley_6571751
9,train,mobley_6619554
9,train,mobley_667278
9,train,mobley_6688723
9,train,mobley_6714389
9,train,mobley_6727159
9,train,mobley_6733657
9,train,mobley_6739648
9,train,mobley_6743808
9,train,mobley_676247
9,train,mobley_6794076
9,train,mobley_6812653
9,train,mobley_6843802
9,train,mobley_6861308
9,train,mobley_6896128
9,train,mobley_6911232
9,train,mobley_6917738
9,train,mobley_6929123
9,train,mobley_6973347
9,train,mobley_6978427
9,train,mobley_6988468
9,train,mobley_7009711
9,train,mobley_7010316
9,train,mobley_7015518
9,train,mobley_7017274
9,train,mobley_7039935
9,train,mobley_7047032
9,train,mobley_7066554
9,train,mobley_7099614
9,train,mobley_7106722
9,train,mobley_7157427
9,train,mobley_7176290
9,train,mobley_7200804
9,train,mobley_7227357
9,train,mobley_7239499
9,train,mobley_7261305
9,train,mobley_7295828
9,train,mobley_7298388
9,train,mobley_7326706
9,train,mobley_7326982
9,train,mobley_7360181
9,train,mobley_7364468
9,train,mobley_7375018
9,train,mobley_7378987
9,train,mobley_7393673
9,train,mobley_7417968
9,train,mobley_7463408
9,train,mobley_7463799
9,train,mobley_7497999
9,train,mobley_7542832
9,train,mobley_755351
9,train,mobley_7573149
9,train,mobley_7578802
9,train,mobley_7599023
9,train,mobley_7608435
9,train,mobley_7608462
9,train,mobley_7610437
9,train,mobley_766666
9,train,mobley_7676709
9,train,mobley_7688753
9,train,mobley_7690440
9,train,mobley_7708038
9,train,mobley_7732703
9,train,mobley_7735340
9,train,mobley_7754849
9,train,mobley_7758918
9,train,mobley_7768165
9,train,mobley_7769613
9,train,mobley_7774695
9,train,mobley_778352
9,train,mobley_7794077
9,train,mobley_7814642
9,train,mobley_7829570
9,train,mobley_7860938
9,train,mobley_7893124
9,train,mobley_7912193
9,train,mobley_7913234
9,train,mobley_7943327
9,train,mobley_7988076
9,train,mobley_8011706
9,train,mobley_8052240
9,train,mobley_8057732
9,train,mobley_8117218
9,train,mobley_8118832
9,train,mobley_8124669
9,train,mobley_8127829
9,train,mobley_819018
9,train,mobley_8191186
9,train,mobley_820789
9,train,mobley_8311303
9,train,mobley_8311321
9,train,mobley_8320545
9,train,mobley_8337722
9,train,mobley_8337977
9,train,mobley_8426916
9,train,mobley_8436428
9,train,mobley_8449031
9,train,mobley_8492526
9,train,mobley_8522124
9,train,mobley_8525830
9,train,mobley_852937
9,train,mobley_8558116
9,train,mobley_8573194
9,train,mobley_8578590
9,train,mobley_859464
9,train,mobley_8614858
9,train,mobley_8668219
9,train,mobley_8691603
9,train,mobley_8713762
9,train,mobley_8723116
9,train,mobley_8746821
9,train,mobley_8754702
9,train,mobley_8765203
9,train,mobley_8772587
9,train,mobley_8785107
9,train,mobley_8789864
9,train,mobley_8798016
9,train,mobley_8809190
9,train,mobley_8809274
9,train,mobley_8823527
9,train,mobley_8827942
9,train,mobley_8882696
9,train,mobley_8885088
9,train,mobley_8899867
9,train,mobley_900088
9,train,mobley_9015240
9,train,mobley_9028462
9,train,mobley_902954
9,train,mobley_9029594
9,train,mobley_9055303
9,train,mobley_9073553
9,train,mobley_9100956
9,train,mobley_9112978
9,train,mobley_9114381
9,train,mobley_9121449
9,train,mobley_9139060
9,train,mobley_9185328
9,train,mobley_9209581
9,train,mobley_9246215
9,train,mobley_9246351
9,train,mobley_9281946
9,train,mobley_929676
9,train,mobley_9407874
9,train,mobley_9414831
9,train,mobley_9434451
9,train,mobley_9460824
9,train,mobley_9507933
9,train,mobley_9510785
9,train,mobley_951560
9,train,mobley_9534740
9,train,mobley_9565165
9,train,mobley_9571888
9,train,mobley_9617923
9,train,mobley_9624458
9,train,mobley_9626434
9,train,mobley_9653690
9,train,mobley_967099
9,train,mobley_9705941
9,train,mobley_9717937
9,train,mobley_9729792
9,train,mobley_9733743
9,train,mobley_9740891
9,train,mobley_9741965
9,train,mobley_9821936
9,train,mobley_9838013
9,train,mobley_9897248
9,train,mobley_9942801
9,train,mobley_994483
9,train,mobley_9979854
9,valid,mobley_1144156
9,valid,mobley_1261349
9,valid,mobley_1659169
9,valid,mobley_1723043
9,valid,mobley_1770205
9,valid,mobley_1875719
9,valid,mobley_1893815
9,valid,mobley_2008055
9,valid,mobley_2023925
9,valid,mobley_2043882
9,valid,mobley_2123854
9,valid,mobley_2197088
9,valid,mobley_2279874
9,valid,mobley_2493732
9,valid,mobley_2607611
9,valid,mobley_2725802
9,valid,mobley_2802855
9,valid,mobley_2864987
9,valid,mobley_3183805
9,valid,mobley_3210206
9,valid,mobley_3269819
9,valid,mobley_3359593
9,valid,mobley_3398536
9,valid,mobley_3969312
9,valid,mobley_4013838
9,valid,mobley_4177472
9,valid,mobley_430089
9,valid,mobley_4609460
9,valid,mobley_4683624
9,valid,mobley_4850657
9,valid,mobley_4893032
9,valid,mobley_4924862
9,valid,mobley_4934872
9,valid,mobley_4936555
9,valid,mobley_5123639
9,valid,mobley_5627459
9,valid,mobley_5732611
9,valid,mobley_5973402
9,valid,mobley_6082662
9,valid,mobley_6248915
9,valid,mobley_628951
9,valid,mobley_6620221
9,valid,mobley_6804509
9,valid,mobley_6854178
9,valid,mobley_6935906
9,valid,mobley_718988
9,valid,mobley_7455579
9,valid,mobley_7977115
9,valid,mobley_8207196
9,valid,mobley_8260524
9,valid,mobley_8427539
9,valid,mobley_8467917
9,valid,mobley_8685905
9,valid,mobley_8705848
9,valid,mobley_8764620
9,valid,mobley_8789465
9,valid,mobley_8916409
9,valid,mobley_8966374
9,valid,mobley_8983100
9,valid,mobley_9007496
9,valid,mobley_9201263
9,valid,mobley_9257453
9,valid,mobley_9913368
9,valid,mobley_9974966
9,test,mobley_1017962
9,test,mobley_1328936
9,test,mobley_1527293
9,test,mobley_1615431
9,test,mobley_1708457
9,test,mobley_1728386
9,test,mobley_172879
9,test,mobley_1781152
9,test,mobley_1838110
9,test,mobley_1963873
9,test,mobley_1976156
9,test,mobley_2078467
9,test,mobley_2099370
9,test,mobley_2410897
9,test,mobley_2577969
9,test,mobley_2763835
9,test,mobley_2859600
9,test,mobley_296847
9,test,mobley_3395921
9,test,mobley_3639400
9,test,mobley_3775790
9,test,mobley_3843583
9,test,mobley_3999471
9,test,mobley_4252724
9,test,mobley_4287564
9,test,mobley_4780078
9,test,mobley_5026370
9,test,mobley_5079234
9,test,mobley_5282042
9,test,mobley_5326154
9,test,mobley_5445548
9,test,mobley_5467162
9,test,mobley_5518547
9,test,mobley_5890803
9,test,mobley_5935995
9,test,mobley_5952846
9,test,mobley_6102880
9,test,mobley_628086
9,test,mobley_6358463
9,test,mobley_6632459
9,test,mobley_664966
9,test,mobley_6981465
9,test,mobley_7142697
9,test,mobley_7150646
9,test,mobley_7176248
9,test,mobley_7203421
9,test,mobley_7415647
9,test,mobley_7532833
9,test,mobley_7859387
9,test,mobley_7869158
9,test,mobley_7983227
9,test,mobley_8006582
9,test,mobley_8048190
9,test,mobley_8208692
9,test,mobley_8221999
9,test,mobley_8514745
9,test,mobley_8739734
9,test,mobley_8861672
9,test,mobley_8883511
9,test,mobley_9197172
9,test,mobley_9478823
9,test,mobley_9557440
9,test,mobley_9671033
9,test,mobley_9794857
9,test,mobley_9883303
10,train,mobley_1017962
10,train,mobley_1019269
10,train,mobley_1034539
10,train,mobley_1036761
10,train,mobley_1046331
10,train,mobley_1075836
10,train,mobley_1079207
10,train,mobley_1107178
10,train,mobley_1139153
10,train,mobley_1160109
10,train,mobley_1178614
10,train,mobley_1189457
10,train,mobley_1199854
10,train,mobley_1231151
10,train,mobley_1235151
10,train,mobley_1244778
10,train,mobley_1278715
10,train,mobley_129464
10,train,mobley_1323538
10,train,mobley_1328936
10,train,mobley_1352110
10,train,mobley_1396156
10,train,mobley_1417007
10,train,mobley_1424265
10,train,mobley_1449384
10,train,mobley_1502181
10,train,mobley_1527293
10,train,mobley_1563176
10,train,mobley_1571523
10,train,mobley_1615431
10,train,mobley_1636752
10,train,mobley_1650157
10,train,mobley_1659169
10,train,mobley_1662128
10,train,mobley_1674094
10,train,mobley_1717215
10,train,mobley_1722522
10,train,mobley_1723043
10,train,mobley_172879
10,train,mobley_1733799
10,train,mobley_1735893
10,train,mobley_1743409
10,train,mobley_1755375
10,train,mobley_1770205
10,train,mobley_1781152
10,train,mobley_1792062
10,train,mobley_1800170
10,train,mobley_1803862
10,train,mobley_1827204
10,train,mobley_1838110
10,train,mobley_1849020
10,train,mobley_1857976
10,train,mobley_186894
10,train,mobley_1875719
10,train,mobley_1893815
10,train,mobley_1893937
10,train,mobley_1896013
10,train,mobley_1899443
10,train,mobley_1903702
10,train,mobley_1923244
10,train,mobley_1929982
10,train,mobley_1944394
10,train,mobley_1952272
10,train,mobley_1963873
10,train,mobley_1967551
10,train,mobley_197466
10,train,mobley_1976156
10,train,mobley_1977493
10,train,mobley_2005792
10,train,mobley_2008055
10,train,mobley_2023925
10,train,mobley_2043882
10,train,mobley_2078467
10,train,mobley_2099370
10,train,mobley_210639
10,train,mobley_2123854
10,train,mobley_2143011
10,train,mobley_2146331
10,train,mobley_2178600
10,train,mobley_2183616
10,train,mobley_2197088
10,train,mobley_2198613
10,train,mobley_2213823
10,train,mobley_2245668
10,train,mobley_2261979
10,train,mobley_2269032
10,train,mobley_2279874
10,train,mobley_2294995
10,train,mobley_2310185
10,train,mobley_2328633
10,train,mobley_2364370
10,train,mobley_2390199
10,train,mobley_2402487
10,train,mobley_2410897
10,train,mobley_2422586
10,train,mobley_242480
10,train,mobley_2451097
10,train,mobley_2457863
10,train,mobley_2481002
10,train,mobley_2484519
10,train,mobley_2487143
10,train,mobley_2489709
10,train,mobley_2492140
10,train,mobley_2493732
10,train,mobley_2501588
10,train,mobley_2517158
10,train,mobley_2518989
10,train,mobley_2523689
10,train,mobley_252413
10,train,mobley_2607611
10,train,mobley_2609604
10,train,mobley_2613240
10,train,mobley_2636578
10,train,mobley_2661134
10,train,mobley_2689721
10,train,mobley_2693089
10,train,mobley_2725215
10,train,mobley_2725802
10,train,mobley_2727678
10,train,mobley_2763835
10,train,mobley_2771569
10,train,mobley_2782339
10,train,mobley_2789243
10,train,mobley_2792521
10,train,mobley_282648
10,train,mobley_2844990
10,train,mobley_2864987
10,train,mobley_2881590
10,train,mobley_2913224
10,train,mobley_2923700
10,train,mobley_2925352
10,train,mobley_2929847
10,train,mobley_2958326
10,train,mobley_2960202
10,train,mobley_296847
10,train,mobley_2972345
10,train,mobley_2972906
10,train,mobley_299266
10,train,mobley_3006808
10,train,mobley_303222
10,train,mobley_3034976
10,train,mobley_3040612
10,train,mobley_3047364
10,train,mobley_3053621
10,train,mobley_3060426
10,train,mobley_3083321
10,train,mobley_3105103
10,train,mobley_313406
10,train,mobley_3144334
10,train,mobley_3151666
10,train,mobley_3167746
10,train,mobley_3169935
10,train,mobley_3183805
10,train,mobley_3210206
10,train,mobley_3234716
10,train,mobley_3259411
10,train,mobley_3264884
10,train,mobley_3265457
10,train,mobley_3266352
10,train,mobley_3269565
10,train,mobley_3269819
10,train,mobley_3274817
10,train,mobley_3318135
10,train,mobley_3323117
10,train,mobley_3325209
10,train,mobley_3359593
10,train,mobley_3370989
10,train,mobley_337666
10,train,mobley_3378420
10,train,mobley_3395921
10,train,mobley_3398536
10,train,mobley_3414356
10,train,mobley_3425174
10,train,mobley_3452749
10,train,mobley_349850
10,train,mobley_3515580
10,train,mobley_352111
10,train,mobley_3525176
10,train,mobley_3546460
10,train,mobley_3572203
10,train,mobley_3573480
10,train,mobley_36119
10,train,mobley_3639400
10,train,mobley_3663158
10,train,mobley_3682850
10,train,mobley_3686115
10,train,mobley_3690931
10,train,mobley_3709920
10,train,mobley_3715043
10,train,mobley_3738859
10,train,mobley_3746675
10,train,mobley_3761215
10,train,mobley_3775790
10,train,mobley_3777264
10,train,mobley_3802803
10,train,mobley_3843583
10,train,mobley_3867265
10,train,mobley_3968043
10,train,mobley_3968739
10,train,mobley_3969312
10,train,mobley_397645
10,train,mobley_3976574
10,train,mobley_3982371
10,train,mobley_3999471
10,train,mobley_4013838
10,train,mobley_4035953
10,train,mobley_4039055
10,train,mobley_4043951
10,train,mobley_4177472
10,train,mobley_4188615
10,train,mobley_4193752
10,train,mobley_4218209
10,train,mobley_4219614
10,train,mobley_4252724
10,train,mobley_4291494
10,train,mobley_430089
10,train,mobley_4338603
10,train,mobley_4364398
10,train,mobley_4375719
10,train,mobley_4434915
10,train,mobley_4463913
10,train,mobley_4465023
10,train,mobley_4479135
10,train,mobley_4506634
10,train,mobley_4553008
10,train,mobley_4561957
10,train,mobley_4584540
10,train,mobley_4587267
10,train,mobley_4609460
10,train,mobley_4613090
10,train,mobley_4620651
10,train,mobley_4630641
10,train,mobley_4678740
10,train,mobley_4683624
10,train,mobley_4690963
10,train,mobley_4694328
10,train,mobley_4699732
10,train,mobley_4715906
10,train,mobley_4762983
10,train,mobley_4780078
10,train,mobley_4845722
10,train,mobley_4850657
10,train,mobley_486214
10,train,mobley_4884177
10,train,mobley_4893032
10,train,mobley_4924862
10,train,mobley_49274
10,train,mobley_4936555
10,train,mobley_4964807
10,train,mobley_4983965
10,train,mobley_5003962
10,train,mobley_5006685
10,train,mobley_5052949
10,train,mobley_5056289
10,train,mobley_5063386
10,train,mobley_5072416
10,train,mobley_5079234
10,train,mobley_5094777
10,train,mobley_5110043
10,train,mobley_511661
10,train,mobley_5123639
10,train,mobley_5157661
10,train,mobley_525934
10,train,mobley_5263791
10,train,mobley_52782
10,train,mobley_5282042
10,train,mobley_5286200
10,train,mobley_5310099
10,train,mobley_5311804
10,train,mobley_5326154
10,train,mobley_5346580
10,train,mobley_5449201
10,train,mobley_5456566
10,train,mobley_5467162
10,train,mobley_5471704
10,train,mobley_547634
10,train,mobley_5494918
10,train,mobley_5499659
10,train,mobley_550662
10,train,mobley_5510474
10,train,mobley_5518547
10,train,mobley_5520946
10,train,mobley_5538249
10,train,mobley_5561855
10,train,mobley_5600967
10,train,mobley_5616693
10,train,mobley_5631798
10,train,mobley_5665561
10,train,mobley_5690766
10,train,mobley_5692472
10,train,mobley_5708811
10,train,mobley_5732611
10,train,mobley_5747188
10,train,mobley_5759258
10,train,mobley_5760563
10,train,mobley_5816127
10,train,mobley_5852491
10,train,mobley_5857
10,train,mobley_588781
10,train,mobley_5917842
10,train,mobley_5948990
10,train,mobley_5952846
10,train,mobley_5973402
10,train,mobley_5977084
10,train,mobley_6006813
10,train,mobley_6055410
10,train,mobley_6081058
10,train,mobley_6091882
10,train,mobley_6102880
10,train,mobley_6115639
10,train,mobley_6175884
10,train,mobley_6190089
10,train,mobley_6195751
10,train,mobley_6198745
10,train,mobley_6201330
10,train,mobley_6232400
10,train,mobley_6235784
10,train,mobley_6239320
10,train,mobley_6248915
10,train,mobley_6250025
10,train,mobley_6257907
10,train,mobley_627267
10,train,mobley_628951
10,train,mobley_6309289
10,train,mobley_6334915
10,train,mobley_6338073
10,train,mobley_6353617
10,train,mobley_6358463
10,train,mobley_6359135
10,train,mobley_6359156
10,train,mobley_63712
10,train,mobley_637522
10,train,mobley_6416775
10,train,mobley_6430250
10,train,mobley_6456034
10,train,mobley_6474572
10,train,mobley_6497672
10,train,mobley_6571751
10,train,mobley_6619554
10,train,mobley_6620221
10,train,mobley_6632459
10,train,mobley_664966
10,train,mobley_667278
10,train,mobley_6688723
10,train,mobley_6727159
10,train,mobley_6733657
10,train,mobley_6739648
10,train,mobley_6743808
10,train,mobley_676247
10,train,mobley_6794076
10,train,mobley_6804509
10,train,mobley_6843802
10,train,mobley_6861308
10,train,mobley_6911232
10,train,mobley_6917738
10,train,mobley_6973347
10,train,mobley_6978427
10,train,mobley_6981465
10,train,mobley_6988468
10,train,mobley_7009711
10,train,mobley_7010316
10,train,mobley_7015518
10,train,mobley_7017274
10,train,mobley_7039935
10,train,mobley_7047032
10,train,mobley_7066554
10,train,mobley_7099614
10,train,mobley_7142697
10,train,mobley_7176290
10,train,mobley_718988
10,train,mobley_7200804
10,train,mobley_7203421
10,train,mobley_7227357
10,train,mobley_7239499
10,train,mobley_7295828
10,train,mobley_7326982
10,train,mobley_7360181
10,train,mobley_7364468
10,train,mobley_7375018
10,train,mobley_7378987
10,train,mobley_7393673
10,train,mobley_7415647
10,train,mobley_7455579
10,train,mobley_7463408
10,train,mobley_7463799
10,train,mobley_7497999
10,train,mobley_7532833
10,train,mobley_7542832
10,train,mobley_755351
10,train,mobley_7573149
10,train,mobley_7578802
10,train,mobley_7599023
10,train,mobley_7608435
10,train,mobley_7608462
10,train,mobley_7610437
10,train,mobley_766666
10,train,mobley_7676709
10,train,mobley_7688753
10,train,mobley_7708038
10,train,mobley_7735340
10,train,mobley_7754849
10,train,mobley_7768165
10,train,mobley_7769613
10,train,mobley_7774695
10,train,mobley_7794077
10,train,mobley_7814642
10,train,mobley_7829570
10,train,mobley_7860938
10,train,mobley_7869158
10,train,mobley_7893124
10,train,mobley_7912193
10,train,mobley_7943327
10,train,mobley_7977115
10,train,mobley_7983227
10,train,mobley_7988076
10,train,mobley_8006582
10,train,mobley_8011706
10,train,mobley_8048190
10,train,mobley_8052240
10,train,mobley_8057732
10,train,mobley_8118832
10,train,mobley_8124669
10,train,mobley_8127829
10,train,mobley_819018
10,train,mobley_8207196
10,train,mobley_820789
10,train,mobley_8208692
10,train,mobley_8221999
10,train,mobley_8260524
10,train,mobley_8311303
10,train,mobley_8311321
10,train,mobley_8320545
10,train,mobley_8337722
10,train,mobley_8337977
10,train,mobley_8427539
10,train,mobley_8436428
10,train,mobley_8449031
10,train,mobley_8467917
10,train,mobley_8514745
10,train,mobley_8522124
10,train,mobley_8525830
10,train,mobley_8558116
10,train,mobley_8573194
10,train,mobley_8578590
10,train,mobley_859464
10,train,mobley_8614858
10,train,mobley_8668219
10,train,mobley_8685905
10,train,mobley_8691603
10,train,mobley_8705848
10,train,mobley_8713762
10,train,mobley_8723116
10,train,mobley_8754702
10,train,mobley_8764620
10,train,mobley_8765203
10,train,mobley_8772587
10,train,mobley_8785107
10,train,mobley_8789465
10,train,mobley_8789864
10,train,mobley_8798016
10,train,mobley_8809190
10,train,mobley_8809274
10,train,mobley_8823527
10,train,mobley_8861672
10,train,mobley_8882696
10,train,mobley_8885088
10,train,mobley_8899867
10,train,mobley_8916409
10,train,mobley_8966374
10,train,mobley_8983100
10,train,mobley_900088
10,train,mobley_9007496
10,train,mobley_9028462
10,train,mobley_9029594
10,train,mobley_9055303
10,train,mobley_9100956
10,train,mobley_9114381
10,train,mobley_9121449
10,train,mobley_9139060
10,train,mobley_9185328
10,train,mobley_9201263
10,train,mobley_9209581
10,train,mobley_9246351
10,train,mobley_9281946
10,train,mobley_929676
10,train,mobley_9407874
10,train,mobley_9478823
10,train,mobley_9507933
10,train,mobley_9510785
10,train,mobley_951560
10,train,mobley_9557440
10,train,mobley_9565165
10,train,mobley_9571888
10,train,mobley_9624458
10,train,mobley_9626434
10,train,mobley_9653690
10,train,mobley_967099
10,train,mobley_9671033
10,train,mobley_9705941
10,train,mobley_9717937
10,train,mobley_9729792
10,train,mobley_9733743
10,train,mobley_9740891
10,train,mobley_9741965
10,train,mobley_9794857
10,train,mobley_9821936
10,train,mobley_9838013
10,train,mobley_9883303
10,train,mobley_9913368
10,train,mobley_9942801
10,train,mobley_994483
10,train,mobley_9974966
10,train,mobley_9979854
10,valid,mobley_1144156
10,valid,mobley_1261349
10,valid,mobley_1328465
10,valid,mobley_1708457
10,valid,mobley_1728386
10,valid,mobley_1760914
10,valid,mobley_1821184
10,valid,mobley_1858644
10,valid,mobley_1873346
10,valid,mobley_1881249
10,valid,mobley_2049967
10,valid,mobley_2068538
10,valid,mobley_2126135
10,valid,mobley_2802855
10,valid,mobley_2837389
10,valid,mobley_2850833
10,valid,mobley_2859600
10,valid,mobley_2996632
10,valid,mobley_3201701
10,valid,mobley_3211679
10,valid,mobley_3589456
10,valid,mobley_4059279
10,valid,mobley_4287564
10,valid,mobley_4305650
10,valid,mobley_4371692
10,valid,mobley_4494568
10,valid,mobley_4687447
10,valid,mobley_468867
10,valid,mobley_4792268
10,valid,mobley_4883284
10,valid,mobley_4934872
10,valid,mobley_5026370
10,valid,mobley_5200358
10,valid,mobley_5347550
10,valid,mobley_5390332
10,valid,mobley_5890803
10,valid,mobley_590519
10,valid,mobley_5935995
10,valid,mobley_6082662
10,valid,mobley_628086
10,valid,mobley_646007
10,valid,mobley_6522117
10,valid,mobley_6714389
10,valid,mobley_6854178
10,valid,mobley_6896128
10,valid,mobley_6929123
10,valid,mobley_6935906
10,valid,mobley_7106722
10,valid,mobley_7150646
10,valid,mobley_7157427
10,valid,mobley_7690440
10,valid,mobley_7732703
10,valid,mobley_7758918
10,valid,mobley_7859387
10,valid,mobley_7913234
10,valid,mobley_8191186
10,valid,mobley_852937
10,valid,mobley_8746821
10,valid,mobley_8883511
10,valid,mobley_9112978
10,valid,mobley_9197172
10,valid,mobley_9414831
10,valid,mobley_9434451
10,valid,mobley_9460824
10,test,mobley_1363784
10,test,mobley_1469079
10,test,mobley_1520842
10,test,mobley_1592519
10,test,mobley_1855337
10,test,mobley_1905088
10,test,mobley_1922649
10,test,mobley_194273
10,test,mobley_1987439
10,test,mobley_20524
10,test,mobley_2295058
10,test,mobley_2316618
10,test,mobley_2341732
10,test,mobley_2354112
10,test,mobley_2371092
10,test,mobley_2577969
10,test,mobley_2659552
10,test,mobley_2681549
10,test,mobley_2751110
10,test,mobley_2784376
10,test,mobley_2845466
10,test,mobley_3187514
10,test,mobley_3727287
10,test,mobley_3762186
10,test,mobley_3980099
10,test,mobley_4043987
10,test,mobley_4149784
10,test,mobley_4395315
10,test,mobley_4483973
10,test,mobley_4603202
10,test,mobley_4639255
10,test,mobley_4759887
10,test,mobley_5076071
10,test,mobley_5220185
10,test,mobley_5371840
10,test,mobley_5393242
10,test,mobley_5445548
10,test,mobley_5571660
10,test,mobley_5627459
10,test,mobley_5747981
10,test,mobley_5880265
10,test,mobley_6060301
10,test,mobley_6266306
10,test,mobley_6303022
10,test,mobley_632905
10,test,mobley_6812653
10,test,mobley_7176248
10,test,mobley_7261305
10,test,mobley_7298388
10,test,mobley_7326706
10,test,mobley_7417968
10,test,mobley_778352
10,test,mobley_8117218
10,test,mobley_8426916
10,test,mobley_8492526
10,test,mobley_8739734
10,test,mobley_8827942
10,test,mobley_9015240
10,test,mobley_902954
10,test,mobley_9073553
10,test,mobley_9246215
10,test,mobley_9257453
10,test,mobley_9534740
10,test,mobley_9617923
10,test,mobley_9897248
11,train,mobley_1019269
11,train,mobley_1034539
11,train,mobley_1036761
11,train,mobley_1079207
11,train,mobley_1107178
11,train,mobley_1139153
11,train,mobley_1144156
11,train,mobley_1160109
11,train,mobley_1178614
11,train,mobley_1189457
11,train,mobley_1199854
11,train,mobley_1231151
11,train,mobley_1235151
11,train,mobley_1244778
11,train,mobley_1261349
11,train,mobley_1278715
11,train,mobley_1323538
11,train,mobley_1328465
11,train,mobley_1328936
11,train,mobley_1352110
11,train,mobley_1363784
11,train,mobley_1396156
11,train,mobley_1424265
11,train,mobley_1469079
11,train,mobley_1502181
11,train,mobley_1527293
11,train,mobley_1563176
11,train,mobley_1571523
11,train,mobley_1592519
11,train,mobley_1615431
11,train,mobley_1636752
11,train,mobley_1650157
11,train,mobley_1659169
11,train,mobley_1674094
11,train,mobley_1708457
11,train,mobley_1717215
11,train,mobley_1728386
11,train,mobley_172879
11,train,mobley_1733799
11,train,mobley_1735893
11,train,mobley_1743409
11,train,mobley_1755375
11,train,mobley_1760914
11,train,mobley_1770205
11,train,mobley_1781152
11,train,mobley_1792062
11,train,mobley_1800170
11,train,mobley_1803862
11,train,mobley_1821184
11,train,mobley_1827204
11,train,mobley_1838110
11,train,mobley_1849020
11,train,mobley_1855337
11,train,mobley_1858644
11,train,mobley_186894
11,train,mobley_1873346
11,train,mobley_1875719
11,train,mobley_1881249
11,train,mobley_1893815
11,train,mobley_1893937
11,train,mobley_1899443
11,train,mobley_1905088
11,train,mobley_1922649
11,train,mobley_1923244
11,train,mobley_1944394
11,train,mobley_1952272
11,train,mobley_1967551
11,train,mobley_197466
11,train,mobley_1976156
11,train,mobley_1987439
11,train,mobley_2005792
11,train,mobley_2008055
11,train,mobley_2043882
11,train,mobley_2049967
11,train,mobley_20524
11,train,mobley_2068538
11,train,mobley_210639
11,train,mobley_2123854
11,train,mobley_2126135
11,train,mobley_2143011
11,train,mobley_2146331
11,train,mobley_2178600
11,train,mobley_2183616
11,train,mobley_2197088
11,train,mobley_2198613
11,train,mobley_2245668
11,train,mobley_2261979
11,train,mobley_2269032
11,train,mobley_2294995
11,train,mobley_2295058
11,train,mobley_2310185
11,train,mobley_2316618
11,train,mobley_2328633
11,train,mobley_2341732
11,train,mobley_2354112
11,train,mobley_2364370
11,train,mobley_2402487
11,train,mobley_2410897
11,train,mobley_2422586
11,train,mobley_2457863
11,train,mobley_2484519
11,train,mobley_2487143
11,train,mobley_2492140
11,train,mobley_2501588
11,train,mobley_2517158
11,train,mobley_2523689
11,train,mobley_252413
11,train,mobley_2577969
11,train,mobley_2609604
11,train,mobley_2636578
11,train,mobley_2659552
11,train,mobley_2661134
11,train,mobley_2689721
11,train,mobley_2693089
11,train,mobley_2725215
11,train,mobley_2725802
11,train,mobley_2727678
11,train,mobley_2751110
11,train,mobley_2771569
11,train,mobley_2782339
11,train,mobley_2784376
11,train,mobley_2789243
11,train,mobley_2792521
11,train,mobley_2802855
11,train,mobley_282648
11,train,mobley_2837389
11,train,mobley_2844990
11,train,mobley_2845466
11,train,mobley_2850833
11,train,mobley_2864987
11,train,mobley_2881590
11,train,mobley_2913224
11,train,mobley_2923700
11,train,mobley_2925352
11,train,mobley_2929847
11,train,mobley_2960202
11,train,mobley_2972345
11,train,mobley_299266
11,train,mobley_2996632
11,train,mobley_303222
11,train,mobley_3034976
11,train,mobley_3040612
11,train,mobley_3047364
11,train,mobley_3053621
11,train,mobley_3060426
11,train,mobley_3105103
11,train,mobley_313406
11,train,mobley_3144334
11,train,mobley_3151666
11,train,mobley_3167746
11,train,mobley_3169935
11,train,mobley_3187514
11,train,mobley_3201701
11,train,mobley_3234716
11,train,mobley_3259411
11,train,mobley_3264884
11,train,mobley_3265457
11,train,mobley_3266352
11,train,mobley_3269565
11,train,mobley_3269819
11,train,mobley_3274817
11,train,mobley_3318135
11,train,mobley_3323117
11,train,mobley_3325209
11,train,mobley_3359593
11,train,mobley_337666
11,train,mobley_3378420
11,train,mobley_3414356
11,train,mobley_3425174
11,train,mobley_349850
11,train,mobley_3515580
11,train,mobley_352111
11,train,mobley_3546460
11,train,mobley_3572203
11,train,mobley_3573480
11,train,mobley_3589456
11,train,mobley_36119
11,train,mobley_3682850
11,train,mobley_3686115
11,train,mobley_3690931
11,train,mobley_3715043
11,train,mobley_3738859
11,train,mobley_3746675
11,train,mobley_3761215
11,train,mobley_3762186
11,train,mobley_3775790
11,train,mobley_3802803
11,train,mobley_3843583
11,train,mobley_3867265
11,train,mobley_3968043
11,train,mobley_397645
11,train,mobley_3976574
11,train,mobley_3980099
11,train,mobley_3982371
11,train,mobley_3999471
11,train,mobley_4013838
11,train,mobley_4035953
11,train,mobley_4039055
11,train,mobley_4043951
11,train,mobley_4043987
11,train,mobley_4059279
11,train,mobley_4149784
11,train,mobley_4177472
11,train,mobley_4188615
11,train,mobley_4193752
11,train,mobley_4218209
11,train,mobley_4219614
11,train,mobley_4252724
11,train,mobley_4291494
11,train,mobley_430089
11,train,mobley_4305650
11,train,mobley_4338603
11,train,mobley_4364398
11,train,mobley_4371692
11,train,mobley_4375719
11,train,mobley_4395315
11,train,mobley_4463913
11,train,mobley_4465023
11,train,mobley_4483973
11,train,mobley_4494568
11,train,mobley_4506634
11,train,mobley_4553008
11,train,mobley_4561957
11,train,mobley_4584540
11,train,mobley_4587267
11,train,mobley_4603202
11,train,mobley_4613090
11,train,mobley_4620651
11,train,mobley_4630641
11,train,mobley_4639255
11,train,mobley_4678740
11,train,mobley_4683624
11,train,mobley_4687447
11,train,mobley_468867
11,train,mobley_4690963
11,train,mobley_4694328
11,train,mobley_4699732
11,train,mobley_4759887
11,train,mobley_4762983
11,train,mobley_4780078
11,train,mobley_4850657
11,train,mobley_486214
11,train,mobley_4883284
11,train,mobley_4893032
11,train,mobley_4924862
11,train,mobley_49274
11,train,mobley_4934872
11,train,mobley_4936555
11,train,mobley_4983965
11,train,mobley_5003962
11,train,mobley_5006685
11,train,mobley_5052949
11,train,mobley_5056289
11,train,mobley_5063386
11,train,mobley_5072416
11,train,mobley_5076071
11,train,mobley_5094777
11,train,mobley_5110043
11,train,mobley_511661
11,train,mobley_5123639
11,train,mobley_5157661
11,train,mobley_5200358
11,train,mobley_525934
11,train,mobley_5263791
11,train,mobley_52782
11,train,mobley_5282042
11,train,mobley_5286200
11,train,mobley_5310099
11,train,mobley_5311804
11,train,mobley_5326154
11,train,mobley_5347550
11,train,mobley_5371840
11,train,mobley_5390332
11,train,mobley_5393242
11,train,mobley_5449201
11,train,mobley_5456566
11,train,mobley_5471704
11,train,mobley_547634
11,train,mobley_5494918
11,train,mobley_550662
11,train,mobley_5510474
11,train,mobley_5518547
11,train,mobley_5520946
11,train,mobley_5538249
11,train,mobley_5561855
11,train,mobley_5571660
11,train,mobley_5600967
11,train,mobley_5616693
11,train,mobley_5631798
11,train,mobley_5665561
11,train,mobley_5690766
11,train,mobley_5692472
11,train,mobley_5708811
11,train,mobley_5732611
11,train,mobley_5747188
11,train,mobley_5747981
11,train,mobley_5759258
11,train,mobley_5760563
11,train,mobley_5816127
11,train,mobley_5852491
11,train,mobley_5857
11,train,mobley_5880265
11,train,mobley_5890803
11,train,mobley_590519
11,train,mobley_5917842
11,train,mobley_5948990
11,train,mobley_5952846
11,train,mobley_5973402
11,train,mobley_6006813
11,train,mobley_6055410
11,train,mobley_6060301
11,train,mobley_6081058
11,train,mobley_6082662
11,train,mobley_6091882
11,train,mobley_6102880
11,train,mobley_6115639
11,train,mobley_6175884
11,train,mobley_6190089
11,train,mobley_6195751
11,train,mobley_6201330
11,train,mobley_6239320
11,train,mobley_6250025
11,train,mobley_6266306
11,train,mobley_627267
11,train,mobley_6303022
11,train,mobley_6309289
11,train,mobley_632905
11,train,mobley_6338073
11,train,mobley_6353617
11,train,mobley_6358463
11,train,mobley_6359156
11,train,mobley_63712
11,train,mobley_637522
11,train,mobley_6416775
11,train,mobley_646007
11,train,mobley_6474572
11,train,mobley_6497672
11,train,mobley_6522117
11,train,mobley_6571751
11,train,mobley_6619554
11,train,mobley_6620221
11,train,mobley_6632459
11,train,mobley_664966
11,train,mobley_667278
11,train,mobley_6688723
11,train,mobley_6714389
11,train,mobley_6733657
11,train,mobley_6739648
11,train,mobley_6743808
11,train,mobley_676247
11,train,mobley_6794076
11,train,mobley_6812653
11,train,mobley_6843802
11,train,mobley_6854178
11,train,mobley_6861308
11,train,mobley_6896128
11,train,mobley_6917738
11,train,mobley_6929123
11,train,mobley_6935906
11,train,mobley_6973347
11,train,mobley_6978427
11,train,mobley_6981465
11,train,mobley_6988468
11,train,mobley_7009711
11,train,mobley_7010316
11,train,mobley_7015518
11,train,mobley_7017274
11,train,mobley_7039935
11,train,mobley_7066554
11,train,mobley_7099614
11,train,mobley_7106722
11,train,mobley_7142697
11,train,mobley_7150646
11,train,mobley_7157427
11,train,mobley_7176248
11,train,mobley_7176290
11,train,mobley_718988
11,train,mobley_7200804
11,train,mobley_7203421
11,train,mobley_7227357
11,train,mobley_7239499
11,train,mobley_7261305
11,train,mobley_7295828
11,train,mobley_7298388
11,train,mobley_7326706
11,train,mobley_7360181
11,train,mobley_7364468
11,train,mobley_7375018
11,train,mobley_7415647
11,train,mobley_7463408
11,train,mobley_7497999
11,train,mobley_7542832
11,train,mobley_755351
11,train,mobley_7573149
11,train,mobley_7578802
11,train,mobley_7599023
11,train,mobley_7608435
11,train,mobley_7610437
11,train,mobley_7676709
11,train,mobley_7688753
11,train,mobley_7690440
11,train,mobley_7708038
11,train,mobley_7732703
11,train,mobley_7735340
11,train,mobley_7754849
11,train,mobley_7758918
11,train,mobley_7768165
11,train,mobley_778352
11,train,mobley_7794077
11,train,mobley_7814642
11,train,mobley_7859387
11,train,mobley_7860938
11,train,mobley_7869158
11,train,mobley_7893124
11,train,mobley_7912193
11,train,mobley_7913234
11,train,mobley_7943327
11,train,mobley_7977115
11,train,mobley_7983227
11,train,mobley_7988076
11,train,mobley_8006582
11,train,mobley_8048190
11,train,mobley_8052240
11,train,mobley_8057732
11,train,mobley_8117218
11,train,mobley_8124669
11,train,mobley_8127829
11,train,mobley_8191186
11,train,mobley_8207196
11,train,mobley_820789
11,train,mobley_8208692
11,train,mobley_8221999
11,train,mobley_8260524
11,train,mobley_8311303
11,train,mobley_8311321
11,train,mobley_8320545
11,train,mobley_8337722
11,train,mobley_8337977
11,train,mobley_8426916
11,train,mobley_8427539
11,train,mobley_8436428
11,train,mobley_8449031
11,train,mobley_8467917
11,train,mobley_8492526
11,train,mobley_8525830
11,train,mobley_852937
11,train,mobley_8578590
11,train,mobley_859464
11,train,mobley_8614858
11,train,mobley_8668219
11,train,mobley_8685905
11,train,mobley_8691603
11,train,mobley_8705848
11,train,mobley_8739734
11,train,mobley_8754702
11,train,mobley_8764620
11,train,mobley_8765203
11,train,mobley_8772587
11,train,mobley_8789465
11,train,mobley_8798016
11,train,mobley_8809274
11,train,mobley_8823527
11,train,mobley_8861672
11,train,mobley_8882696
11,train,mobley_8883511
11,train,mobley_8885088
11,train,mobley_8899867
11,train,mobley_8916409
11,train,mobley_8966374
11,train,mobley_8983100
11,train,mobley_9007496
11,train,mobley_9015240
11,train,mobley_9029594
11,train,mobley_9055303
11,train,mobley_9100956
11,train,mobley_9112978
11,train,mobley_9114381
11,train,mobley_9121449
11,train,mobley_9139060
11,train,mobley_9197172
11,train,mobley_9201263
11,train,mobley_9209581
11,train,mobley_9246215
11,train,mobley_9246351
11,train,mobley_9257453
11,train,mobley_9281946
11,train,mobley_929676
11,train,mobley_9407874
11,train,mobley_9460824
11,train,mobley_9478823
11,train,mobley_9507933
11,train,mobley_9510785
11,train,mobley_9534740
11,train,mobley_9571888
11,train,mobley_9617923
11,train,mobley_9653690
11,train,mobley_967099
11,train,mobley_9671033
11,train,mobley_9705941
11,train,mobley_9717937
11,train,mobley_9729792
11,train,mobley_9733743
11,train,mobley_9740891
11,train,mobley_9741965
11,train,mobley_9794857
11,train,mobley_9838013
11,train,mobley_9883303
11,train,mobley_9897248
11,train,mobley_9913368
11,train,mobley_9942801
11,train,mobley_994483
11,train,mobley_9974966
11,train,mobley_9979854
11,valid,mobley_1417007
11,valid,mobley_1520842
11,valid,mobley_1723043
11,valid,mobley_1857976
11,valid,mobley_1896013
11,valid,mobley_1903702
11,valid,mobley_1929982
11,valid,mobley_2078467
11,valid,mobley_2213823
11,valid,mobley_2371092
11,valid,mobley_242480
11,valid,mobley_2489709
11,valid,mobley_2518989
11,valid,mobley_2763835
11,valid,mobley_2958326
11,valid,mobley_296847
11,valid,mobley_3083321
11,valid,mobley_3211679
11,valid,mobley_3398536
11,valid,mobley_3639400
11,valid,mobley_3709920
11,valid,mobley_3727287
11,valid,mobley_3777264
11,valid,mobley_3968739
11,valid,mobley_3969312
11,valid,mobley_4434915
11,valid,mobley_4479135
11,valid,mobley_4609460
11,valid,mobley_4715906
11,valid,mobley_4845722
11,valid,mobley_5220185
11,valid,mobley_5346580
11,valid,mobley_5467162
11,valid,mobley_5499659
11,valid,mobley_5627459
11,valid,mobley_588781
11,valid,mobley_5935995
11,valid,mobley_5977084
11,valid,mobley_6232400
11,valid,mobley_6248915
11,valid,mobley_628951
11,valid,mobley_6430250
11,valid,mobley_6456034
11,valid,mobley_6911232
11,valid,mobley_7047032
11,valid,mobley_7393673
11,valid,mobley_7417968
11,valid,mobley_7455579
11,valid,mobley_7463799
11,valid,mobley_7774695
11,valid,mobley_8011706
11,valid,mobley_8514745
11,valid,mobley_8522124
11,valid,mobley_8558116
11,valid,mobley_8723116
11,valid,mobley_8785107
11,valid,mobley_8789864
11,valid,mobley_8809190
11,valid,mobley_8827942
11,valid,mobley_900088
11,valid,mobley_9028462
11,valid,mobley_902954
11,valid,mobley_9414831
11,valid,mobley_9821936
11,test,mobley_1017962
11,test,mobley_1046331
11,test,mobley_1075836
11,test,mobley_129464
11,test,mobley_1449384
11,test,mobley_1662128
11,test,mobley_1722522
11,test,mobley_194273
11,test,mobley_1963873
11,test,mobley_1977493
11,test,mobley_2023925
11,test,mobley_2099370
11,test,mobley_2279874
11,test,mobley_2390199
11,test,mobley_2451097
11,test,mobley_2481002
11,test,mobley_2493732
11,test,mobley_2607611
11,test,mobley_2613240
11,test,mobley_2681549
11,test,mobley_2859600
11,test,mobley_2972906
11,test,mobley_3006808
11,test,mobley_3183805
11,test,mobley_3210206
11,test,mobley_3370989
11,test,mobley_3395921
11,test,mobley_3452749
11,test,mobley_3525176
11,test,mobley_3663158
11,test,mobley_4287564
11,test,mobley_4792268
11,test,mobley_4884177
11,test,mobley_4964807
11,test,mobley_5026370
11,test,mobley_5079234
11,test,mobley_5445548
11,test,mobley_6198745
11,test,mobley_6235784
11,test,mobley_6257907
11,test,mobley_628086
11,test,mobley_6334915
11,test,mobley_6359135
11,test,mobley_6727159
11,test,mobley_6804509
11,test,mobley_7326982
11,test,mobley_7378987
11,test,mobley_7532833
11,test,mobley_7608462
11,test,mobley_766666
11,test,mobley_7769613
11,test,mobley_7829570
11,test,mobley_8118832
11,test,mobley_819018
11,test,mobley_8573194
11,test,mobley_8713762
11,test,mobley_8746821
11,test,mobley_9073553
11,test,mobley_9185328
11,test,mobley_9434451
11,test,mobley_951560
11,test,mobley_9557440
11,test,mobley_9565165
11,test,mobley_9624458
11,test,mobley_9626434
12,train,mobley_1017962
12,train,mobley_1019269
12,train,mobley_1034539
12,train,mobley_1036761
12,train,mobley_1046331
12,train,mobley_1075836
12,train,mobley_1079207
12,train,mobley_1107178
12,train,mobley_1144156
12,train,mobley_1160109
12,train,mobley_1178614
12,train,mobley_1189457
12,train,mobley_1199854
12,train,mobley_1231151
12,train,mobley_1235151
12,train,mobley_1244778
12,train,mobley_1261349
12,train,mobley_1278715
12,train,mobley_129464
12,train,mobley_1323538
12,train,mobley_1328936
12,train,mobley_1352110
12,train,mobley_1396156
12,train,mobley_1417007
12,train,mobley_1502181
12,train,mobley_1520842
12,train,mobley_1527293
12,train,mobley_1563176
12,train,mobley_1571523
12,train,mobley_1615431
12,train,mobley_1650157
12,train,mobley_1662128
12,train,mobley_1674094
12,train,mobley_1717215
12,train,mobley_1722522
12,train,mobley_1723043
12,train,mobley_1728386
12,train,mobley_1733799
12,train,mobley_1743409
12,train,mobley_1755375
12,train,mobley_1760914
12,train,mobley_1770205
12,train,mobley_1792062
12,train,mobley_1800170
12,train,mobley_1803862
12,train,mobley_1821184
12,train,mobley_1827204
12,train,mobley_1838110
12,train,mobley_1849020
12,train,mobley_1855337
12,train,mobley_1857976
12,train,mobley_1858644
12,train,mobley_186894
12,train,mobley_1873346
12,train,mobley_1875719
12,train,mobley_1881249
12,train,mobley_1893815
12,train,mobley_1893937
12,train,mobley_1896013
12,train,mobley_1899443
12,train,mobley_1923244
12,train,mobley_1929982
12,train,mobley_194273
12,train,mobley_1952272
12,train,mobley_1967551
12,train,mobley_197466
12,train,mobley_1976156
12,train,mobley_1977493
12,train,mobley_1987439
12,train,mobley_2005792
12,train,mobley_2008055
12,train,mobley_2023925
12,train,mobley_2043882
12,train,mobley_2049967
12,train,mobley_20524
12,train,mobley_2068538
12,train,mobley_2078467
12,train,mobley_2099370
12,train,mobley_210639
12,train,mobley_2126135
12,train,mobley_2143011
12,train,mobley_2146331
12,train,mobley_2197088
12,train,mobley_2198613
12,train,mobley_2261979
12,train,mobley_2269032
12,train,mobley_2279874
12,train,mobley_2295058
12,train,mobley_2310185
12,train,mobley_2316618
12,train,mobley_2341732
12,train,mobley_2364370
12,train,mobley_2371092
12,train,mobley_2390199
12,train,mobley_2402487
12,train,mobley_242480
12,train,mobley_2451097
12,train,mobley_2457863
12,train,mobley_2481002
12,train,mobley_2484519
12,train,mobley_2487143
12,train,mobley_2489709
12,train,mobley_2492140
12,train,mobley_2493732
12,train,mobley_2517158
12,train,mobley_2518989
12,train,mobley_2523689
12,train,mobley_2609604
12,train,mobley_2613240
12,train,mobley_2636578
12,train,mobley_2659552
12,train,mobley_2661134
12,train,mobley_2681549
12,train,mobley_2689721
12,train,mobley_2725215
12,train,mobley_2725802
12,train,mobley_2751110
12,train,mobley_2763835
12,train,mobley_2771569
12,train,mobley_2782339
12,train,mobley_2784376
12,train,mobley_2802855
12,train,mobley_282648
12,train,mobley_2837389
12,train,mobley_2844990
12,train,mobley_2850833
12,train,mobley_2859600
12,train,mobley_2881590
12,train,mobley_2923700
12,train,mobley_2925352
12,train,mobley_2929847
12,train,mobley_2958326
12,train,mobley_296847
12,train,mobley_2972906
12,train,mobley_299266
12,train,mobley_2996632
12,train,mobley_3006808
12,train,mobley_303222
12,train,mobley_3034976
12,train,mobley_3040612
12,train,mobley_3053621
12,train,mobley_3060426
12,train,mobley_3083321
12,train,mobley_3105103
12,train,mobley_313406
12,train,mobley_3144334
12,train,mobley_3151666
12,train,mobley_3167746
12,train,mobley_3183805
12,train,mobley_3201701
12,train,mobley_3210206
12,train,mobley_3211679
12,train,mobley_3234716
12,train,mobley_3259411
12,train,mobley_3264884
12,train,mobley_3265457
12,train,mobley_3269565
12,train,mobley_3269819
12,train,mobley_3274817
12,train,mobley_3325209
12,train,mobley_3359593
12,train,mobley_3370989
12,train,mobley_337666
12,train,mobley_3378420
12,train,mobley_3395921
12,train,mobley_3398536
12,train,mobley_3414356
12,train,mobley_3452749
12,train,mobley_349850
12,train,mobley_3515580
12,train,mobley_352111
12,train,mobley_3525176
12,train,mobley_3546460
12,train,mobley_3572203
12,train,mobley_3573480
12,train,mobley_3589456
12,train,mobley_3639400
12,train,mobley_3663158
12,train,mobley_3682850
12,train,mobley_3686115
12,train,mobley_3690931
12,train,mobley_3709920
12,train,mobley_3715043
12,train,mobley_3727287
12,train,mobley_3738859
12,train,mobley_3746675
12,train,mobley_3761215
12,train,mobley_3762186
12,train,mobley_3777264
12,train,mobley_3802803
12,train,mobley_3843583
12,train,mobley_3867265
12,train,mobley_3968043
12,train,mobley_3968739
12,train,mobley_397645
12,train,mobley_3980099
12,train,mobley_3982371
12,train,mobley_3999471
12,train,mobley_4013838
12,train,mobley_4035953
12,train,mobley_4043951
12,train,mobley_4043987
12,train,mobley_4059279
12,train,mobley_4149784
12,train,mobley_4177472
12,train,mobley_4193752
12,train,mobley_4218209
12,train,mobley_4219614
12,train,mobley_4252724
12,train,mobley_4287564
12,train,mobley_4291494
12,train,mobley_430089
12,train,mobley_4338603
12,train,mobley_4364398
12,train,mobley_4371692
12,train,mobley_4395315
12,train,mobley_4434915
12,train,mobley_4463913
12,train,mobley_4465023
12,train,mobley_4479135
12,train,mobley_4483973
12,train,mobley_4494568
12,train,mobley_4506634
12,train,mobley_4553008
12,train,mobley_4561957
12,train,mobley_4587267
12,train,mobley_4603202
12,train,mobley_4609460
12,train,mobley_4613090
12,train,mobley_4620651
12,train,mobley_4630641
12,train,mobley_4639255
12,train,mobley_4678740
12,train,mobley_4687447
12,train,mobley_468867
12,train,mobley_4690963
12,train,mobley_4699732
12,train,mobley_4715906
12,train,mobley_4759887
12,train,mobley_4780078
12,train,mobley_4792268
12,train,mobley_4845722
12,train,mobley_4850657
12,train,mobley_486214
12,train,mobley_4884177
12,train,mobley_4893032
12,train,mobley_4924862
12,train,mobley_49274
12,train,mobley_4934872
12,train,mobley_4964807
12,train,mobley_4983965
12,train,mobley_5003962
12,train,mobley_5006685
12,train,mobley_5026370
12,train,mobley_5052949
12,train,mobley_5056289
12,train,mobley_5063386
12,train,mobley_5072416
12,train,mobley_5079234
12,train,mobley_5094777
12,train,mobley_511661
12,train,mobley_5123639
12,train,mobley_5157661
12,train,mobley_5220185
12,train,mobley_525934
12,train,mobley_5263791
12,train,mobley_5282042
12,train,mobley_5310099
12,train,mobley_5311804
12,train,mobley_5326154
12,train,mobley_5346580
12,train,mobley_5347550
12,train,mobley_5371840
12,train,mobley_5390332
12,train,mobley_5393242
12,train,mobley_5445548
12,train,mobley_5449201
12,train,mobley_5456566
12,train,mobley_5467162
12,train,mobley_5471704
12,train,mobley_547634
12,train,mobley_550662
12,train,mobley_5510474
12,train,mobley_5520946
12,train,mobley_5571660
12,train,mobley_5600967
12,train,mobley_5627459
12,train,mobley_5631798
12,train,mobley_5690766
12,train,mobley_5692472
12,train,mobley_5708811
12,train,mobley_5732611
12,train,mobley_5747188
12,train,mobley_5747981
12,train,mobley_5759258
12,train,mobley_5760563
12,train,mobley_5816127
12,train,mobley_5852491
12,train,mobley_5857
12,train,mobley_5880265
12,train,mobley_588781
12,train,mobley_5890803
12,train,mobley_590519
12,train,mobley_5917842
12,train,mobley_5948990
12,train,mobley_5952846
12,train,mobley_5973402
12,train,mobley_6006813
12,train,mobley_6055410
12,train,mobley_6060301
12,train,mobley_6082662
12,train,mobley_6091882
12,train,mobley_6102880
12,train,mobley_6115639
12,train,mobley_6175884
12,train,mobley_6198745
12,train,mobley_6232400
12,train,mobley_6235784
12,train,mobley_6248915
12,train,mobley_6250025
12,train,mobley_6257907
12,train,mobley_628086
12,train,mobley_628951
12,train,mobley_6309289
12,train,mobley_632905
12,train,mobley_6334915
12,train,mobley_6353617
12,train,mobley_6358463
12,train,mobley_6359135
12,train,mobley_6359156
12,train,mobley_637522
12,train,mobley_6416775
12,train,mobley_6430250
12,train,mobley_6474572
12,train,mobley_6522117
12,train,mobley_6619554
12,train,mobley_6632459
12,train,mobley_664966
12,train,mobley_6688723
12,train,mobley_6714389
12,train,mobley_6727159
12,train,mobley_6733657
12,train,mobley_6739648
12,train,mobley_6743808
12,train,mobley_676247
12,train,mobley_6794076
12,train,mobley_6804509
12,train,mobley_6812653
12,train,mobley_6843802
12,train,mobley_6854178
12,train,mobley_6911232
12,train,mobley_6917738
12,train,mobley_6929123
12,train,mobley_6978427
12,train,mobley_6981465
12,train,mobley_6988468
12,train,mobley_7010316
12,train,mobley_7015518
12,train,mobley_7017274
12,train,mobley_7039935
12,train,mobley_7047032
12,train,mobley_7106722
12,train,mobley_7142697
12,train,mobley_7150646
12,train,mobley_7157427
12,train,mobley_7176248
12,train,mobley_7200804
12,train,mobley_7203421
12,train,mobley_7239499
12,train,mobley_7261305
12,train,mobley_7295828
12,train,mobley_7326706
12,train,mobley_7326982
12,train,mobley_7360181
12,train,mobley_7364468
12,train,mobley_7378987
12,train,mobley_7393673
12,train,mobley_7415647
12,train,mobley_7417968
12,train,mobley_7455579
12,train,mobley_7463408
12,train,mobley_7463799
12,train,mobley_7497999
12,train,mobley_7532833
12,train,mobley_755351
12,train,mobley_7573149
12,train,mobley_7578802
12,train,mobley_7599023
12,train,mobley_7608435
12,train,mobley_7608462
12,train,mobley_7610437
12,train,mobley_766666
12,train,mobley_7688753
12,train,mobley_7690440
12,train,mobley_7708038
12,train,mobley_7735340
12,train,mobley_7754849
12,train,mobley_7758918
12,train,mobley_7768165
12,train,mobley_7769613
12,train,mobley_7774695
12,train,mobley_778352
12,train,mobley_7794077
12,train,mobley_7814642
12,train,mobley_7829570
12,train,mobley_7859387
12,train,mobley_7860938
12,train,mobley_7869158
12,train,mobley_7893124
12,train,mobley_7912193
12,train,mobley_7913234
12,train,mobley_7943327
12,train,mobley_7983227
12,train,mobley_7988076
12,train,mobley_8006582
12,train,mobley_8011706
12,train,mobley_8048190
12,train,mobley_8052240
12,train,mobley_8057732
12,train,mobley_8118832
12,train,mobley_8124669
12,train,mobley_8127829
12,train,mobley_819018
12,train,mobley_8191186
12,train,mobley_8207196
12,train,mobley_820789
12,train,mobley_8208692
12,train,mobley_8221999
12,train,mobley_8260524
12,train,mobley_8311303
12,train,mobley_8311321
12,train,mobley_8320545
12,train,mobley_8337977
12,train,mobley_8426916
12,train,mobley_8427539
12,train,mobley_8436428
12,train,mobley_8467917
12,train,mobley_8492526
12,train,mobley_8514745
12,train,mobley_8522124
12,train,mobley_8525830
12,train,mobley_852937
12,train,mobley_8558116
12,train,mobley_8573194
12,train,mobley_8578590
12,train,mobley_859464
12,train,mobley_8614858
12,train,mobley_8668219
12,train,mobley_8685905
12,train,mobley_8691603
12,train,mobley_8705848
12,train,mobley_8713762
12,train,mobley_8723116
12,train,mobley_8746821
12,train,mobley_8764620
12,train,mobley_8785107
12,train,mobley_8789465
12,train,mobley_8798016
12,train,mobley_8809190
12,train,mobley_8823527
12,train,mobley_8827942
12,train,mobley_8882696
12,train,mobley_8883511
12,train,mobley_8885088
12,train,mobley_8899867
12,train,mobley_8916409
12,train,mobley_900088
12,train,mobley_9007496
12,train,mobley_902954
12,train,mobley_9029594
12,train,mobley_9055303
12,train,mobley_9073553
12,train,mobley_9100956
12,train,mobley_9112978
12,train,mobley_9114381
12,train,mobley_9121449
12,train,mobley_9139060
12,train,mobley_9185328
12,train,mobley_9197172
12,train,mobley_9201263
12,train,mobley_9246351
12,train,mobley_9281946
12,train,mobley_929676
12,train,mobley_9407874
12,train,mobley_9414831
12,train,mobley_9434451
12,train,mobley_9460824
12,train,mobley_9507933
12,train,mobley_9510785
12,train,mobley_951560
12,train,mobley_9534740
12,train,mobley_9557440
12,train,mobley_9565165
12,train,mobley_9571888
12,train,mobley_9617923
12,train,mobley_9624458
12,train,mobley_9626434
12,train,mobley_9653690
12,train,mobley_967099
12,train,mobley_9705941
12,train,mobley_9729792
12,train,mobley_9740891
12,train,mobley_9741965
12,train,mobley_9794857
12,train,mobley_9821936
12,train,mobley_9838013
12,train,mobley_9883303
12,train,mobley_9897248
12,train,mobley_9913368
12,train,mobley_9942801
12,train,mobley_994483
12,train,mobley_9974966
12,train,mobley_9979854
12,valid,mobley_1328465
12,valid,mobley_1424265
12,valid,mobley_1592519
12,valid,mobley_1659169
12,valid,mobley_1708457
12,valid,mobley_172879
12,valid,mobley_1781152
12,valid,mobley_1922649
12,valid,mobley_1944394
12,valid,mobley_2178600
12,valid,mobley_2183616
12,valid,mobley_2213823
12,valid,mobley_2245668
12,valid,mobley_2501588
12,valid,mobley_252413
12,valid,mobley_2607611
12,valid,mobley_2789243
12,valid,mobley_2845466
12,valid,mobley_2864987
12,valid,mobley_3047364
12,valid,mobley_3169935
12,valid,mobley_3318135
12,valid,mobley_36119
12,valid,mobley_4188615
12,valid,mobley_4683624
12,valid,mobley_4694328
12,valid,mobley_4762983
12,valid,mobley_5110043
12,valid,mobley_5200358
12,valid,mobley_5494918
12,valid,mobley_5561855
12,valid,mobley_5616693
12,valid,mobley_5935995
12,valid,mobley_6081058
12,valid,mobley_6190089
12,valid,mobley_6195751
12,valid,mobley_6201330
12,valid,mobley_6239320
12,valid,mobley_6266306
12,valid,mobley_627267
12,valid,mobley_6303022
12,valid,mobley_6338073
12,valid,mobley_63712
12,valid,mobley_6456034
12,valid,mobley_646007
12,valid,mobley_6497672
12,valid,mobley_6571751
12,valid,mobley_667278
12,valid,mobley_6935906
12,valid,mobley_6973347
12,valid,mobley_7009711
12,valid,mobley_7066554
12,valid,mobley_7227357
12,valid,mobley_7298388
12,valid,mobley_7732703
12,valid,mobley_7977115
12,valid,mobley_8449031
12,valid,mobley_8754702
12,valid,mobley_8765203
12,valid,mobley_8789864
12,valid,mobley_9246215
12,valid,mobley_9257453
12,valid,mobley_9478823
12,valid,mobley_9733743
12,test,mobley_1139153
12,test,mobley_1363784
12,test,mobley_1449384
12,test,mobley_1469079
12,test,mobley_1636752
12,test,mobley_1735893
12,test,mobley_1903702
12,test,mobley_1905088
12,test,mobley_1963873
12,test,mobley_2123854
12,test,mobley_2294995
12,test,mobley_2328633
12,test,mobley_2354112
12,test,mobley_2410897
12,test,mobley_2422586
12,test,mobley_2577969
12,test,mobley_2693089
12,test,mobley_2727678
12,test,mobley_2792521
12,test,mobley_2913224
12,test,mobley_2960202
12,test,mobley_2972345
12,test,mobley_3187514
12,test,mobley_3266352
12,test,mobley_3323117
12,test,mobley_3425174
12,test,mobley_3775790
12,test,mobley_3969312
12,test,mobley_3976574
12,test,mobley_4039055
12,test,mobley_4305650
12,test,mobley_4375719
12,test,mobley_4584540
12,test,mobley_4883284
12,test,mobley_4936555
12,test,mobley_5076071
12,test,mobley_52782
12,test,mobley_5286200
12,test,mobley_5499659
12,test,mobley_5518547
12,test,mobley_5538249
12,test,mobley_5665561
12,test,mobley_5977084
12,test,mobley_6620221
12,test,mobley_6861308
12,test,mobley_6896128
12,test,mobley_7099614
12,test,mobley_7176290
12,test,mobley_718988
12,test,mobley_7375018
12,test,mobley_7542832
12,test,mobley_7676709
12,test,mobley_8117218
12,test,mobley_8337722
12,test,mobley_8739734
12,test,mobley_8772587
12,test,mobley_8809274
12,test,mobley_8861672
12,test,mobley_8966374
12,test,mobley_8983100
12,test,mobley_9015240
12,test,mobley_9028462
12,test,mobley_9209581
12,test,mobley_9671033
12,test,mobley_9717937
13,train,mobley_1017962
13,train,mobley_1019269
13,train,mobley_1036761
13,train,mobley_1046331
13,train,mobley_1079207
13,train,mobley_1107178
13,train,mobley_1139153
13,train,mobley_1144156
13,train,mobley_1178614
13,train,mobley_1189457
13,train,mobley_1199854
13,train,mobley_1231151
13,train,mobley_1235151
13,train,mobley_1244778
13,train,mobley_1261349
13,train,mobley_129464
13,train,mobley_1328936
13,train,mobley_1352110
13,train,mobley_1363784
13,train,mobley_1396156
13,train,mobley_1424265
13,train,mobley_1469079
13,train,mobley_1502181
13,train,mobley_1520842
13,train,mobley_1527293
13,train,mobley_1563176
13,train,mobley_1615431
13,train,mobley_1636752
13,train,mobley_1650157
13,train,mobley_1659169
13,train,mobley_1662128
13,train,mobley_1674094
13,train,mobley_1708457
13,train,mobley_1717215
13,train,mobley_1722522
13,train,mobley_1723043
13,train,mobley_1728386
13,train,mobley_172879
13,train,mobley_1733799
13,train,mobley_1743409
13,train,mobley_1755375
13,train,mobley_1760914
13,train,mobley_1770205
13,train,mobley_1781152
13,train,mobley_1792062
13,train,mobley_1800170
13,train,mobley_1821184
13,train,mobley_1827204
13,train,mobley_1838110
13,train,mobley_1855337
13,train,mobley_1857976
13,train,mobley_1858644
13,train,mobley_186894
13,train,mobley_1873346
13,train,mobley_1875719
13,train,mobley_1881249
13,train,mobley_1893937
13,train,mobley_1899443
13,train,mobley_1922649
13,train,mobley_1923244
13,train,mobley_1929982
13,train,mobley_194273
13,train,mobley_1944394
13,train,mobley_1952272
13,train,mobley_1963873
13,train,mobley_197466
13,train,mobley_1976156
13,train,mobley_1977493
13,train,mobley_1987439
13,train,mobley_2005792
13,train,mobley_2008055
13,train,mobley_2023925
13,train,mobley_2043882
13,train,mobley_2049967
13,train,mobley_20524
13,train,mobley_2123854
13,train,mobley_2146331
13,train,mobley_2178600
13,train,mobley_2197088
13,train,mobley_2198613
13,train,mobley_2245668
13,train,mobley_2261979
13,train,mobley_2269032
13,train,mobley_2279874
13,train,mobley_2294995
13,train,mobley_2310185
13,train,mobley_2316618
13,train,mobley_2328633
13,train,mobley_2341732
13,train,mobley_2364370
13,train,mobley_2371092
13,train,mobley_2402487
13,train,mobley_2422586
13,train,mobley_242480
13,train,mobley_2457863
13,train,mobley_2484519
13,train,mobley_2487143
13,train,mobley_2489709
13,train,mobley_2501588
13,train,mobley_2518989
13,train,mobley_2523689
13,train,mobley_2577969
13,train,mobley_2613240
13,train,mobley_2636578
13,train,mobley_2661134
13,train,mobley_2681549
13,train,mobley_2689721
13,train,mobley_2693089
13,train,mobley_2725215
13,train,mobley_2725802
13,train,mobley_2751110
13,train,mobley_2763835
13,train,mobley_2782339
13,train,mobley_2784376
13,train,mobley_2789243
13,train,mobley_2792521
13,train,mobley_2802855
13,train,mobley_282648
13,train,mobley_2844990
13,train,mobley_2845466
13,train,mobley_2859600
13,train,mobley_2864987
13,train,mobley_2881590
13,train,mobley_2923700
13,train,mobley_2925352
13,train,mobley_2929847
13,train,mobley_2958326
13,train,mobley_2960202
13,train,mobley_296847
13,train,mobley_2972345
13,train,mobley_299266
13,train,mobley_2996632
13,train,mobley_3006808
13,train,mobley_303222
13,train,mobley_3034976
13,train,mobley_3040612
13,train,mobley_3060426
13,train,mobley_313406
13,train,mobley_3144334
13,train,mobley_3167746
13,train,mobley_3187514
13,train,mobley_3201701
13,train,mobley_3210206
13,train,mobley_3234716
13,train,mobley_3259411
13,train,mobley_3264884
13,train,mobley_3265457
13,train,mobley_3266352
13,train,mobley_3269565
13,train,mobley_3269819
13,train,mobley_3318135
13,train,mobley_3323117
13,train,mobley_3325209
13,train,mobley_3359593
13,train,mobley_3370989
13,train,mobley_337666
13,train,mobley_3378420
13,train,mobley_3395921
13,train,mobley_3398536
13,train,mobley_3425174
13,train,mobley_3452749
13,train,mobley_349850
13,train,mobley_3525176
13,train,mobley_3546460
13,train,mobley_3572203
13,train,mobley_3573480
13,train,mobley_3589456
13,train,mobley_36119
13,train,mobley_3639400
13,train,mobley_3663158
13,train,mobley_3682850
13,train,mobley_3690931
13,train,mobley_3709920
13,train,mobley_3715043
13,train,mobley_3738859
13,train,mobley_3746675
13,train,mobley_3777264
13,train,mobley_3802803
13,train,mobley_3843583
13,train,mobley_3867265
13,train,mobley_3968043
13,train,mobley_3968739
13,train,mobley_3969312
13,train,mobley_397645
13,train,mobley_3976574
13,train,mobley_3980099
13,train,mobley_3982371
13,train,mobley_3999471
13,train,mobley_4013838
13,train,mobley_4035953
13,train,mobley_4039055
13,train,mobley_4059279
13,train,mobley_4149784
13,train,mobley_4177472
13,train,mobley_4188615
13,train,mobley_4193752
13,train,mobley_4219614
13,train,mobley_4252724
13,train,mobley_4287564
13,train,mobley_4291494
13,train,mobley_430089
13,train,mobley_4305650
13,train,mobley_4371692
13,train,mobley_4375719
13,train,mobley_4395315
13,train,mobley_4463913
13,train,mobley_4465023
13,train,mobley_4479135
13,train,mobley_4483973
13,train,mobley_4506634
13,train,mobley_4553008
13,train,mobley_4561957
13,train,mobley_4584540
13,train,mobley_4587267
13,train,mobley_4603202
13,train,mobley_4609460
13,train,mobley_4613090
13,train,mobley_4630641
13,train,mobley_4639255
13,train,mobley_4678740
13,train,mobley_4683624
13,train,mobley_4687447
13,train,mobley_468867
13,train,mobley_4690963
13,train,mobley_4694328
13,train,mobley_4699732
13,train,mobley_4715906
13,train,mobley_4759887
13,train,mobley_4762983
13,train,mobley_4792268
13,train,mobley_4850657
13,train,mobley_4883284
13,train,mobley_4884177
13,train,mobley_4893032
13,train,mobley_4924862
13,train,mobley_49274
13,train,mobley_4936555
13,train,mobley_4964807
13,train,mobley_4983965
13,train,mobley_5003962
13,train,mobley_5006685
13,train,mobley_5026370
13,train,mobley_5052949
13,train,mobley_5056289
13,train,mobley_5063386
13,train,mobley_5072416
13,train,mobley_5076071
13,train,mobley_5079234
13,train,mobley_5094777
13,train,mobley_5110043
13,train,mobley_5123639
13,train,mobley_5157661
13,train,mobley_5200358
13,train,mobley_5220185
13,train,mobley_525934
13,train,mobley_5263791
13,train,mobley_5282042
13,train,mobley_5286200
13,train,mobley_5310099
13,train,mobley_5311804
13,train,mobley_5346580
13,train,mobley_5347550
13,train,mobley_5371840
13,train,mobley_5390332
13,train,mobley_5393242
13,train,mobley_5445548
13,train,mobley_5449201
13,train,mobley_5456566
13,train,mobley_5471704
13,train,mobley_5494918
13,train,mobley_5499659
13,train,mobley_5510474
13,train,mobley_5518547
13,train,mobley_5520946
13,train,mobley_5538249
13,train,mobley_5561855
13,train,mobley_5571660
13,train,mobley_5600967
13,train,mobley_5616693
13,train,mobley_5627459
13,train,mobley_5631798
13,train,mobley_5665561
13,train,mobley_5690766
13,train,mobley_5692472
13,train,mobley_5708811
13,train,mobley_5747188
13,train,mobley_5747981
13,train,mobley_5759258
13,train,mobley_5760563
13,train,mobley_5816127
13,train,mobley_5857
13,train,mobley_5880265
13,train,mobley_588781
13,train,mobley_5890803
13,train,mobley_590519
13,train,mobley_5917842
13,train,mobley_5935995
13,train,mobley_5948990
13,train,mobley_5952846
13,train,mobley_5973402
13,train,mobley_5977084
13,train,mobley_6006813
13,train,mobley_6060301
13,train,mobley_6081058
13,train,mobley_6091882
13,train,mobley_6102880
13,train,mobley_6115639
13,train,mobley_6175884
13,train,mobley_6190089
13,train,mobley_6195751
13,train,mobley_6201330
13,train,mobley_6232400
13,train,mobley_6235784
13,train,mobley_6248915
13,train,mobley_6257907
13,train,mobley_6266306
13,train,mobley_627267
13,train,mobley_628086
13,train,mobley_628951
13,train,mobley_6303022
13,train,mobley_6309289
13,train,mobley_632905
13,train,mobley_6334915
13,train,mobley_6338073
13,train,mobley_6353617
13,train,mobley_6358463
13,train,mobley_6359135
13,train,mobley_6359156
13,train,mobley_63712
13,train,mobley_637522
13,train,mobley_6416775
13,train,mobley_6430250
13,train,mobley_6456034
13,train,mobley_6497672
13,train,mobley_6632459
13,train,mobley_664966
13,train,mobley_6733657
13,train,mobley_6739648
13,train,mobley_6743808
13,train,mobley_676247
13,train,mobley_6794076
13,train,mobley_6804509
13,train,mobley_6812653
13,train,mobley_6843802
13,train,mobley_6854178
13,train,mobley_6861308
13,train,mobley_6911232
13,train,mobley_6917738
13,train,mobley_6929123
13,train,mobley_6935906
13,train,mobley_6978427
13,train,mobley_6981465
13,train,mobley_6988468
13,train,mobley_7009711
13,train,mobley_7015518
13,train,mobley_7017274
13,train,mobley_7039935
13,train,mobley_7047032
13,train,mobley_7066554
13,train,mobley_7106722
13,train,mobley_7142697
13,train,mobley_7150646
13,train,mobley_7176248
13,train,mobley_7176290
13,train,mobley_7200804
13,train,mobley_7203421
13,train,mobley_7239499
13,train,mobley_7261305
13,train,mobley_7295828
13,train,mobley_7298388
13,train,mobley_7326706
13,train,mobley_7326982
13,train,mobley_7360181
13,train,mobley_7364468
13,train,mobley_7375018
13,train,mobley_7393673
13,train,mobley_7415647
13,train,mobley_7417968
13,train,mobley_7455579
13,train,mobley_7463408
13,train,mobley_7497999
13,train,mobley_7542832
13,train,mobley_755351
13,train,mobley_7573149
13,train,mobley_7599023
13,train,mobley_7608435
13,train,mobley_7608462
13,train,mobley_7610437
13,train,mobley_766666
13,train,mobley_7676709
13,train,mobley_7688753
13,train,mobley_7708038
13,train,mobley_7732703
13,train,mobley_7735340
13,train,mobley_7768165
13,train,mobley_7769613
13,train,mobley_7774695
13,train,mobley_778352
13,train,mobley_7794077
13,train,mobley_7814642
13,train,mobley_7829570
13,train,mobley_7859387
13,train,mobley_7860938
13,train,mobley_7869158
13,train,mobley_7893124
13,train,mobley_7912193
13,train,mobley_7913234
13,train,mobley_7977115
13,train,mobley_7983227
13,train,mobley_7988076
13,train,mobley_8006582
13,train,mobley_8011706
13,train,mobley_8048190
13,train,mobley_8052240
13,train,mobley_8057732
13,train,mobley_8117218
13,train,mobley_8118832
13,train,mobley_8124669
13,train,mobley_8191186
13,train,mobley_8207196
13,train,mobley_820789
13,train,mobley_8208692
13,train,mobley_8221999
13,train,mobley_8260524
13,train,mobley_8311303
13,train,mobley_8311321
13,train,mobley_8337722
13,train,mobley_8337977
13,train,mobley_8426916
13,train,mobley_8427539
13,train,mobley_8436428
13,train,mobley_8449031
13,train,mobley_8467917
13,train,mobley_8492526
13,train,mobley_8514745
13,train,mobley_8525830
13,train,mobley_852937
13,train,mobley_8558116
13,train,mobley_8573194
13,train,mobley_859464
13,train,mobley_8614858
13,train,mobley_8668219
13,train,mobley_8685905
13,train,mobley_8691603
13,train,mobley_8705848
13,train,mobley_8713762
13,train,mobley_8723116
13,train,mobley_8739734
13,train,mobley_8746821
13,train,mobley_8754702
13,train,mobley_8764620
13,train,mobley_8765203
13,train,mobley_8772587
13,train,mobley_8785107
13,train,mobley_8789465
13,train,mobley_8789864
13,train,mobley_8809190
13,train,mobley_8809274
13,train,mobley_8827942
13,train,mobley_8882696
13,train,mobley_8883511
13,train,mobley_8885088
13,train,mobley_8916409
13,train,mobley_8966374
13,train,mobley_8983100
13,train,mobley_900088
13,train,mobley_9007496
13,train,mobley_9015240
13,train,mobley_9028462
13,train,mobley_902954
13,train,mobley_9029594
13,train,mobley_9055303
13,train,mobley_9073553
13,train,mobley_9100956
13,train,mobley_9112978
13,train,mobley_9114381
13,train,mobley_9121449
13,train,mobley_9139060
13,train,mobley_9185328
13,train,mobley_9197172
13,train,mobley_9201263
13,train,mobley_9209581
13,train,mobley_9246215
13,train,mobley_9246351
13,train,mobley_9281946
13,train,mobley_9407874
13,train,mobley_9414831
13,train,mobley_9434451
13,train,mobley_9460824
13,train,mobley_9478823
13,train,mobley_9507933
13,train,mobley_9510785
13,train,mobley_951560
13,train,mobley_9557440
13,train,mobley_9565165
13,train,mobley_9571888
13,train,mobley_9617923
13,train,mobley_9624458
13,train,mobley_9626434
13,train,mobley_9653690
13,train,mobley_9671033
13,train,mobley_9705941
13,train,mobley_9717937
13,train,mobley_9729792
13,train,mobley_9733743
13,train,mobley_9740891
13,train,mobley_9821936
13,train,mobley_9838013
13,train,mobley_9883303
13,train,mobley_9913368
13,train,mobley_994483
13,train,mobley_9974966
13,train,mobley_9979854
13,valid,mobley_1075836
13,valid,mobley_1323538
13,valid,mobley_1571523
13,valid,mobley_1735893
13,valid,mobley_1803862
13,valid,mobley_1905088
13,valid,mobley_1967551
13,valid,mobley_2078467
13,valid,mobley_2099370
13,valid,mobley_2354112
13,valid,mobley_2390199
13,valid,mobley_2481002
13,valid,mobley_2609604
13,valid,mobley_2727678
13,valid,mobley_2913224
13,valid,mobley_3047364
13,valid,mobley_3053621
13,valid,mobley_3211679
13,valid,mobley_3515580
13,valid,mobley_3686115
13,valid,mobley_3727287
13,valid,mobley_3761215
13,valid,mobley_3762186
13,valid,mobley_3775790
13,valid,mobley_4043951
13,valid,mobley_4434915
13,valid,mobley_4620651
13,valid,mobley_486214
13,valid,mobley_4934872
13,valid,mobley_511661
13,valid,mobley_52782
13,valid,mobley_5467162
13,valid,mobley_550662
13,valid,mobley_6055410
13,valid,mobley_6082662
13,valid,mobley_6198745
13,valid,mobley_6239320
13,valid,mobley_6250025
13,valid,mobley_646007
13,valid,mobley_6474572
13,valid,mobley_6522117
13,valid,mobley_6619554
13,valid,mobley_667278
13,valid,mobley_6714389
13,valid,mobley_6973347
13,valid,mobley_7010316
13,valid,mobley_7099614
13,valid,mobley_718988
13,valid,mobley_7227357
13,valid,mobley_7463799
13,valid,mobley_7532833
13,valid,mobley_7690440
13,valid,mobley_7754849
13,valid,mobley_8127829
13,valid,mobley_8320545
13,valid,mobley_8522124
13,valid,mobley_8578590
13,valid,mobley_8798016
13,valid,mobley_8823527
13,valid,mobley_8861672
13,valid,mobley_8899867
13,valid,mobley_929676
13,valid,mobley_9534740
13,valid,mobley_9741965
13,test,mobley_1034539
13,test,mobley_1160109
13,test,mobley_1278715
13,test,mobley_1328465
13,test,mobley_1417007
13,test,mobley_1449384
13,test,mobley_1592519
13,test,mobley_1849020
13,test,mobley_1893815
13,test,mobley_1896013
13,test,mobley_1903702
13,test,mobley_2068538
13,test,mobley_210639
13,test,mobley_2126135
13,test,mobley_2143011
13,test,mobley_2183616
13,test,mobley_2213823
13,test,mobley_2295058
13,test,mobley_2410897
13,test,mobley_2451097
13,test,mobley_2492140
13,test,mobley_2493732
13,test,mobley_2517158
13,test,mobley_252413
13,test,mobley_2607611
13,test,mobley_2659552
13,test,mobley_2771569
13,test,mobley_2837389
13,test,mobley_2850833
13,test,mobley_2972906
13,test,mobley_3083321
13,test,mobley_3105103
13,test,mobley_3151666
13,test,mobley_3169935
13,test,mobley_3183805
13,test,mobley_3274817
13,test,mobley_3414356
13,test,mobley_352111
13,test,mobley_4043987
13,test,mobley_4218209
13,test,mobley_4338603
13,test,mobley_4364398
13,test,mobley_4494568
13,test,mobley_4780078
13,test,mobley_4845722
13,test,mobley_5326154
13,test,mobley_547634
13,test,mobley_5732611
13,test,mobley_5852491
13,test,mobley_6571751
13,test,mobley_6620221
13,test,mobley_6688723
13,test,mobley_6727159
13,test,mobley_6896128
13,test,mobley_7157427
13,test,mobley_7378987
13,test,mobley_7578802
13,test,mobley_7758918
13,test,mobley_7943327
13,test,mobley_819018
13,test,mobley_9257453
13,test,mobley_967099
13,test,mobley_9794857
13,test,mobley_9897248
13,test,mobley_9942801
14,train,mobley_1034539
14,train,mobley_1046331
14,train,mobley_1075836
14,train,mobley_1079207
14,train,mobley_1139153
14,train,mobley_1144156
14,train,mobley_1160109
14,train,mobley_1189457
14,train,mobley_1199854
14,train,mobley_1231151
14,train,mobley_1235151
14,train,mobley_1244778
14,train,mobley_1261349
14,train,mobley_1278715
14,train,mobley_129464
14,train,mobley_1323538
14,train,mobley_1328465
14,train,mobley_1352110
14,train,mobley_1363784
14,train,mobley_1396156
14,train,mobley_1424265
14,train,mobley_1449384
14,train,mobley_1502181
14,train,mobley_1527293
14,train,mobley_1563176
14,train,mobley_1571523
14,train,mobley_1592519
14,train,mobley_1615431
14,train,mobley_1636752
14,train,mobley_1650157
14,train,mobley_1659169
14,train,mobley_1662128
14,train,mobley_1674094
14,train,mobley_1717215
14,train,mobley_1722522
14,train,mobley_1723043
14,train,mobley_1728386
14,train,mobley_172879
14,train,mobley_1733799
14,train,mobley_1743409
14,train,mobley_1755375
14,train,mobley_1770205
14,train,mobley_1800170
14,train,mobley_1803862
14,train,mobley_1821184
14,train,mobley_1838110
14,train,mobley_1849020
14,train,mobley_1855337
14,train,mobley_1857976
14,train,mobley_1858644
14,train,mobley_186894
14,train,mobley_1873346
14,train,mobley_1875719
14,train,mobley_1893815
14,train,mobley_1896013
14,train,mobley_1899443
14,train,mobley_1903702
14,train,mobley_1905088
14,train,mobley_1922649
14,train,mobley_1923244
14,train,mobley_1929982
14,train,mobley_1944394
14,train,mobley_1952272
14,train,mobley_1967551
14,train,mobley_1976156
14,train,mobley_1977493
14,train,mobley_1987439
14,train,mobley_2005792
14,train,mobley_2008055
14,train,mobley_2023925
14,train,mobley_2043882
14,train,mobley_2049967
14,train,mobley_2068538
14,train,mobley_2123854
14,train,mobley_2126135
14,train,mobley_2146331
14,train,mobley_2178600
14,train,mobley_2183616
14,train,mobley_2197088
14,train,mobley_2198613
14,train,mobley_2213823
14,train,mobley_2245668
14,train,mobley_2269032
14,train,mobley_2279874
14,train,mobley_2294995
14,train,mobley_2295058
14,train,mobley_2310185
14,train,mobley_2316618
14,train,mobley_2328633
14,train,mobley_2341732
14,train,mobley_2354112
14,train,mobley_2371092
14,train,mobley_2390199
14,train,mobley_2402487
14,train,mobley_2410897
14,train,mobley_2422586
14,train,mobley_2451097
14,train,mobley_2457863
14,train,mobley_2481002
14,train,mobley_2484519
14,train,mobley_2487143
14,train,mobley_2489709
14,train,mobley_2492140
14,train,mobley_2493732
14,train,mobley_2501588
14,train,mobley_2517158
14,train,mobley_2518989
14,train,mobley_2577969
14,train,mobley_2607611
14,train,mobley_2609604
14,train,mobley_2613240
14,train,mobley_2636578
14,train,mobley_2659552
14,train,mobley_2661134
14,train,mobley_2681549
14,train,mobley_2689721
14,train,mobley_2725215
14,train,mobley_2725802
14,train,mobley_2763835
14,train,mobley_2771569
14,train,mobley_2782339
14,train,mobley_2784376
14,train,mobley_282648
14,train,mobley_2837389
14,train,mobley_2845466
14,train,mobley_2850833
14,train,mobley_2859600
14,train,mobley_2864987
14,train,mobley_2881590
14,train,mobley_2913224
14,train,mobley_2925352
14,train,mobley_2929847
14,train,mobley_2958326
14,train,mobley_2960202
14,train,mobley_2972345
14,train,mobley_2972906
14,train,mobley_299266
14,train,mobley_2996632
14,train,mobley_3006808
14,train,mobley_303222
14,train,mobley_3047364
14,train,mobley_3053621
14,train,mobley_3060426
14,train,mobley_3105103
14,train,mobley_313406
14,train,mobley_3151666
14,train,mobley_3167746
14,train,mobley_3169935
14,train,mobley_3183805
14,train,mobley_3187514
14,train,mobley_3201701
14,train,mobley_3210206
14,train,mobley_3211679
14,train,mobley_3234716
14,train,mobley_3259411
14,train,mobley_3264884
14,train,mobley_3265457
14,train,mobley_3266352
14,train,mobley_3269565
14,train,mobley_3269819
14,train,mobley_3274817
14,train,mobley_3318135
14,train,mobley_3323117
14,train,mobley_3325209
14,train,mobley_3370989
14,train,mobley_337666
14,train,mobley_3378420
14,train,mobley_3395921
14,train,mobley_3398536
14,train,mobley_3414356
14,train,mobley_3425174
14,train,mobley_3452749
14,train,mobley_349850
14,train,mobley_3515580
14,train,mobley_352111
14,train,mobley_3525176
14,train,mobley_3546460
14,train,mobley_3572203
14,train,mobley_3573480
14,train,mobley_3589456
14,train,mobley_36119
14,train,mobley_3639400
14,train,mobley_3682850
14,train,mobley_3690931
14,train,mobley_3709920
14,train,mobley_3738859
14,train,mobley_3746675
14,train,mobley_3761215
14,train,mobley_3762186
14,train,mobley_3775790
14,train,mobley_3777264
14,train,mobley_3802803
14,train,mobley_3843583
14,train,mobley_3968043
14,train,mobley_397645
14,train,mobley_3976574
14,train,mobley_3982371
14,train,mobley_4043951
14,train,mobley_4043987
14,train,mobley_4059279
14,train,mobley_4149784
14,train,mobley_4177472
14,train,mobley_4188615
14,train,mobley_4193752
14,train,mobley_4218209
14,train,mobley_4219614
14,train,mobley_4252724
14,train,mobley_4287564
14,train,mobley_4291494
14,train,mobley_430089
14,train,mobley_4305650
14,train,mobley_4338603
14,train,mobley_4375719
14,train,mobley_4395315
14,train,mobley_4434915
14,train,mobley_4483973
14,train,mobley_4494568
14,train,mobley_4506634
14,train,mobley_4553008
14,train,mobley_4561957
14,train,mobley_4584540
14,train,mobley_4587267
14,train,mobley_4603202
14,train,mobley_4609460
14,train,mobley_4613090
14,train,mobley_4620651
14,train,mobley_4639255
14,train,mobley_4683624
14,train,mobley_4687447
14,train,mobley_4690963
14,train,mobley_4694328
14,train,mobley_4699732
14,train,mobley_4715906
14,train,mobley_4759887
14,train,mobley_4762983
14,train,mobley_4792268
14,train,mobley_4845722
14,train,mobley_486214
14,train,mobley_4883284
14,train,mobley_4884177
14,train,mobley_4893032
14,train,mobley_4924862
14,train,mobley_49274
14,train,mobley_4934872
14,train,mobley_4936555
14,train,mobley_4964807
14,train,mobley_5003962
14,train,mobley_5006685
14,train,mobley_5052949
14,train,mobley_5056289
14,train,mobley_5063386
14,train,mobley_5072416
14,train,mobley_5076071
14,train,mobley_5094777
14,train,mobley_5110043
14,train,mobley_5123639
14,train,mobley_5157661
14,train,mobley_5200358
14,train,mobley_5220185
14,train,mobley_525934
14,train,mobley_5263791
14,train,mobley_52782
14,train,mobley_5282042
14,train,mobley_5286200
14,train,mobley_5310099
14,train,mobley_5326154
14,train,mobley_5347550
14,train,mobley_5371840
14,train,mobley_5393242
14,train,mobley_5445548
14,train,mobley_5449201
14,train,mobley_5456566
14,train,mobley_5467162
14,train,mobley_5471704
14,train,mobley_547634
14,train,mobley_5494918
14,train,mobley_550662
14,train,mobley_5510474
14,train,mobley_5518547
14,train,mobley_5520946
14,train,mobley_5538249
14,train,mobley_5561855
14,train,mobley_5571660
14,train,mobley_5600967
14,train,mobley_5616693
14,train,mobley_5627459
14,train,mobley_5631798
14,train,mobley_5665561
14,train,mobley_5690766
14,train,mobley_5692472
14,train,mobley_5732611
14,train,mobley_5747188
14,train,mobley_5747981
14,train,mobley_5759258
14,train,mobley_5760563
14,train,mobley_5816127
14,train,mobley_5852491
14,train,mobley_5857
14,train,mobley_5880265
14,train,mobley_588781
14,train,mobley_590519
14,train,mobley_5917842
14,train,mobley_5935995
14,train,mobley_5948990
14,train,mobley_5952846
14,train,mobley_5973402
14,train,mobley_6006813
14,train,mobley_6055410
14,train,mobley_6081058
14,train,mobley_6091882
14,train,mobley_6102880
14,train,mobley_6115639
14,train,mobley_6190089
14,train,mobley_6198745
14,train,mobley_6201330
14,train,mobley_6235784
14,train,mobley_6250025
14,train,mobley_6257907
14,train,mobley_627267
14,train,mobley_628086
14,train,mobley_628951
14,train,mobley_6303022
14,train,mobley_6309289
14,train,mobley_632905
14,train,mobley_6353617
14,train,mobley_6358463
14,train,mobley_6359156
14,train,mobley_63712
14,train,mobley_637522
14,train,mobley_6430250
14,train,mobley_6456034
14,train,mobley_646007
14,train,mobley_6474572
14,train,mobley_6497672
14,train,mobley_6522117
14,train,mobley_6571751
14,train,mobley_6619554
14,train,mobley_6632459
14,train,mobley_6688723
14,train,mobley_6714389
14,train,mobley_6727159
14,train,mobley_6733657
14,train,mobley_6739648
14,train,mobley_6743808
14,train,mobley_676247
14,train,mobley_6794076
14,train,mobley_6812653
14,train,mobley_6843802
14,train,mobley_6854178
14,train,mobley_6861308
14,train,mobley_6896128
14,train,mobley_6911232
14,train,mobley_6917738
14,train,mobley_6929123
14,train,mobley_6935906
14,train,mobley_6973347
14,train,mobley_6988468
14,train,mobley_7009711
14,train,mobley_7010316
14,train,mobley_7015518
14,train,mobley_7017274
14,train,mobley_7039935
14,train,mobley_7047032
14,train,mobley_7066554
14,train,mobley_7099614
14,train,mobley_7106722
14,train,mobley_7142697
14,train,mobley_7150646
14,train,mobley_7157427
14,train,mobley_7176248
14,train,mobley_7176290
14,train,mobley_718988
14,train,mobley_7200804
14,train,mobley_7227357
14,train,mobley_7239499
14,train,mobley_7261305
14,train,mobley_7295828
14,train,mobley_7298388
14,train,mobley_7326706
14,train,mobley_7326982
14,train,mobley_7360181
14,train,mobley_7375018
14,train,mobley_7378987
14,train,mobley_7393673
14,train,mobley_7415647
14,train,mobley_7417968
14,train,mobley_7455579
14,train,mobley_7463408
14,train,mobley_7532833
14,train,mobley_755351
14,train,mobley_7573149
14,train,mobley_7578802
14,train,mobley_7599023
14,train,mobley_7608435
14,train,mobley_7610437
14,train,mobley_7690440
14,train,mobley_7732703
14,train,mobley_7735340
14,train,mobley_7754849
14,train,mobley_7768165
14,train,mobley_7769613
14,train,mobley_7774695
14,train,mobley_778352
14,train,mobley_7794077
14,train,mobley_7814642
14,train,mobley_7829570
14,train,mobley_7859387
14,train,mobley_7860938
14,train,mobley_7869158
14,train,mobley_7912193
14,train,mobley_7913234
14,train,mobley_7983227
14,train,mobley_7988076
14,train,mobley_8006582
14,train,mobley_8011706
14,train,mobley_8048190
14,train,mobley_8052240
14,train,mobley_8057732
14,train,mobley_8118832
14,train,mobley_8124669
14,train,mobley_8127829
14,train,mobley_819018
14,train,mobley_8191186
14,train,mobley_820789
14,train,mobley_8208692
14,train,mobley_8221999
14,train,mobley_8260524
14,train,mobley_8311303
14,train,mobley_8311321
14,train,mobley_8320545
14,train,mobley_8337722
14,train,mobley_8337977
14,train,mobley_8426916
14,train,mobley_8427539
14,train,mobley_8436428
14,train,mobley_8449031
14,train,mobley_8467917
14,train,mobley_8492526
14,train,mobley_8514745
14,train,mobley_8522124
14,train,mobley_8525830
14,train,mobley_852937
14,train,mobley_8573194
14,train,mobley_8578590
14,train,mobley_859464
14,train,mobley_8614858
14,train,mobley_8685905
14,train,mobley_8713762
14,train,mobley_8723116
14,train,mobley_8739734
14,train,mobley_8746821
14,train,mobley_8754702
14,train,mobley_8764620
14,train,mobley_8765203
14,train,mobley_8785107
14,train,mobley_8789465
14,train,mobley_8789864
14,train,mobley_8809190
14,train,mobley_8809274
14,train,mobley_8823527
14,train,mobley_8861672
14,train,mobley_8882696
14,train,mobley_8883511
14,train,mobley_8885088
14,train,mobley_8899867
14,train,mobley_8916409
14,train,mobley_8966374
14,train,mobley_8983100
14,train,mobley_900088
14,train,mobley_9007496
14,train,mobley_9015240
14,train,mobley_9028462
14,train,mobley_902954
14,train,mobley_9029594
14,train,mobley_9055303
14,train,mobley_9073553
14,train,mobley_9100956
14,train,mobley_9112978
14,train,mobley_9114381
14,train,mobley_9121449
14,train,mobley_9139060
14,train,mobley_9185328
14,train,mobley_9197172
14,train,mobley_9201263
14,train,mobley_9246215
14,train,mobley_9246351
14,train,mobley_9257453
14,train,mobley_9281946
14,train,mobley_9407874
14,train,mobley_9434451
14,train,mobley_9460824
14,train,mobley_9478823
14,train,mobley_9507933
14,train,mobley_9510785
14,train,mobley_951560
14,train,mobley_9534740
14,train,mobley_9557440
14,train,mobley_9571888
14,train,mobley_9617923
14,train,mobley_9624458
14,train,mobley_9653690
14,train,mobley_967099
14,train,mobley_9717937
14,train,mobley_9733743
14,train,mobley_9740891
14,train,mobley_9741965
14,train,mobley_9794857
14,train,mobley_9821936
14,train,mobley_9838013
14,train,mobley_9942801
14,train,mobley_994483
14,train,mobley_9974966
14,train,mobley_9979854
14,valid,mobley_1019269
14,valid,mobley_1036761
14,valid,mobley_1328936
14,valid,mobley_1417007
14,valid,mobley_1469079
14,valid,mobley_1708457
14,valid,mobley_1827204
14,valid,mobley_1881249
14,valid,mobley_1893937
14,valid,mobley_1963873
14,valid,mobley_197466
14,valid,mobley_2078467
14,valid,mobley_210639
14,valid,mobley_2261979
14,valid,mobley_2364370
14,valid,mobley_242480
14,valid,mobley_2523689
14,valid,mobley_2727678
14,valid,mobley_2751110
14,valid,mobley_2792521
14,valid,mobley_2923700
14,valid,mobley_296847
14,valid,mobley_3040612
14,valid,mobley_3083321
14,valid,mobley_3144334
14,valid,mobley_3359593
14,valid,mobley_3663158
14,valid,mobley_3727287
14,valid,mobley_3867265
14,valid,mobley_3999471
14,valid,mobley_4463913
14,valid,mobley_4465023
14,valid,mobley_4678740
14,valid,mobley_468867
14,valid,mobley_5026370
14,valid,mobley_511661
14,valid,mobley_5311804
14,valid,mobley_5390332
14,valid,mobley_5499659
14,valid,mobley_5708811
14,valid,mobley_5890803
14,valid,mobley_6082662
14,valid,mobley_6175884
14,valid,mobley_6232400
14,valid,mobley_6248915
14,valid,mobley_6338073
14,valid,mobley_6359135
14,valid,mobley_6620221
14,valid,mobley_6804509
14,valid,mobley_6981465
14,valid,mobley_7203421
14,valid,mobley_7364468
14,valid,mobley_7608462
14,valid,mobley_7708038
14,valid,mobley_7758918
14,valid,mobley_7943327
14,valid,mobley_8558116
14,valid,mobley_929676
14,valid,mobley_9414831
14,valid,mobley_9626434
14,valid,mobley_9671033
14,valid,mobley_9729792
14,valid,mobley_9883303
14,valid,mobley_9897248
14,test,mobley_1017962
14,test,mobley_1107178
14,test,mobley_1178614
14,test,mobley_1520842
14,test,mobley_1735893
14,test,mobley_1760914
14,test,mobley_1781152
14,test,mobley_1792062
14,test,mobley_194273
14,test,mobley_20524
14,test,mobley_2099370
14,test,mobley_2143011
14,test,mobley_252413
14,test,mobley_2693089
14,test,mobley_2789243
14,test,mobley_2802855
14,test,mobley_2844990
14,test,mobley_3034976
14,test,mobley_3686115
14,test,mobley_3715043
14,test,mobley_3968739
14,test,mobley_3969312
14,test,mobley_3980099
14,test,mobley_4013838
14,test,mobley_4035953
14,test,mobley_4039055
14,test,mobley_4364398
14,test,mobley_4371692
14,test,mobley_4479135
14,test,mobley_4630641
14,test,mobley_4780078
14,test,mobley_4850657
14,test,mobley_4983965
14,test,mobley_5079234
14,test,mobley_5346580
14,test,mobley_5977084
14,test,mobley_6060301
14,test,mobley_6195751
14,test,mobley_6239320
14,test,mobley_6266306
14,test,mobley_6334915
14,test,mobley_6416775
14,test,mobley_664966
14,test,mobley_667278
14,test,mobley_6978427
14,test,mobley_7463799
14,test,mobley_7497999
14,test,mobley_7542832
14,test,mobley_766666
14,test,mobley_7676709
14,test,mobley_7688753
14,test,mobley_7893124
14,test,mobley_7977115
14,test,mobley_8117218
14,test,mobley_8207196
14,test,mobley_8668219
14,test,mobley_8691603
14,test,mobley_8705848
14,test,mobley_8772587
14,test,mobley_8798016
14,test,mobley_8827942
14,test,mobley_9209581
14,test,mobley_9565165
14,test,mobley_9705941
14,test,mobley_9913368
15,train,mobley_1017962
15,train,mobley_1034539
15,train,mobley_1036761
15,train,mobley_1046331
15,train,mobley_1079207
15,train,mobley_1139153
15,train,mobley_1144156
15,train,mobley_1160109
15,train,mobley_1189457
15,train,mobley_1199854
15,train,mobley_1231151
15,train,mobley_1235151
15,train,mobley_1244778
15,train,mobley_1261349
15,train,mobley_1278715
15,train,mobley_129464
15,train,mobley_1323538
15,train,mobley_1328465
15,train,mobley_1328936
15,train,mobley_1352110
15,train,mobley_1363784
15,train,mobley_1396156
15,train,mobley_1424265
15,train,mobley_1449384
15,train,mobley_1469079
15,train,mobley_1502181
15,train,mobley_1520842
15,train,mobley_1563176
15,train,mobley_1592519
15,train,mobley_1615431
15,train,mobley_1636752
15,train,mobley_1650157
15,train,mobley_1659169
15,train,mobley_1662128
15,train,mobley_1674094
15,train,mobley_1708457
15,train,mobley_1722522
15,train,mobley_1723043
15,train,mobley_1728386
15,train,mobley_172879
15,train,mobley_1733799
15,train,mobley_1735893
15,train,mobley_1743409
15,train,mobley_1755375
15,train,mobley_1770205
15,train,mobley_1781152
15,train,mobley_1792062
15,train,mobley_1800170
15,train,mobley_1803862
15,train,mobley_1849020
15,train,mobley_1855337
15,train,mobley_1857976
15,train,mobley_1858644
15,train,mobley_1873346
15,train,mobley_1881249
15,train,mobley_1893815
15,train,mobley_1896013
15,train,mobley_1903702
15,train,mobley_1905088
15,train,mobley_1922649
15,train,mobley_1923244
15,train,mobley_194273
15,train,mobley_1944394
15,train,mobley_1952272
15,train,mobley_1967551
15,train,mobley_197466
15,train,mobley_1976156
15,train,mobley_1977493
15,train,mobley_2023925
15,train,mobley_2043882
15,train,mobley_2049967
15,train,mobley_20524
15,train,mobley_2068538
15,train,mobley_2078467
15,train,mobley_2099370
15,train,mobley_210639
15,train,mobley_2123854
15,train,mobley_2126135
15,train,mobley_2143011
15,train,mobley_2146331
15,train,mobley_2178600
15,train,mobley_2183616
15,train,mobley_2197088
15,train,mobley_2261979
15,train,mobley_2269032
15,train,mobley_2279874
15,train,mobley_2294995
15,train,mobley_2295058
15,train,mobley_2310185
15,train,mobley_2316618
15,train,mobley_2341732
15,train,mobley_2354112
15,train,mobley_2364370
15,train,mobley_2371092
15,train,mobley_2402487
15,train,mobley_242480
15,train,mobley_2451097
15,train,mobley_2457863
15,train,mobley_2481002
15,train,mobley_2484519
15,train,mobley_2487143
15,train,mobley_2489709
15,train,mobley_2492140
15,train,mobley_2493732
15,train,mobley_2501588
15,train,mobley_2517158
15,train,mobley_2518989
15,train,mobley_2523689
15,train,mobley_2577969
15,train,mobley_2607611
15,train,mobley_2609604
15,train,mobley_2613240
15,train,mobley_2636578
15,train,mobley_2659552
15,train,mobley_2661134
15,train,mobley_2681549
15,train,mobley_2693089
15,train,mobley_2725215
15,train,mobley_2725802
15,train,mobley_2727678
15,train,mobley_2751110
15,train,mobley_2763835
15,train,mobley_2771569
15,train,mobley_2782339
15,train,mobley_2789243
15,train,mobley_2792521
15,train,mobley_2802855
15,train,mobley_282648
15,train,mobley_2837389
15,train,mobley_2844990
15,train,mobley_2850833
15,train,mobley_2859600
15,train,mobley_2864987
15,train,mobley_2913224
15,train,mobley_2923700
15,train,mobley_2925352
15,train,mobley_2929847
15,train,mobley_296847
15,train,mobley_2972345
15,train,mobley_2972906
15,train,mobley_299266
15,train,mobley_2996632
15,train,mobley_303222
15,train,mobley_3034976
15,train,mobley_3053621
15,train,mobley_3060426
15,train,mobley_3083321
15,train,mobley_3105103
15,train,mobley_3144334
15,train,mobley_3169935
15,train,mobley_3183805
15,train,mobley_3187514
15,train,mobley_3201701
15,train,mobley_3210206
15,train,mobley_3211679
15,train,mobley_3259411
15,train,mobley_3264884
15,train,mobley_3265457
15,train,mobley_3266352
15,train,mobley_3269565
15,train,mobley_3269819
15,train,mobley_3274817
15,train,mobley_3318135
15,train,mobley_3323117
15,train,mobley_3325209
15,train,mobley_3359593
15,train,mobley_3370989
15,train,mobley_337666
15,train,mobley_3395921
15,train,mobley_3414356
15,train,mobley_3425174
15,train,mobley_3452749
15,train,mobley_349850
15,train,mobley_3515580
15,train,mobley_352111
15,train,mobley_3546460
15,train,mobley_3572203
15,train,mobley_3573480
15,train,mobley_3589456
15,train,mobley_36119
15,train,mobley_3639400
15,train,mobley_3682850
15,train,mobley_3686115
15,train,mobley_3690931
15,train,mobley_3709920
15,train,mobley_3715043
15,train,mobley_3727287
15,train,mobley_3746675
15,train,mobley_3761215
15,train,mobley_3762186
15,train,mobley_3775790
15,train,mobley_3777264
15,train,mobley_3802803
15,train,mobley_3843583
15,train,mobley_3867265
15,train,mobley_3968043
15,train,mobley_3969312
15,train,mobley_3976574
15,train,mobley_3980099
15,train,mobley_3999471
15,train,mobley_4013838
15,train,mobley_4039055
15,train,mobley_4043987
15,train,mobley_4059279
15,train,mobley_4149784
15,train,mobley_4177472
15,train,mobley_4188615
15,train,mobley_4193752
15,train,mobley_4219614
15,train,mobley_4252724
15,train,mobley_4291494
15,train,mobley_430089
15,train,mobley_4305650
15,train,mobley_4338603
15,train,mobley_4364398
15,train,mobley_4371692
15,train,mobley_4375719
15,train,mobley_4395315
15,train,mobley_4434915
15,train,mobley_4463913
15,train,mobley_4479135
15,train,mobley_4483973
15,train,mobley_4494568
15,train,mobley_4506634
15,train,mobley_4553008
15,train,mobley_4584540
15,train,mobley_4587267
15,train,mobley_4603202
15,train,mobley_4620651
15,train,mobley_4630641
15,train,mobley_4639255
15,train,mobley_4678740
15,train,mobley_4683624
15,train,mobley_4687447
15,train,mobley_468867
15,train,mobley_4699732
15,train,mobley_4715906
15,train,mobley_4759887
15,train,mobley_4762983
15,train,mobley_4845722
15,train,mobley_486214
15,train,mobley_4883284
15,train,mobley_4884177
15,train,mobley_4924862
15,train,mobley_4934872
15,train,mobley_4936555
15,train,mobley_4964807
15,train,mobley_4983965
15,train,mobley_5003962
15,train,mobley_5006685
15,train,mobley_5026370
15,train,mobley_5052949
15,train,mobley_5056289
15,train,mobley_5063386
15,train,mobley_5072416
15,train,mobley_5076071
15,train,mobley_5079234
15,train,mobley_5094777
15,train,mobley_5110043
15,train,mobley_511661
15,train,mobley_5123639
15,train,mobley_5157661
15,train,mobley_5200358
15,train,mobley_5220185
15,train,mobley_525934
15,train,mobley_5263791
15,train,mobley_52782
15,train,mobley_5282042
15,train,mobley_5286200
15,train,mobley_5310099
15,train,mobley_5311804
15,train,mobley_5326154
15,train,mobley_5346580
15,train,mobley_5347550
15,train,mobley_5390332
15,train,mobley_5393242
15,train,mobley_5445548
15,train,mobley_5449201
15,train,mobley_5456566
15,train,mobley_5467162
15,train,mobley_5471704
15,train,mobley_547634
15,train,mobley_5494918
15,train,mobley_5499659
15,train,mobley_5510474
15,train,mobley_5518547
15,train,mobley_5561855
15,train,mobley_5571660
15,train,mobley_5600967
15,train,mobley_5616693
15,train,mobley_5627459
15,train,mobley_5631798
15,train,mobley_5665561
15,train,mobley_5690766
15,train,mobley_5692472
15,train,mobley_5708811
15,train,mobley_5747981
15,train,mobley_5759258
15,train,mobley_5760563
15,train,mobley_5816127
15,train,mobley_5852491
15,train,mobley_5857
15,train,mobley_588781
15,train,mobley_5890803
15,train,mobley_590519
15,train,mobley_5917842
15,train,mobley_5948990
15,train,mobley_5952846
15,train,mobley_5973402
15,train,mobley_5977084
15,train,mobley_6006813
15,train,mobley_6055410
15,train,mobley_6060301
15,train,mobley_6081058
15,train,mobley_6082662
15,train,mobley_6091882
15,train,mobley_6175884
15,train,mobley_6190089
15,train,mobley_6195751
15,train,mobley_6198745
15,train,mobley_6201330
15,train,mobley_6235784
15,train,mobley_6239320
15,train,mobley_6248915
15,train,mobley_6250025
15,train,mobley_6257907
15,train,mobley_6266306
15,train,mobley_627267
15,train,mobley_628086
15,train,mobley_628951
15,train,mobley_6303022
15,train,mobley_6309289
15,train,mobley_632905
15,train,mobley_6334915
15,train,mobley_6353617
15,train,mobley_6358463
15,train,mobley_6359135
15,train,mobley_63712
15,train,mobley_637522
15,train,mobley_6430250
15,train,mobley_6456034
15,train,mobley_646007
15,train,mobley_6474572
15,train,mobley_6497672
15,train,mobley_6522117
15,train,mobley_6619554
15,train,mobley_6620221
15,train,mobley_6632459
15,train,mobley_664966
15,train,mobley_667278
15,train,mobley_6688723
15,train,mobley_6714389
15,train,mobley_6727159
15,train,mobley_6739648
15,train,mobley_6743808
15,train,mobley_676247
15,train,mobley_6804509
15,train,mobley_6812653
15,train,mobley_6843802
15,train,mobley_6854178
15,train,mobley_6861308
15,train,mobley_6896128
15,train,mobley_6917738
15,train,mobley_6935906
15,train,mobley_6973347
15,train,mobley_6978427
15,train,mobley_6981465
15,train,mobley_6988468
15,train,mobley_7009711
15,train,mobley_7010316
15,train,mobley_7015518
15,train,mobley_7066554
15,train,mobley_7099614
15,train,mobley_7142697
15,train,mobley_7150646
15,train,mobley_7157427
15,train,mobley_7176248
15,train,mobley_718988
15,train,mobley_7200804
15,train,mobley_7203421
15,train,mobley_7227357
15,train,mobley_7261305
15,train,mobley_7295828
15,train,mobley_7298388
15,train,mobley_7326706
15,train,mobley_7364468
15,train,mobley_7375018
15,train,mobley_7378987
15,train,mobley_7393673
15,train,mobley_7415647
15,train,mobley_7417968
15,train,mobley_7455579
15,train,mobley_7463408
15,train,mobley_7463799
15,train,mobley_7497999
15,train,mobley_7532833
15,train,mobley_7542832
15,train,mobley_755351
15,train,mobley_7573149
15,train,mobley_7578802
15,train,mobley_7608462
15,train,mobley_7610437
15,train,mobley_766666
15,train,mobley_7676709
15,train,mobley_7688753
15,train,mobley_7690440
15,train,mobley_7732703
15,train,mobley_7735340
15,train,mobley_7754849
15,train,mobley_7758918
15,train,mobley_7768165
15,train,mobley_7769613
15,train,mobley_7774695
15,train,mobley_778352
15,train,mobley_7794077
15,train,mobley_7814642
15,train,mobley_7829570
15,train,mobley_7859387
15,train,mobley_7860938
15,train,mobley_7869158
15,train,mobley_7893124
15,train,mobley_7912193
15,train,mobley_7913234
15,train,mobley_7943327
15,train,mobley_7977115
15,train,mobley_7988076
15,train,mobley_8011706
15,train,mobley_8048190
15,train,mobley_8052240
15,train,mobley_8117218
15,train,mobley_8118832
15,train,mobley_8124669
15,train,mobley_819018
15,train,mobley_820789
15,train,mobley_8221999
15,train,mobley_8311303
15,train,mobley_8311321
15,train,mobley_8320545
15,train,mobley_8337722
15,train,mobley_8426916
15,train,mobley_8427539
15,train,mobley_8436428
15,train,mobley_8449031
15,train,mobley_8492526
15,train,mobley_8558116
15,train,mobley_8578590
15,train,mobley_859464
15,train,mobley_8614858
15,train,mobley_8685905
15,train,mobley_8691603
15,train,mobley_8713762
15,train,mobley_8723116
15,train,mobley_8739734
15,train,mobley_8746821
15,train,mobley_8754702
15,train,mobley_8765203
15,train,mobley_8772587
15,train,mobley_8789465
15,train,mobley_8789864
15,train,mobley_8809274
15,train,mobley_8823527
15,train,mobley_8827942
15,train,mobley_8861672
15,train,mobley_8883511
15,train,mobley_8885088
15,train,mobley_8899867
15,train,mobley_8916409
15,train,mobley_8966374
15,train,mobley_900088
15,train,mobley_9007496
15,train,mobley_9015240
15,train,mobley_9028462
15,train,mobley_902954
15,train,mobley_9029594
15,train,mobley_9073553
15,train,mobley_9100956
15,train,mobley_9114381
15,train,mobley_9121449
15,train,mobley_9139060
15,train,mobley_9197172
15,train,mobley_9201263
15,train,mobley_9209581
15,train,mobley_9246215
15,train,mobley_9246351
15,train,mobley_9257453
15,train,mobley_9281946
15,train,mobley_929676
15,train,mobley_9407874
15,train,mobley_9414831
15,train,mobley_9434451
15,train,mobley_9460824
15,train,mobley_9478823
15,train,mobley_9507933
15,train,mobley_9510785
15,train,mobley_951560
15,train,mobley_9534740
15,train,mobley_9565165
15,train,mobley_9571888
15,train,mobley_9624458
15,train,mobley_9626434
15,train,mobley_9653690
15,train,mobley_967099
15,train,mobley_9671033
15,train,mobley_9717937
15,train,mobley_9740891
15,train,mobley_9741965
15,train,mobley_9794857
15,train,mobley_9883303
15,train,mobley_9897248
15,train,mobley_9942801
15,train,mobley_994483
15,train,mobley_9974966
15,train,mobley_9979854
15,valid,mobley_1019269
15,valid,mobley_1075836
15,valid,mobley_1107178
15,valid,mobley_1178614
15,valid,mobley_1527293
15,valid,mobley_1760914
15,valid,mobley_1899443
15,valid,mobley_1963873
15,valid,mobley_1987439
15,valid,mobley_2213823
15,valid,mobley_2245668
15,valid,mobley_2390199
15,valid,mobley_2422586
15,valid,mobley_2784376
15,valid,mobley_2845466
15,valid,mobley_313406
15,valid,mobley_3151666
15,valid,mobley_3234716
15,valid,mobley_3663158
15,valid,mobley_3738859
15,valid,mobley_397645
15,valid,mobley_4035953
15,valid,mobley_4218209
15,valid,mobley_4287564
15,valid,mobley_4561957
15,valid,mobley_4609460
15,valid,mobley_4780078
15,valid,mobley_4850657
15,valid,mobley_4893032
15,valid,mobley_5371840
15,valid,mobley_550662
15,valid,mobley_5520946
15,valid,mobley_5538249
15,valid,mobley_5732611
15,valid,mobley_5747188
15,valid,mobley_5880265
15,valid,mobley_6102880
15,valid,mobley_6115639
15,valid,mobley_6359156
15,valid,mobley_6571751
15,valid,mobley_6794076
15,valid,mobley_6911232
15,valid,mobley_7017274
15,valid,mobley_7039935
15,valid,mobley_7106722
15,valid,mobley_7239499
15,valid,mobley_7326982
15,valid,mobley_7708038
15,valid,mobley_7983227
15,valid,mobley_8337977
15,valid,mobley_8522124
15,valid,mobley_852937
15,valid,mobley_8573194
15,valid,mobley_8798016
15,valid,mobley_8809190
15,valid,mobley_8983100
15,valid,mobley_9055303
15,valid,mobley_9185328
15,valid,mobley_9557440
15,valid,mobley_9617923
15,valid,mobley_9705941
15,valid,mobley_9733743
15,valid,mobley_9838013
15,valid,mobley_9913368
15,test,mobley_1417007
15,test,mobley_1571523
15,test,mobley_1717215
15,test,mobley_1821184
15,test,mobley_1827204
15,test,mobley_1838110
15,test,mobley_186894
15,test,mobley_1875719
15,test,mobley_1893937
15,test,mobley_1929982
15,test,mobley_2005792
15,test,mobley_2008055
15,test,mobley_2198613
15,test,mobley_2328633
15,test,mobley_2410897
15,test,mobley_252413
15,test,mobley_2689721
15,test,mobley_2881590
15,test,mobley_2958326
15,test,mobley_2960202
15,test,mobley_3006808
15,test,mobley_3040612
15,test,mobley_3047364
15,test,mobley_3167746
15,test,mobley_3378420
15,test,mobley_3398536
15,test,mobley_3525176
15,test,mobley_3968739
15,test,mobley_3982371
15,test,mobley_4043951
15,test,mobley_4465023
15,test,mobley_4613090
15,test,mobley_4690963
15,test,mobley_4694328
15,test,mobley_4792268
15,test,mobley_49274
15,test,mobley_5935995
15,test,mobley_6232400
15,test,mobley_6338073
15,test,mobley_6416775
15,test,mobley_6733657
15,test,mobley_6929123
15,test,mobley_7047032
15,test,mobley_7176290
15,test,mobley_7360181
15,test,mobley_7599023
15,test,mobley_7608435
15,test,mobley_8006582
15,test,mobley_8057732
15,test,mobley_8127829
15,test,mobley_8191186
15,test,mobley_8207196
15,test,mobley_8208692
15,test,mobley_8260524
15,test,mobley_8467917
15,test,mobley_8514745
15,test,mobley_8525830
15,test,mobley_8668219
15,test,mobley_8705848
15,test,mobley_8764620
15,test,mobley_8785107
15,test,mobley_8882696
15,test,mobley_9112978
15,test,mobley_9729792
15,test,mobley_9821936
16,train,mobley_1019269
16,train,mobley_1034539
16,train,mobley_1036761
16,train,mobley_1046331
16,train,mobley_1075836
16,train,mobley_1079207
16,train,mobley_1107178
16,train,mobley_1139153
16,train,mobley_1144156
16,train,mobley_1160109
16,train,mobley_1178614
16,train,mobley_1199854
16,train,mobley_1231151
16,train,mobley_1235151
16,train,mobley_1244778
16,train,mobley_1278715
16,train,mobley_129464
16,train,mobley_1323538
16,train,mobley_1328936
16,train,mobley_1352110
16,train,mobley_1363784
16,train,mobley_1396156
16,train,mobley_1417007
16,train,mobley_1424265
16,train,mobley_1449384
16,train,mobley_1469079
16,train,mobley_1520842
16,train,mobley_1571523
16,train,mobley_1592519
16,train,mobley_1650157
16,train,mobley_1659169
16,train,mobley_1674094
16,train,mobley_1722522
16,train,mobley_1723043
16,train,mobley_1728386
16,train,mobley_172879
16,train,mobley_1733799
16,train,mobley_1735893
16,train,mobley_1743409
16,train,mobley_1755375
16,train,mobley_1760914
16,train,mobley_1781152
16,train,mobley_1792062
16,train,mobley_1800170
16,train,mobley_1803862
16,train,mobley_1821184
16,train,mobley_1827204
16,train,mobley_1838110
16,train,mobley_1849020
16,train,mobley_1855337
16,train,mobley_1857976
16,train,mobley_1858644
16,train,mobley_186894
16,train,mobley_1873346
16,train,mobley_1875719
16,train,mobley_1881249
16,train,mobley_1893815
16,train,mobley_1893937
16,train,mobley_1896013
16,train,mobley_1899443
16,train,mobley_1905088
16,train,mobley_1922649
16,train,mobley_1923244
16,train,mobley_194273
16,train,mobley_1944394
16,train,mobley_1952272
16,train,mobley_1967551
16,train,mobley_1977493
16,train,mobley_1987439
16,train,mobley_2008055
16,train,mobley_2043882
16,train,mobley_2049967
16,train,mobley_2123854
16,train,mobley_2126135
16,train,mobley_2178600
16,train,mobley_2197088
16,train,mobley_2245668
16,train,mobley_2261979
16,train,mobley_2279874
16,train,mobley_2294995
16,train,mobley_2295058
16,train,mobley_2310185
16,train,mobley_2316618
16,train,mobley_2328633
16,train,mobley_2341732
16,train,mobley_2354112
16,train,mobley_2364370
16,train,mobley_2371092
16,train,mobley_2390199
16,train,mobley_2402487
16,train,mobley_2410897
16,train,mobley_2422586
16,train,mobley_2451097
16,train,mobley_2457863
16,train,mobley_2481002
16,train,mobley_2484519
16,train,mobley_2487143
16,train,mobley_2489709
16,train,mobley_2492140
16,train,mobley_2493732
16,train,mobley_2501588
16,train,mobley_2517158
16,train,mobley_2518989
16,train,mobley_2523689
16,train,mobley_252413
16,train,mobley_2577969
16,train,mobley_2607611
16,train,mobley_2613240
16,train,mobley_2659552
16,train,mobley_2661134
16,train,mobley_2681549
16,train,mobley_2693089
16,train,mobley_2725215
16,train,mobley_2725802
16,train,mobley_2727678
16,train,mobley_2763835
16,train,mobley_2771569
16,train,mobley_2782339
16,train,mobley_2784376
16,train,mobley_2789243
16,train,mobley_2792521
16,train,mobley_2802855
16,train,mobley_2845466
16,train,mobley_2850833
16,train,mobley_2859600
16,train,mobley_2864987
16,train,mobley_2881590
16,train,mobley_2913224
16,train,mobley_2923700
16,train,mobley_2925352
16,train,mobley_2929847
16,train,mobley_2958326
16,train,mobley_2960202
16,train,mobley_2972345
16,train,mobley_2972906
16,train,mobley_299266
16,train,mobley_2996632
16,train,mobley_3040612
16,train,mobley_3047364
16,train,mobley_3053621
16,train,mobley_3060426
16,train,mobley_3083321
16,train,mobley_3105103
16,train,mobley_313406
16,train,mobley_3144334
16,train,mobley_3151666
16,train,mobley_3167746
16,train,mobley_3169935
16,train,mobley_3187514
16,train,mobley_3211679
16,train,mobley_3264884
16,train,mobley_3265457
16,train,mobley_3266352
16,train,mobley_3269819
16,train,mobley_3274817
16,train,mobley_3318135
16,train,mobley_3323117
16,train,mobley_3359593
16,train,mobley_3370989
16,train,mobley_337666
16,train,mobley_3378420
16,train,mobley_3395921
16,train,mobley_3398536
16,train,mobley_3414356
16,train,mobley_3425174
16,train,mobley_3452749
16,train,mobley_349850
16,train,mobley_352111
16,train,mobley_3525176
16,train,mobley_3572203
16,train,mobley_3589456
16,train,mobley_3639400
16,train,mobley_3663158
16,train,mobley_3686115
16,train,mobley_3690931
16,train,mobley_3709920
16,train,mobley_3727287
16,train,mobley_3738859
16,train,mobley_3746675
16,train,mobley_3761215
16,train,mobley_3762186
16,train,mobley_3775790
16,train,mobley_3777264
16,train,mobley_3802803
16,train,mobley_3843583
16,train,mobley_3968043
16,train,mobley_3968739
16,train,mobley_3969312
16,train,mobley_397645
16,train,mobley_3976574
16,train,mobley_3982371
16,train,mobley_4013838
16,train,mobley_4035953
16,train,mobley_4039055
16,train,mobley_4043951
16,train,mobley_4043987
16,train,mobley_4059279
16,train,mobley_4149784
16,train,mobley_4177472
16,train,mobley_4188615
16,train,mobley_4193752
16,train,mobley_4218209
16,train,mobley_4219614
16,train,mobley_4252724
16,train,mobley_4291494
16,train,mobley_430089
16,train,mobley_4305650
16,train,mobley_4338603
16,train,mobley_4364398
16,train,mobley_4375719
16,train,mobley_4395315
16,train,mobley_4434915
16,train,mobley_4463913
16,train,mobley_4465023
16,train,mobley_4479135
16,train,mobley_4483973
16,train,mobley_4494568
16,train,mobley_4506634
16,train,mobley_4553008
16,train,mobley_4561957
16,train,mobley_4584540
16,train,mobley_4587267
16,train,mobley_4603202
16,train,mobley_4613090
16,train,mobley_4620651
16,train,mobley_4630641
16,train,mobley_4678740
16,train,mobley_4683624
16,train,mobley_4687447
16,train,mobley_468867
16,train,mobley_4694328
16,train,mobley_4699732
16,train,mobley_4715906
16,train,mobley_4759887
16,train,mobley_4762983
16,train,mobley_4780078
16,train,mobley_4792268
16,train,mobley_4845722
16,train,mobley_4850657
16,train,mobley_486214
16,train,mobley_4883284
16,train,mobley_4884177
16,train,mobley_4893032
16,train,mobley_4924862
16,train,mobley_49274
16,train,mobley_4936555
16,train,mobley_4964807
16,train,mobley_4983965
16,train,mobley_5003962
16,train,mobley_5026370
16,train,mobley_5056289
16,train,mobley_5063386
16,train,mobley_5076071
16,train,mobley_5079234
16,train,mobley_5110043
16,train,mobley_511661
16,train,mobley_5123639
16,train,mobley_5157661
16,train,mobley_5200358
16,train,mobley_5220185
16,train,mobley_525934
16,train,mobley_5263791
16,train,mobley_52782
16,train,mobley_5282042
16,train,mobley_5286200
16,train,mobley_5310099
16,train,mobley_5311804
16,train,mobley_5326154
16,train,mobley_5346580
16,train,mobley_5371840
16,train,mobley_5390332
16,train,mobley_5449201
16,train,mobley_5456566
16,train,mobley_5467162
16,train,mobley_5471704
16,train,mobley_547634
16,train,mobley_5494918
16,train,mobley_5499659
16,train,mobley_550662
16,train,mobley_5510474
16,train,mobley_5518547
16,train,mobley_5520946
16,train,mobley_5538249
16,train,mobley_5561855
16,train,mobley_5571660
16,train,mobley_5627459
16,train,mobley_5631798
16,train,mobley_5665561
16,train,mobley_5690766
16,train,mobley_5692472
16,train,mobley_5708811
16,train,mobley_5732611
16,train,mobley_5747188
16,train,mobley_5747981
16,train,mobley_5759258
16,train,mobley_5760563
16,train,mobley_5816127
16,train,mobley_5852491
16,train,mobley_5857
16,train,mobley_5880265
16,train,mobley_588781
16,train,mobley_5917842
16,train,mobley_5935995
16,train,mobley_5948990
16,train,mobley_5952846
16,train,mobley_5973402
16,train,mobley_5977084
16,train,mobley_6006813
16,train,mobley_6081058
16,train,mobley_6082662
16,train,mobley_6091882
16,train,mobley_6102880
16,train,mobley_6115639
16,train,mobley_6190089
16,train,mobley_6195751
16,train,mobley_6201330
16,train,mobley_6235784
16,train,mobley_6239320
16,train,mobley_6248915
16,train,mobley_6250025
16,train,mobley_6257907
16,train,mobley_6266306
16,train,mobley_627267
16,train,mobley_628086
16,train,mobley_628951
16,train,mobley_6303022
16,train,mobley_6309289
16,train,mobley_6334915
16,train,mobley_6353617
16,train,mobley_6359135
16,train,mobley_6359156
16,train,mobley_63712
16,train,mobley_6416775
16,train,mobley_6456034
16,train,mobley_646007
16,train,mobley_6474572
16,train,mobley_6497672
16,train,mobley_6522117
16,train,mobley_6619554
16,train,mobley_6620221
16,train,mobley_6632459
16,train,mobley_664966
16,train,mobley_667278
16,train,mobley_6688723
16,train,mobley_6714389
16,train,mobley_6727159
16,train,mobley_6733657
16,train,mobley_6739648
16,train,mobley_6743808
16,train,mobley_676247
16,train,mobley_6804509
16,train,mobley_6812653
16,train,mobley_6843802
16,train,mobley_6854178
16,train,mobley_6896128
16,train,mobley_6911232
16,train,mobley_6917738
16,train,mobley_6929123
16,train,mobley_6935906
16,train,mobley_6973347
16,train,mobley_6981465
16,train,mobley_6988468
16,train,mobley_7009711
16,train,mobley_7010316
16,train,mobley_7015518
16,train,mobley_7017274
16,train,mobley_7039935
16,train,mobley_7047032
16,train,mobley_7066554
16,train,mobley_7099614
16,train,mobley_7106722
16,train,mobley_7150646
16,train,mobley_7157427
16,train,mobley_7203421
16,train,mobley_7227357
16,train,mobley_7261305
16,train,mobley_7295828
16,train,mobley_7326706
16,train,mobley_7326982
16,train,mobley_7360181
16,train,mobley_7364468
16,train,mobley_7375018
16,train,mobley_7378987
16,train,mobley_7393673
16,train,mobley_7415647
16,train,mobley_7417968
16,train,mobley_7455579
16,train,mobley_7463408
16,train,mobley_7497999
16,train,mobley_7532833
16,train,mobley_7542832
16,train,mobley_755351
16,train,mobley_7573149
16,train,mobley_7578802
16,train,mobley_7599023
16,train,mobley_7608435
16,train,mobley_766666
16,train,mobley_7688753
16,train,mobley_7690440
16,train,mobley_7708038
16,train,mobley_7732703
16,train,mobley_7768165
16,train,mobley_7774695
16,train,mobley_778352
16,train,mobley_7794077
16,train,mobley_7814642
16,train,mobley_7829570
16,train,mobley_7859387
16,train,mobley_7860938
16,train,mobley_7869158
16,train,mobley_7893124
16,train,mobley_7912193
16,train,mobley_7913234
16,train,mobley_7943327
16,train,mobley_7977115
16,train,mobley_7983227
16,train,mobley_8006582
16,train,mobley_8011706
16,train,mobley_8048190
16,train,mobley_8052240
16,train,mobley_8057732
16,train,mobley_8117218
16,train,mobley_8118832
16,train,mobley_8124669
16,train,mobley_8191186
16,train,mobley_820789
16,train,mobley_8221999
16,train,mobley_8260524
16,train,mobley_8311303
16,train,mobley_8311321
16,train,mobley_8320545
16,train,mobley_8337722
16,train,mobley_8337977
16,train,mobley_8426916
16,train,mobley_8427539
16,train,mobley_8436428
16,train,mobley_8467917
16,train,mobley_8492526
16,train,mobley_8514745
16,train,mobley_8522124
16,train,mobley_8525830
16,train,mobley_852937
16,train,mobley_8573194
16,train,mobley_8578590
16,train,mobley_859464
16,train,mobley_8614858
16,train,mobley_8685905
16,train,mobley_8691603
16,train,mobley_8705848
16,train,mobley_8713762
16,train,mobley_8723116
16,train,mobley_8739734
16,train,mobley_8746821
16,train,mobley_8754702
16,train,mobley_8764620
16,train,mobley_8765203
16,train,mobley_8772587
16,train,mobley_8785107
16,train,mobley_8789465
16,train,mobley_8789864
16,train,mobley_8809190
16,train,mobley_8809274
16,train,mobley_8823527
16,train,mobley_8827942
16,train,mobley_8882696
16,train,mobley_8883511
16,train,mobley_8885088
16,train,mobley_8899867
16,train,mobley_8966374
16,train,mobley_900088
16,train,mobley_9007496
16,train,mobley_9015240
16,train,mobley_902954
16,train,mobley_9029594
16,train,mobley_9055303
16,train,mobley_9073553
16,train,mobley_9112978
16,train,mobley_9114381
16,train,mobley_9121449
16,train,mobley_9139060
16,train,mobley_9185328
16,train,mobley_9197172
16,train,mobley_9201263
16,train,mobley_9209581
16,train,mobley_9246215
16,train,mobley_9246351
16,train,mobley_9281946
16,train,mobley_929676
16,train,mobley_9407874
16,train,mobley_9414831
16,train,mobley_9460824
16,train,mobley_9478823
16,train,mobley_9507933
16,train,mobley_951560
16,train,mobley_9534740
16,train,mobley_9557440
16,train,mobley_9565165
16,train,mobley_9571888
16,train,mobley_9624458
16,train,mobley_9671033
16,train,mobley_9705941
16,train,mobley_9733743
16,train,mobley_9740891
16,train,mobley_9741965
16,train,mobley_9794857
16,train,mobley_9821936
16,train,mobley_9883303
16,train,mobley_9897248
16,train,mobley_9913368
16,train,mobley_9942801
16,train,mobley_994483
16,train,mobley_9974966
16,train,mobley_9979854
16,valid,mobley_1017962
16,valid,mobley_1328465
16,valid,mobley_1502181
16,valid,mobley_1615431
16,valid,mobley_1662128
16,valid,mobley_1770205
16,valid,mobley_1903702
16,valid,mobley_1929982
16,valid,mobley_1963873
16,valid,mobley_1976156
16,valid,mobley_2068538
16,valid,mobley_210639
16,valid,mobley_2183616
16,valid,mobley_2198613
16,valid,mobley_242480
16,valid,mobley_2609604
16,valid,mobley_2751110
16,valid,mobley_282648
16,valid,mobley_303222
16,valid,mobley_3210206
16,valid,mobley_3234716
16,valid,mobley_3515580
16,valid,mobley_3573480
16,valid,mobley_36119
16,valid,mobley_3867265
16,valid,mobley_3980099
16,valid,mobley_4287564
16,valid,mobley_4371692
16,valid,mobley_4934872
16,valid,mobley_5052949
16,valid,mobley_5072416
16,valid,mobley_5347550
16,valid,mobley_5445548
16,valid,mobley_5616693
16,valid,mobley_590519
16,valid,mobley_6055410
16,valid,mobley_6060301
16,valid,mobley_6175884
16,valid,mobley_6232400
16,valid,mobley_632905
16,valid,mobley_6358463
16,valid,mobley_637522
16,valid,mobley_6430250
16,valid,mobley_6571751
16,valid,mobley_6794076
16,valid,mobley_7176248
16,valid,mobley_718988
16,valid,mobley_7239499
16,valid,mobley_7676709
16,valid,mobley_8127829
16,valid,mobley_819018
16,valid,mobley_8208692
16,valid,mobley_8449031
16,valid,mobley_8558116
16,valid,mobley_8668219
16,valid,mobley_8916409
16,valid,mobley_8983100
16,valid,mobley_9028462
16,valid,mobley_9100956
16,valid,mobley_9257453
16,valid,mobley_9434451
16,valid,mobley_9510785
16,valid,mobley_9653690
16,valid,mobley_9717937
16,test,mobley_1189457
16,test,mobley_1261349
16,test,mobley_1527293
16,test,mobley_1563176
16,test,mobley_1636752
16,test,mobley_1708457
16,test,mobley_1717215
16,test,mobley_197466
16,test,mobley_2005792
16,test,mobley_2023925
16,test,mobley_20524
16,test,mobley_2078467
16,test,mobley_2099370
16,test,mobley_2143011
16,test,mobley_2146331
16,test,mobley_2213823
16,test,mobley_2269032
16,test,mobley_2636578
16,test,mobley_2689721
16,test,mobley_2837389
16,test,mobley_2844990
16,test,mobley_296847
16,test,mobley_3006808
16,test,mobley_3034976
16,test,mobley_3183805
16,test,mobley_3201701
16,test,mobley_3259411
16,test,mobley_3269565
16,test,mobley_3325209
16,test,mobley_3546460
16,test,mobley_3682850
16,test,mobley_3715043
16,test,mobley_3999471
16,test,mobley_4609460
16,test,mobley_4639255
16,test,mobley_4690963
16,test,mobley_5006685
16,test,mobley_5094777
16,test,mobley_5393242
16,test,mobley_5600967
16,test,mobley_5890803
16,test,mobley_6198745
16,test,mobley_6338073
16,test,mobley_6861308
16,test,mobley_6978427
16,test,mobley_7142697
16,test,mobley_7176290
16,test,mobley_7200804
16,test,mobley_7298388
16,test,mobley_7463799
16,test,mobley_7608462
16,test,mobley_7610437
16,test,mobley_7735340
16,test,mobley_7754849
16,test,mobley_7758918
16,test,mobley_7769613
16,test,mobley_7988076
16,test,mobley_8207196
16,test,mobley_8798016
16,test,mobley_8861672
16,test,mobley_9617923
16,test,mobley_9626434
16,test,mobley_967099
16,test,mobley_9729792
16,test,mobley_9838013
17,train,mobley_1034539
17,train,mobley_1036761
17,train,mobley_1075836
17,train,mobley_1079207
17,train,mobley_1107178
17,train,mobley_1139153
17,train,mobley_1144156
17,train,mobley_1160109
17,train,mobley_1178614
17,train,mobley_1189457
17,train,mobley_1199854
17,train,mobley_1231151
17,train,mobley_1235151
17,train,mobley_1244778
17,train,mobley_1261349
17,train,mobley_129464
17,train,mobley_1323538
17,train,mobley_1328936
17,train,mobley_1352110
17,train,mobley_1363784
17,train,mobley_1417007
17,train,mobley_1424265
17,train,mobley_1449384
17,train,mobley_1469079
17,train,mobley_1502181
17,train,mobley_1520842
17,train,mobley_1571523
17,train,mobley_1592519
17,train,mobley_1615431
17,train,mobley_1636752
17,train,mobley_1650157
17,train,mobley_1659169
17,train,mobley_1662128
17,train,mobley_1708457
17,train,mobley_1717215
17,train,mobley_1722522
17,train,mobley_1723043
17,train,mobley_1728386
17,train,mobley_172879
17,train,mobley_1733799
17,train,mobley_1735893
17,train,mobley_1743409
17,train,mobley_1770205
17,train,mobley_1781152
17,train,mobley_1792062
17,train,mobley_1800170
17,train,mobley_1803862
17,train,mobley_1821184
17,train,mobley_1838110
17,train,mobley_1849020
17,train,mobley_1855337
17,train,mobley_1857976
17,train,mobley_1858644
17,train,mobley_1873346
17,train,mobley_1875719
17,train,mobley_1893815
17,train,mobley_1893937
17,train,mobley_1896013
17,train,mobley_1903702
17,train,mobley_1905088
17,train,mobley_1923244
17,train,mobley_1929982
17,train,mobley_194273
17,train,mobley_1952272
17,train,mobley_1963873
17,train,mobley_197466
17,train,mobley_1976156
17,train,mobley_1977493
17,train,mobley_1987439
17,train,mobley_2008055
17,train,mobley_2023925
17,train,mobley_2043882
17,train,mobley_2049967
17,train,mobley_20524
17,train,mobley_2068538
17,train,mobley_2078467
17,train,mobley_2099370
17,train,mobley_210639
17,train,mobley_2123854
17,train,mobley_2126135
17,train,mobley_2143011
17,train,mobley_2146331
17,train,mobley_2178600
17,train,mobley_2183616
17,train,mobley_2197088
17,train,mobley_2198613
17,train,mobley_2213823
17,train,mobley_2245668
17,train,mobley_2261979
17,train,mobley_2269032
17,train,mobley_2279874
17,train,mobley_2294995
17,train,mobley_2295058
17,train,mobley_2310185
17,train,mobley_2316618
17,train,mobley_2328633
17,train,mobley_2354112
17,train,mobley_2364370
17,train,mobley_2371092
17,train,mobley_2390199
17,train,mobley_2402487
17,train,mobley_2422586
17,train,mobley_242480
17,train,mobley_2451097
17,train,mobley_2457863
17,train,mobley_2481002
17,train,mobley_2484519
17,train,mobley_2487143
17,train,mobley_2489709
17,train,mobley_2492140
17,train,mobley_2493732
17,train,mobley_2517158
17,train,mobley_2518989
17,train,mobley_252413
17,train,mobley_2577969
17,train,mobley_2607611
17,train,mobley_2609604
17,train,mobley_2613240
17,train,mobley_2636578
17,train,mobley_2659552
17,train,mobley_2661134
17,train,mobley_2689721
17,train,mobley_2725215
17,train,mobley_2725802
17,train,mobley_2727678
17,train,mobley_2751110
17,train,mobley_2763835
17,train,mobley_2771569
17,train,mobley_2782339
17,train,mobley_2784376
17,train,mobley_2789243
17,train,mobley_2792521
17,train,mobley_282648
17,train,mobley_2837389
17,train,mobley_2844990
17,train,mobley_2845466
17,train,mobley_2850833
17,train,mobley_2859600
17,train,mobley_2864987
17,train,mobley_2881590
17,train,mobley_2913224
17,train,mobley_2923700
17,train,mobley_2925352
17,train,mobley_2929847
17,train,mobley_2958326
17,train,mobley_2960202
17,train,mobley_296847
17,train,mobley_2972906
17,train,mobley_2996632
17,train,mobley_3006808
17,train,mobley_303222
17,train,mobley_3034976
17,train,mobley_3040612
17,train,mobley_3047364
17,train,mobley_3053621
17,train,mobley_3105103
17,train,mobley_313406
17,train,mobley_3144334
17,train,mobley_3151666
17,train,mobley_3167746
17,train,mobley_3183805
17,train,mobley_3187514
17,train,mobley_3211679
17,train,mobley_3234716
17,train,mobley_3259411
17,train,mobley_3264884
17,train,mobley_3266352
17,train,mobley_3269565
17,train,mobley_3274817
17,train,mobley_3318135
17,train,mobley_3325209
17,train,mobley_3370989
17,train,mobley_337666
17,train,mobley_3378420
17,train,mobley_3395921
17,train,mobley_3398536
17,train,mobley_3425174
17,train,mobley_3452749
17,train,mobley_349850
17,train,mobley_352111
17,train,mobley_3525176
17,train,mobley_3572203
17,train,mobley_3573480
17,train,mobley_3589456
17,train,mobley_36119
17,train,mobley_3639400
17,train,mobley_3663158
17,train,mobley_3682850
17,train,mobley_3686115
17,train,mobley_3690931
17,train,mobley_3709920
17,train,mobley_3715043
17,train,mobley_3738859
17,train,mobley_3761215
17,train,mobley_3762186
17,train,mobley_3775790
17,train,mobley_3777264
17,train,mobley_3802803
17,train,mobley_3843583
17,train,mobley_3867265
17,train,mobley_3968043
17,train,mobley_3968739
17,train,mobley_3976574
17,train,mobley_3980099
17,train,mobley_3982371
17,train,mobley_3999471
17,train,mobley_4035953
17,train,mobley_4039055
17,train,mobley_4043951
17,train,mobley_4059279
17,train,mobley_4149784
17,train,mobley_4177472
17,train,mobley_4188615
17,train,mobley_4193752
17,train,mobley_4219614
17,train,mobley_4252724
17,train,mobley_4287564
17,train,mobley_4291494
17,train,mobley_430089
17,train,mobley_4305650
17,train,mobley_4338603
17,train,mobley_4364398
17,train,mobley_4371692
17,train,mobley_4375719
17,train,mobley_4395315
17,train,mobley_4434915
17,train,mobley_4463913
17,train,mobley_4465023
17,train,mobley_4479135
17,train,mobley_4483973
17,train,mobley_4494568
17,train,mobley_4506634
17,train,mobley_4553008
17,train,mobley_4587267
17,train,mobley_4603202
17,train,mobley_4609460
17,train,mobley_4613090
17,train,mobley_4620651
17,train,mobley_4639255
17,train,mobley_4678740
17,train,mobley_4683624
17,train,mobley_4687447
17,train,mobley_468867
17,train,mobley_4715906
17,train,mobley_4762983
17,train,mobley_4780078
17,train,mobley_4845722
17,train,mobley_4850657
17,train,mobley_486214
17,train,mobley_4883284
17,train,mobley_4893032
17,train,mobley_4924862
17,train,mobley_4983965
17,train,mobley_5003962
17,train,mobley_5006685
17,train,mobley_5026370
17,train,mobley_5056289
17,train,mobley_5072416
17,train,mobley_5076071
17,train,mobley_5079234
17,train,mobley_5094777
17,train,mobley_5110043
17,train,mobley_511661
17,train,mobley_5123639
17,train,mobley_5157661
17,train,mobley_5200358
17,train,mobley_525934
17,train,mobley_52782
17,train,mobley_5282042
17,train,mobley_5286200
17,train,mobley_5310099
17,train,mobley_5311804
17,train,mobley_5346580
17,train,mobley_5347550
17,train,mobley_5371840
17,train,mobley_5390332
17,train,mobley_5393242
17,train,mobley_5445548
17,train,mobley_5449201
17,train,mobley_5456566
17,train,mobley_5467162
17,train,mobley_5471704
17,train,mobley_547634
17,train,mobley_5494918
17,train,mobley_5499659
17,train,mobley_550662
17,train,mobley_5510474
17,train,mobley_5518547
17,train,mobley_5520946
17,train,mobley_5538249
17,train,mobley_5561855
17,train,mobley_5571660
17,train,mobley_5600967
17,train,mobley_5616693
17,train,mobley_5627459
17,train,mobley_5665561
17,train,mobley_5692472
17,train,mobley_5708811
17,train,mobley_5732611
17,train,mobley_5747188
17,train,mobley_5747981
17,train,mobley_5759258
17,train,mobley_5760563
17,train,mobley_5816127
17,train,mobley_5852491
17,train,mobley_5857
17,train,mobley_5880265
17,train,mobley_588781
17,train,mobley_590519
17,train,mobley_5935995
17,train,mobley_5952846
17,train,mobley_5977084
17,train,mobley_6055410
17,train,mobley_6060301
17,train,mobley_6081058
17,train,mobley_6082662
17,train,mobley_6091882
17,train,mobley_6115639
17,train,mobley_6190089
17,train,mobley_6198745
17,train,mobley_6201330
17,train,mobley_6235784
17,train,mobley_6248915
17,train,mobley_6250025
17,train,mobley_6257907
17,train,mobley_6266306
17,train,mobley_627267
17,train,mobley_628086
17,train,mobley_628951
17,train,mobley_6303022
17,train,mobley_6309289
17,train,mobley_632905
17,train,mobley_6334915
17,train,mobley_6338073
17,train,mobley_6353617
17,train,mobley_6358463
17,train,mobley_6359135
17,train,mobley_6359156
17,train,mobley_63712
17,train,mobley_637522
17,train,mobley_6416775
17,train,mobley_6430250
17,train,mobley_6456034
17,train,mobley_6474572
17,train,mobley_6571751
17,train,mobley_6619554
17,train,mobley_6620221
17,train,mobley_6632459
17,train,mobley_6688723
17,train,mobley_6714389
17,train,mobley_6727159
17,train,mobley_6733657
17,train,mobley_6739648
17,train,mobley_676247
17,train,mobley_6794076
17,train,mobley_6804509
17,train,mobley_6812653
17,train,mobley_6854178
17,train,mobley_6861308
17,train,mobley_6896128
17,train,mobley_6911232
17,train,mobley_6917738
17,train,mobley_6929123
17,train,mobley_6935906
17,train,mobley_6973347
17,train,mobley_6978427
17,train,mobley_6981465
17,train,mobley_6988468
17,train,mobley_7015518
17,train,mobley_7039935
17,train,mobley_7047032
17,train,mobley_7066554
17,train,mobley_7099614
17,train,mobley_7106722
17,train,mobley_7142697
17,train,mobley_7150646
17,train,mobley_7157427
17,train,mobley_7176248
17,train,mobley_7200804
17,train,mobley_7203421
17,train,mobley_7227357
17,train,mobley_7239499
17,train,mobley_7261305
17,train,mobley_7295828
17,train,mobley_7298388
17,train,mobley_7326706
17,train,mobley_7326982
17,train,mobley_7364468
17,train,mobley_7375018
17,train,mobley_7393673
17,train,mobley_7415647
17,train,mobley_7455579
17,train,mobley_7463408
17,train,mobley_7463799
17,train,mobley_7497999
17,train,mobley_7542832
17,train,mobley_755351
17,train,mobley_7573149
17,train,mobley_7578802
17,train,mobley_7599023
17,train,mobley_7608435
17,train,mobley_7610437
17,train,mobley_766666
17,train,mobley_7676709
17,train,mobley_7688753
17,train,mobley_7690440
17,train,mobley_7708038
17,train,mobley_7735340
17,train,mobley_7754849
17,train,mobley_7758918
17,train,mobley_7768165
17,train,mobley_7774695
17,train,mobley_7794077
17,train,mobley_7814642
17,train,mobley_7829570
17,train,mobley_7859387
17,train,mobley_7860938
17,train,mobley_7912193
17,train,mobley_7977115
17,train,mobley_8006582
17,train,mobley_8011706
17,train,mobley_8048190
17,train,mobley_8052240
17,train,mobley_8057732
17,train,mobley_8117218
17,train,mobley_8118832
17,train,mobley_8124669
17,train,mobley_819018
17,train,mobley_8191186
17,train,mobley_8207196
17,train,mobley_8208692
17,train,mobley_8221999
17,train,mobley_8260524
17,train,mobley_8311303
17,train,mobley_8311321
17,train,mobley_8320545
17,train,mobley_8337722
17,train,mobley_8337977
17,train,mobley_8426916
17,train,mobley_8427539
17,train,mobley_8436428
17,train,mobley_8467917
17,train,mobley_8522124
17,train,mobley_8525830
17,train,mobley_852937
17,train,mobley_8558116
17,train,mobley_8573194
17,train,mobley_8578590
17,train,mobley_859464
17,train,mobley_8668219
17,train,mobley_8685905
17,train,mobley_8691603
17,train,mobley_8713762
17,train,mobley_8723116
17,train,mobley_8739734
17,train,mobley_8746821
17,train,mobley_8754702
17,train,mobley_8764620
17,train,mobley_8765203
17,train,mobley_8772587
17,train,mobley_8785107
17,train,mobley_8789465
17,train,mobley_8809190
17,train,mobley_8809274
17,train,mobley_8827942
17,train,mobley_8861672
17,train,mobley_8883511
17,train,mobley_8885088
17,train,mobley_8899867
17,train,mobley_900088
17,train,mobley_9007496
17,train,mobley_9028462
17,train,mobley_902954
17,train,mobley_9029594
17,train,mobley_9055303
17,train,mobley_9073553
17,train,mobley_9100956
17,train,mobley_9112978
17,train,mobley_9114381
17,train,mobley_9139060
17,train,mobley_9185328
17,train,mobley_9197172
17,train,mobley_9201263
17,train,mobley_9209581
17,train,mobley_9246351
17,train,mobley_9257453
17,train,mobley_929676
17,train,mobley_9407874
17,train,mobley_9434451
17,train,mobley_9460824
17,train,mobley_9478823
17,train,mobley_9507933
17,train,mobley_951560
17,train,mobley_9534740
17,train,mobley_9565165
17,train,mobley_9571888
17,train,mobley_9617923
17,train,mobley_9624458
17,train,mobley_9626434
17,train,mobley_9653690
17,train,mobley_967099
17,train,mobley_9671033
17,train,mobley_9717937
17,train,mobley_9729792
17,train,mobley_9733743
17,train,mobley_9740891
17,train,mobley_9741965
17,train,mobley_9794857
17,train,mobley_9821936
17,train,mobley_9942801
17,train,mobley_994483
17,train,mobley_9974966
17,train,mobley_9979854
17,valid,mobley_1328465
17,valid,mobley_1396156
17,valid,mobley_1527293
17,valid,mobley_1563176
17,valid,mobley_1674094
17,valid,mobley_1755375
17,valid,mobley_1760914
17,valid,mobley_1827204
17,valid,mobley_186894
17,valid,mobley_1881249
17,valid,mobley_1944394
17,valid,mobley_2005792
17,valid,mobley_2523689
17,valid,mobley_2681549
17,valid,mobley_2693089
17,valid,mobley_2972345
17,valid,mobley_3060426
17,valid,mobley_3201701
17,valid,mobley_3210206
17,valid,mobley_3265457
17,valid,mobley_3515580
17,valid,mobley_3727287
17,valid,mobley_3746675
17,valid,mobley_4013838
17,valid,mobley_4043987
17,valid,mobley_4218209
17,valid,mobley_4561957
17,valid,mobley_4584540
17,valid,mobley_4630641
17,valid,mobley_4694328
17,valid,mobley_4936555
17,valid,mobley_5052949
17,valid,mobley_5063386
17,valid,mobley_5220185
17,valid,mobley_5917842
17,valid,mobley_5948990
17,valid,mobley_5973402
17,valid,mobley_6102880
17,valid,mobley_6175884
17,valid,mobley_6195751
17,valid,mobley_646007
17,valid,mobley_6743808
17,valid,mobley_6843802
17,valid,mobley_7010316
17,valid,mobley_7017274
17,valid,mobley_718988
17,valid,mobley_7360181
17,valid,mobley_7417968
17,valid,mobley_7608462
17,valid,mobley_7732703
17,valid,mobley_7769613
17,valid,mobley_778352
17,valid,mobley_7913234
17,valid,mobley_8127829
17,valid,mobley_8449031
17,valid,mobley_8614858
17,valid,mobley_8789864
17,valid,mobley_8882696
17,valid,mobley_8916409
17,valid,mobley_9281946
17,valid,mobley_9510785
17,valid,mobley_9705941
17,valid,mobley_9838013
17,valid,mobley_9883303
17,test,mobley_1017962
17,test,mobley_1019269
17,test,mobley_1046331
17,test,mobley_1278715
17,test,mobley_1899443
17,test,mobley_1922649
17,test,mobley_1967551
17,test,mobley_2341732
17,test,mobley_2410897
17,test,mobley_2501588
17,test,mobley_2802855
17,test,mobley_299266
17,test,mobley_3083321
17,test,mobley_3169935
17,test,mobley_3269819
17,test,mobley_3323117
17,test,mobley_3359593
17,test,mobley_3414356
17,test,mobley_3546460
17,test,mobley_3969312
17,test,mobley_397645
17,test,mobley_4690963
17,test,mobley_4699732
17,test,mobley_4759887
17,test,mobley_4792268
17,test,mobley_4884177
17,test,mobley_49274
17,test,mobley_4934872
17,test,mobley_4964807
17,test,mobley_5263791
17,test,mobley_5326154
17,test,mobley_5631798
17,test,mobley_5690766
17,test,mobley_5890803
17,test,mobley_6006813
17,test,mobley_6232400
17,test,mobley_6239320
17,test,mobley_6497672
17,test,mobley_6522117
17,test,mobley_664966
17,test,mobley_667278
17,test,mobley_7009711
17,test,mobley_7176290
17,test,mobley_7378987
17,test,mobley_7532833
17,test,mobley_7869158
17,test,mobley_7893124
17,test,mobley_7943327
17,test,mobley_7983227
17,test,mobley_7988076
17,test,mobley_820789
17,test,mobley_8492526
17,test,mobley_8514745
17,test,mobley_8705848
17,test,mobley_8798016
17,test,mobley_8823527
17,test,mobley_8966374
17,test,mobley_8983100
17,test,mobley_9015240
17,test,mobley_9121449
17,test,mobley_9246215
17,test,mobley_9414831
17,test,mobley_9557440
17,test,mobley_9897248
17,test,mobley_9913368
18,train,mobley_1034539
18,train,mobley_1036761
18,train,mobley_1046331
18,train,mobley_1075836
18,train,mobley_1079207
18,train,mobley_1107178
18,train,mobley_1139153
18,train,mobley_1144156
18,train,mobley_1160109
18,train,mobley_1178614
18,train,mobley_1189457
18,train,mobley_1199854
18,train,mobley_1231151
18,train,mobley_1235151
18,train,mobley_1244778
18,train,mobley_1261349
18,train,mobley_129464
18,train,mobley_1323538
18,train,mobley_1328936
18,train,mobley_1352110
18,train,mobley_1417007
18,train,mobley_1424265
18,train,mobley_1449384
18,train,mobley_1520842
18,train,mobley_1527293
18,train,mobley_1563176
18,train,mobley_1571523
18,train,mobley_1592519
18,train,mobley_1615431
18,train,mobley_1636752
18,train,mobley_1650157
18,train,mobley_1659169
18,train,mobley_1662128
18,train,mobley_1722522
18,train,mobley_1723043
18,train,mobley_1728386
18,train,mobley_1733799
18,train,mobley_1735893
18,train,mobley_1743409
18,train,mobley_1755375
18,train,mobley_1760914
18,train,mobley_1770205
18,train,mobley_1781152
18,train,mobley_1792062
18,train,mobley_1800170
18,train,mobley_1803862
18,train,mobley_1821184
18,train,mobley_1827204
18,train,mobley_1849020
18,train,mobley_1855337
18,train,mobley_1857976
18,train,mobley_1858644
18,train,mobley_186894
18,train,mobley_1873346
18,train,mobley_1875719
18,train,mobley_1893937
18,train,mobley_1896013
18,train,mobley_1903702
18,train,mobley_1905088
18,train,mobley_1922649
18,train,mobley_194273
18,train,mobley_1944394
18,train,mobley_1952272
18,train,mobley_1963873
18,train,mobley_1967551
18,train,mobley_197466
18,train,mobley_1976156
18,train,mobley_2005792
18,train,mobley_2008055
18,train,mobley_2023925
18,train,mobley_2043882
18,train,mobley_2049967
18,train,mobley_2068538
18,train,mobley_2078467
18,train,mobley_2099370
18,train,mobley_2123854
18,train,mobley_2126135
18,train,mobley_2146331
18,train,mobley_2178600
18,train,mobley_2183616
18,train,mobley_2197088
18,train,mobley_2213823
18,train,mobley_2245668
18,train,mobley_2261979
18,train,mobley_2269032
18,train,mobley_2279874
18,train,mobley_2294995
18,train,mobley_2295058
18,train,mobley_2310185
18,train,mobley_2316618
18,train,mobley_2328633
18,train,mobley_2341732
18,train,mobley_2354112
18,train,mobley_2364370
18,train,mobley_2371092
18,train,mobley_2410897
18,train,mobley_2422586
18,train,mobley_242480
18,train,mobley_2451097
18,train,mobley_2457863
18,train,mobley_2481002
18,train,mobley_2484519
18,train,mobley_2487143
18,train,mobley_2489709
18,train,mobley_2492140
18,train,mobley_2493732
18,train,mobley_2501588
18,train,mobley_2517158
18,train,mobley_2518989
18,train,mobley_2523689
18,train,mobley_252413
18,train,mobley_2577969
18,train,mobley_2613240
18,train,mobley_2636578
18,train,mobley_2659552
18,train,mobley_2661134
18,train,mobley_2681549
18,train,mobley_2689721
18,train,mobley_2693089
18,train,mobley_2725215
18,train,mobley_2725802
18,train,mobley_2727678
18,train,mobley_2751110
18,train,mobley_2771569
18,train,mobley_2782339
18,train,mobley_2784376
18,train,mobley_2789243
18,train,mobley_2802855
18,train,mobley_2845466
18,train,mobley_2850833
18,train,mobley_2864987
18,train,mobley_2881590
18,train,mobley_2913224
18,train,mobley_2923700
18,train,mobley_2925352
18,train,mobley_2929847
18,train,mobley_2958326
18,train,mobley_2960202
18,train,mobley_2972906
18,train,mobley_299266
18,train,mobley_3006808
18,train,mobley_303222
18,train,mobley_3034976
18,train,mobley_3040612
18,train,mobley_3047364
18,train,mobley_3053621
18,train,mobley_3060426
18,train,mobley_3083321
18,train,mobley_3105103
18,train,mobley_313406
18,train,mobley_3144334
18,train,mobley_3169935
18,train,mobley_3183805
18,train,mobley_3187514
18,train,mobley_3201701
18,train,mobley_3211679
18,train,mobley_3259411
18,train,mobley_3265457
18,train,mobley_3266352
18,train,mobley_3269565
18,train,mobley_3269819
18,train,mobley_3318135
18,train,mobley_3323117
18,train,mobley_3325209
18,train,mobley_3359593
18,train,mobley_337666
18,train,mobley_3378420
18,train,mobley_3395921
18,train,mobley_3398536
18,train,mobley_3425174
18,train,mobley_3452749
18,train,mobley_349850
18,train,mobley_3515580
18,train,mobley_352111
18,train,mobley_3525176
18,train,mobley_3546460
18,train,mobley_3572203
18,train,mobley_3573480
18,train,mobley_3589456
18,train,mobley_3639400
18,train,mobley_3663158
18,train,mobley_3682850
18,train,mobley_3686115
18,train,mobley_3690931
18,train,mobley_3715043
18,train,mobley_3727287
18,train,mobley_3738859
18,train,mobley_3746675
18,train,mobley_3761215
18,train,mobley_3762186
18,train,mobley_3775790
18,train,mobley_3802803
18,train,mobley_3843583
18,train,mobley_3968043
18,train,mobley_3968739
18,train,mobley_3969312
18,train,mobley_397645
18,train,mobley_3980099
18,train,mobley_3982371
18,train,mobley_3999471
18,train,mobley_4035953
18,train,mobley_4043951
18,train,mobley_4043987
18,train,mobley_4059279
18,train,mobley_4149784
18,train,mobley_4177472
18,train,mobley_4188615
18,train,mobley_4193752
18,train,mobley_4218209
18,train,mobley_4219614
18,train,mobley_4252724
18,train,mobley_4287564
18,train,mobley_4291494
18,train,mobley_4305650
18,train,mobley_4338603
18,train,mobley_4371692
18,train,mobley_4395315
18,train,mobley_4434915
18,train,mobley_4465023
18,train,mobley_4479135
18,train,mobley_4483973
18,train,mobley_4494568
18,train,mobley_4506634
18,train,mobley_4553008
18,train,mobley_4584540
18,train,mobley_4603202
18,train,mobley_4609460
18,train,mobley_4613090
18,train,mobley_4630641
18,train,mobley_4639255
18,train,mobley_4678740
18,train,mobley_4683624
18,train,mobley_4687447
18,train,mobley_468867
18,train,mobley_4694328
18,train,mobley_4699732
18,train,mobley_4762983
18,train,mobley_4780078
18,train,mobley_4845722
18,train,mobley_4850657
18,train,mobley_486214
18,train,mobley_4883284
18,train,mobley_4884177
18,train,mobley_4893032
18,train,mobley_4924862
18,train,mobley_4934872
18,train,mobley_4983965
18,train,mobley_5003962
18,train,mobley_5006685
18,train,mobley_5026370
18,train,mobley_5052949
18,train,mobley_5056289
18,train,mobley_5072416
18,train,mobley_5076071
18,train,mobley_5094777
18,train,mobley_5110043
18,train,mobley_511661
18,train,mobley_5157661
18,train,mobley_5220185
18,train,mobley_525934
18,train,mobley_5263791
18,train,mobley_52782
18,train,mobley_5282042
18,train,mobley_5310099
18,train,mobley_5311804
18,train,mobley_5326154
18,train,mobley_5347550
18,train,mobley_5371840
18,train,mobley_5390332
18,train,mobley_5393242
18,train,mobley_5445548
18,train,mobley_5456566
18,train,mobley_5467162
18,train,mobley_5471704
18,train,mobley_547634
18,train,mobley_5494918
18,train,mobley_5499659
18,train,mobley_550662
18,train,mobley_5510474
18,train,mobley_5518547
18,train,mobley_5520946
18,train,mobley_5561855
18,train,mobley_5571660
18,train,mobley_5600967
18,train,mobley_5627459
18,train,mobley_5631798
18,train,mobley_5692472
18,train,mobley_5732611
18,train,mobley_5747188
18,train,mobley_5747981
18,train,mobley_5759258
18,train,mobley_5760563
18,train,mobley_5816127
18,train,mobley_5852491
18,train,mobley_5857
18,train,mobley_5880265
18,train,mobley_588781
18,train,mobley_5890803
18,train,mobley_590519
18,train,mobley_5917842
18,train,mobley_5935995
18,train,mobley_5948990
18,train,mobley_5973402
18,train,mobley_5977084
18,train,mobley_6055410
18,train,mobley_6060301
18,train,mobley_6081058
18,train,mobley_6082662
18,train,mobley_6102880
18,train,mobley_6115639
18,train,mobley_6175884
18,train,mobley_6190089
18,train,mobley_6195751
18,train,mobley_6201330
18,train,mobley_6232400
18,train,mobley_6239320
18,train,mobley_6248915
18,train,mobley_6250025
18,train,mobley_6257907
18,train,mobley_6266306
18,train,mobley_627267
18,train,mobley_6303022
18,train,mobley_6309289
18,train,mobley_632905
18,train,mobley_6334915
18,train,mobley_6338073
18,train,mobley_6353617
18,train,mobley_6359135
18,train,mobley_6359156
18,train,mobley_63712
18,train,mobley_637522
18,train,mobley_6456034
18,train,mobley_6474572
18,train,mobley_6497672
18,train,mobley_6571751
18,train,mobley_6619554
18,train,mobley_6632459
18,train,mobley_664966
18,train,mobley_667278
18,train,mobley_6688723
18,train,mobley_6714389
18,train,mobley_6727159
18,train,mobley_6733657
18,train,mobley_6743808
18,train,mobley_676247
18,train,mobley_6794076
18,train,mobley_6804509
18,train,mobley_6812653
18,train,mobley_6843802
18,train,mobley_6854178
18,train,mobley_6861308
18,train,mobley_6896128
18,train,mobley_6911232
18,train,mobley_6917738
18,train,mobley_6929123
18,train,mobley_6935906
18,train,mobley_6973347
18,train,mobley_6978427
18,train,mobley_6981465
18,train,mobley_6988468
18,train,mobley_7009711
18,train,mobley_7010316
18,train,mobley_7015518
18,train,mobley_7017274
18,train,mobley_7039935
18,train,mobley_7047032
18,train,mobley_7066554
18,train,mobley_7099614
18,train,mobley_7106722
18,train,mobley_7150646
18,train,mobley_7157427
18,train,mobley_7176248
18,train,mobley_718988
18,train,mobley_7200804
18,train,mobley_7203421
18,train,mobley_7227357
18,train,mobley_7239499
18,train,mobley_7261305
18,train,mobley_7295828
18,train,mobley_7326706
18,train,mobley_7375018
18,train,mobley_7378987
18,train,mobley_7393673
18,train,mobley_7415647
18,train,mobley_7417968
18,train,mobley_7455579
18,train,mobley_7463408
18,train,mobley_7463799
18,train,mobley_7497999
18,train,mobley_7532833
18,train,mobley_7542832
18,train,mobley_755351
18,train,mobley_7599023
18,train,mobley_7608462
18,train,mobley_766666
18,train,mobley_7676709
18,train,mobley_7688753
18,train,mobley_7708038
18,train,mobley_7732703
18,train,mobley_7735340
18,train,mobley_7754849
18,train,mobley_7758918
18,train,mobley_7768165
18,train,mobley_7769613
18,train,mobley_7774695
18,train,mobley_778352
18,train,mobley_7794077
18,train,mobley_7814642
18,train,mobley_7829570
18,train,mobley_7860938
18,train,mobley_7869158
18,train,mobley_7912193
18,train,mobley_7943327
18,train,mobley_7983227
18,train,mobley_8006582
18,train,mobley_8011706
18,train,mobley_8048190
18,train,mobley_8052240
18,train,mobley_8117218
18,train,mobley_8118832
18,train,mobley_8124669
18,train,mobley_819018
18,train,mobley_8191186
18,train,mobley_8207196
18,train,mobley_820789
18,train,mobley_8221999
18,train,mobley_8260524
18,train,mobley_8311303
18,train,mobley_8311321
18,train,mobley_8320545
18,train,mobley_8337722
18,train,mobley_8337977
18,train,mobley_8426916
18,train,mobley_8427539
18,train,mobley_8436428
18,train,mobley_8449031
18,train,mobley_8467917
18,train,mobley_8492526
18,train,mobley_8514745
18,train,mobley_8522124
18,train,mobley_8525830
18,train,mobley_8558116
18,train,mobley_8578590
18,train,mobley_859464
18,train,mobley_8614858
18,train,mobley_8668219
18,train,mobley_8685905
18,train,mobley_8705848
18,train,mobley_8713762
18,train,mobley_8723116
18,train,mobley_8739734
18,train,mobley_8746821
18,train,mobley_8754702
18,train,mobley_8764620
18,train,mobley_8765203
18,train,mobley_8772587
18,train,mobley_8785107
18,train,mobley_8789465
18,train,mobley_8798016
18,train,mobley_8809190
18,train,mobley_8809274
18,train,mobley_8823527
18,train,mobley_8827942
18,train,mobley_8882696
18,train,mobley_8883511
18,train,mobley_8885088
18,train,mobley_8899867
18,train,mobley_8916409
18,train,mobley_8966374
18,train,mobley_8983100
18,train,mobley_900088
18,train,mobley_9007496
18,train,mobley_9015240
18,train,mobley_9028462
18,train,mobley_9029594
18,train,mobley_9055303
18,train,mobley_9073553
18,train,mobley_9100956
18,train,mobley_9112978
18,train,mobley_9114381
18,train,mobley_9121449
18,train,mobley_9139060
18,train,mobley_9185328
18,train,mobley_9201263
18,train,mobley_9209581
18,train,mobley_9246351
18,train,mobley_9257453
18,train,mobley_9281946
18,train,mobley_929676
18,train,mobley_9407874
18,train,mobley_9414831
18,train,mobley_9434451
18,train,mobley_9478823
18,train,mobley_9507933
18,train,mobley_951560
18,train,mobley_9534740
18,train,mobley_9565165
18,train,mobley_9617923
18,train,mobley_9624458
18,train,mobley_9626434
18,train,mobley_9671033
18,train,mobley_9705941
18,train,mobley_9717937
18,train,mobley_9729792
18,train,mobley_9740891
18,train,mobley_9741965
18,train,mobley_9821936
18,train,mobley_9838013
18,train,mobley_9883303
18,train,mobley_9897248
18,train,mobley_9942801
18,train,mobley_994483
18,train,mobley_9979854
18,valid,mobley_1017962
18,valid,mobley_1019269
18,valid,mobley_1278715
18,valid,mobley_1396156
18,valid,mobley_1469079
18,valid,mobley_1708457
18,valid,mobley_172879
18,valid,mobley_1838110
18,valid,mobley_1881249
18,valid,mobley_1923244
18,valid,mobley_1977493
18,valid,mobley_1987439
18,valid,mobley_20524
18,valid,mobley_2143011
18,valid,mobley_2607611
18,valid,mobley_2609604
18,valid,mobley_2792521
18,valid,mobley_2859600
18,valid,mobley_296847
18,valid,mobley_2996632
18,valid,mobley_3151666
18,valid,mobley_3264884
18,valid,mobley_4013838
18,valid,mobley_4039055
18,valid,mobley_4375719
18,valid,mobley_4463913
18,valid,mobley_4561957
18,valid,mobley_4587267
18,valid,mobley_4759887
18,valid,mobley_4792268
18,valid,mobley_49274
18,valid,mobley_4936555
18,valid,mobley_4964807
18,valid,mobley_5063386
18,valid,mobley_5123639
18,valid,mobley_5200358
18,valid,mobley_5449201
18,valid,mobley_5538249
18,valid,mobley_5708811
18,valid,mobley_6091882
18,valid,mobley_6198745
18,valid,mobley_6235784
18,valid,mobley_628951
18,valid,mobley_6358463
18,valid,mobley_6430250
18,valid,mobley_646007
18,valid,mobley_6739648
18,valid,mobley_7298388
18,valid,mobley_7364468
18,valid,mobley_7608435
18,valid,mobley_7977115
18,valid,mobley_8057732
18,valid,mobley_8127829
18,valid,mobley_852937
18,valid,mobley_8573194
18,valid,mobley_8861672
18,valid,mobley_9197172
18,valid,mobley_9246215
18,valid,mobley_9460824
18,valid,mobley_9510785
18,valid,mobley_9571888
18,valid,mobley_9653690
18,valid,mobley_9794857
18,valid,mobley_9913368
18,test,mobley_1328465
18,test,mobley_1363784
18,test,mobley_1502181
18,test,mobley_1674094
18,test,mobley_1717215
18,test,mobley_1893815
18,test,mobley_1899443
18,test,mobley_1929982
18,test,mobley_210639
18,test,mobley_2198613
18,test,mobley_2390199
18,test,mobley_2402487
18,test,mobley_2763835
18,test,mobley_282648
18,test,mobley_2837389
18,test,mobley_2844990
18,test,mobley_2972345
18,test,mobley_3167746
18,test,mobley_3210206
18,test,mobley_3234716
18,test,mobley_3274817
18,test,mobley_3370989
18,test,mobley_3414356
18,test,mobley_36119
18,test,mobley_3709920
18,test,mobley_3777264
18,test,mobley_3867265
18,test,mobley_3976574
18,test,mobley_430089
18,test,mobley_4364398
18,test,mobley_4620651
18,test,mobley_4690963
18,test,mobley_4715906
18,test,mobley_5079234
18,test,mobley_5286200
18,test,mobley_5346580
18,test,mobley_5616693
18,test,mobley_5665561
18,test,mobley_5690766
18,test,mobley_5952846
18,test,mobley_6006813
18,test,mobley_628086
18,test,mobley_6416775
18,test,mobley_6522117
18,test,mobley_6620221
18,test,mobley_7142697
18,test,mobley_7176290
18,test,mobley_7326982
18,test,mobley_7360181
18,test,mobley_7573149
18,test,mobley_7578802
18,test,mobley_7610437
18,test,mobley_7690440
18,test,mobley_7859387
18,test,mobley_7893124
18,test,mobley_7913234
18,test,mobley_7988076
18,test,mobley_8208692
18,test,mobley_8691603
18,test,mobley_8789864
18,test,mobley_902954
18,test,mobley_9557440
18,test,mobley_967099
18,test,mobley_9733743
18,test,mobley_9974966
19,train,mobley_1019269
19,train,mobley_1034539
19,train,mobley_1036761
19,train,mobley_1046331
19,train,mobley_1075836
19,train,mobley_1079207
19,train,mobley_1107178
19,train,mobley_1139153
19,train,mobley_1144156
19,train,mobley_1160109
19,train,mobley_1178614
19,train,mobley_1189457
19,train,mobley_1199854
19,train,mobley_1231151
19,train,mobley_1235151
19,train,mobley_1244778
19,train,mobley_1261349
19,train,mobley_1278715
19,train,mobley_129464
19,train,mobley_1323538
19,train,mobley_1328465
19,train,mobley_1328936
19,train,mobley_1352110
19,train,mobley_1363784
19,train,mobley_1396156
19,train,mobley_1417007
19,train,mobley_1424265
19,train,mobley_1449384
19,train,mobley_1469079
19,train,mobley_1502181
19,train,mobley_1520842
19,train,mobley_1527293
19,train,mobley_1592519
19,train,mobley_1615431
19,train,mobley_1636752
19,train,mobley_1650157
19,train,mobley_1659169
19,train,mobley_1662128
19,train,mobley_1708457
19,train,mobley_1722522
19,train,mobley_1723043
19,train,mobley_1728386
19,train,mobley_172879
19,train,mobley_1735893
19,train,mobley_1743409
19,train,mobley_1755375
19,train,mobley_1770205
19,train,mobley_1792062
19,train,mobley_1800170
19,train,mobley_1803862
19,train,mobley_1827204
19,train,mobley_1838110
19,train,mobley_1855337
19,train,mobley_1857976
19,train,mobley_186894
19,train,mobley_1873346
19,train,mobley_1875719
19,train,mobley_1881249
19,train,mobley_1893815
19,train,mobley_1893937
19,train,mobley_1896013
19,train,mobley_1899443
19,train,mobley_1903702
19,train,mobley_1905088
19,train,mobley_1922649
19,train,mobley_1923244
19,train,mobley_1929982
19,train,mobley_194273
19,train,mobley_1963873
19,train,mobley_1967551
19,train,mobley_197466
19,train,mobley_1976156
19,train,mobley_1977493
19,train,mobley_1987439
19,train,mobley_2005792
19,train,mobley_2008055
19,train,mobley_2023925
19,train,mobley_2049967
19,train,mobley_20524
19,train,mobley_2068538
19,train,mobley_2078467
19,train,mobley_2099370
19,train,mobley_210639
19,train,mobley_2126135
19,train,mobley_2178600
19,train,mobley_2197088
19,train,mobley_2198613
19,train,mobley_2213823
19,train,mobley_2261979
19,train,mobley_2269032
19,train,mobley_2279874
19,train,mobley_2294995
19,train,mobley_2295058
19,train,mobley_2316618
19,train,mobley_2341732
19,train,mobley_2354112
19,train,mobley_2371092
19,train,mobley_2390199
19,train,mobley_2402487
19,train,mobley_2422586
19,train,mobley_2451097
19,train,mobley_2481002
19,train,mobley_2484519
19,train,mobley_2487143
19,train,mobley_2489709
19,train,mobley_2493732
19,train,mobley_2501588
19,train,mobley_2517158
19,train,mobley_2518989
19,train,mobley_2523689
19,train,mobley_252413
19,train,mobley_2607611
19,train,mobley_2609604
19,train,mobley_2613240
19,train,mobley_2659552
19,train,mobley_2661134
19,train,mobley_2681549
19,train,mobley_2693089
19,train,mobley_2725215
19,train,mobley_2725802
19,train,mobley_2727678
19,train,mobley_2751110
19,train,mobley_2763835
19,train,mobley_2771569
19,train,mobley_2784376
19,train,mobley_2792521
19,train,mobley_282648
19,train,mobley_2837389
19,train,mobley_2844990
19,train,mobley_2850833
19,train,mobley_2859600
19,train,mobley_2864987
19,train,mobley_2881590
19,train,mobley_2913224
19,train,mobley_2923700
19,train,mobley_2925352
19,train,mobley_2929847
19,train,mobley_2958326
19,train,mobley_2960202
19,train,mobley_2972906
19,train,mobley_299266
19,train,mobley_3006808
19,train,mobley_303222
19,train,mobley_3034976
19,train,mobley_3040612
19,train,mobley_3047364
19,train,mobley_3053621
19,train,mobley_3060426
19,train,mobley_3083321
19,train,mobley_3105103
19,train,mobley_313406
19,train,mobley_3144334
19,train,mobley_3167746
19,train,mobley_3187514
19,train,mobley_3210206
19,train,mobley_3211679
19,train,mobley_3234716
19,train,mobley_3259411
19,train,mobley_3265457
19,train,mobley_3266352
19,train,mobley_3269565
19,train,mobley_3269819
19,train,mobley_3274817
19,train,mobley_3323117
19,train,mobley_3325209
19,train,mobley_3370989
19,train,mobley_337666
19,train,mobley_3378420
19,train,mobley_3395921
19,train,mobley_3398536
19,train,mobley_3414356
19,train,mobley_3425174
19,train,mobley_3452749
19,train,mobley_349850
19,train,mobley_3515580
19,train,mobley_352111
19,train,mobley_3525176
19,train,mobley_3546460
19,train,mobley_3572203
19,train,mobley_3573480
19,train,mobley_3589456
19,train,mobley_3663158
19,train,mobley_3682850
19,train,mobley_3686115
19,train,mobley_3715043
19,train,mobley_3727287
19,train,mobley_3738859
19,train,mobley_3746675
19,train,mobley_3762186
19,train,mobley_3775790
19,train,mobley_3777264
19,train,mobley_3802803
19,train,mobley_3843583
19,train,mobley_3867265
19,train,mobley_3968739
19,train,mobley_3969312
19,train,mobley_397645
19,train,mobley_3976574
19,train,mobley_3980099
19,train,mobley_3982371
19,train,mobley_3999471
19,train,mobley_4013838
19,train,mobley_4039055
19,train,mobley_4043987
19,train,mobley_4059279
19,train,mobley_4149784
19,train,mobley_4177472
19,train,mobley_4188615
19,train,mobley_4193752
19,train,mobley_4218209
19,train,mobley_4219614
19,train,mobley_4287564
19,train,mobley_4291494
19,train,mobley_430089
19,train,mobley_4305650
19,train,mobley_4338603
19,train,mobley_4371692
19,train,mobley_4375719
19,train,mobley_4395315
19,train,mobley_4434915
19,train,mobley_4465023
19,train,mobley_4479135
19,train,mobley_4483973
19,train,mobley_4494568
19,train,mobley_4506634
19,train,mobley_4553008
19,train,mobley_4584540
19,train,mobley_4587267
19,train,mobley_4603202
19,train,mobley_4609460
19,train,mobley_4613090
19,train,mobley_4620651
19,train,mobley_4630641
19,train,mobley_4639255
19,train,mobley_4678740
19,train,mobley_4683624
19,train,mobley_4687447
19,train,mobley_468867
19,train,mobley_4694328
19,train,mobley_4699732
19,train,mobley_4759887
19,train,mobley_4762983
19,train,mobley_4780078
19,train,mobley_4792268
19,train,mobley_4845722
19,train,mobley_4850657
19,train,mobley_4883284
19,train,mobley_4884177
19,train,mobley_49274
19,train,mobley_4934872
19,train,mobley_4964807
19,train,mobley_5003962
19,train,mobley_5006685
19,train,mobley_5052949
19,train,mobley_5056289
19,train,mobley_5072416
19,train,mobley_5076071
19,train,mobley_5079234
19,train,mobley_5094777
19,train,mobley_511661
19,train,mobley_5157661
19,train,mobley_5200358
19,train,mobley_5263791
19,train,mobley_52782
19,train,mobley_5286200
19,train,mobley_5311804
19,train,mobley_5326154
19,train,mobley_5346580
19,train,mobley_5347550
19,train,mobley_5371840
19,train,mobley_5390332
19,train,mobley_5393242
19,train,mobley_5445548
19,train,mobley_5471704
19,train,mobley_547634
19,train,mobley_5494918
19,train,mobley_5499659
19,train,mobley_550662
19,train,mobley_5520946
19,train,mobley_5538249
19,train,mobley_5561855
19,train,mobley_5571660
19,train,mobley_5600967
19,train,mobley_5616693
19,train,mobley_5627459
19,train,mobley_5631798
19,train,mobley_5690766
19,train,mobley_5692472
19,train,mobley_5708811
19,train,mobley_5732611
19,train,mobley_5747188
19,train,mobley_5760563
19,train,mobley_5816127
19,train,mobley_5857
19,train,mobley_5880265
19,train,mobley_588781
19,train,mobley_590519
19,train,mobley_5917842
19,train,mobley_5935995
19,train,mobley_5952846
19,train,mobley_5973402
19,train,mobley_5977084
19,train,mobley_6006813
19,train,mobley_6055410
19,train,mobley_6060301
19,train,mobley_6081058
19,train,mobley_6082662
19,train,mobley_6091882
19,train,mobley_6102880
19,train,mobley_6115639
19,train,mobley_6175884
19,train,mobley_6190089
19,train,mobley_6195751
19,train,mobley_6198745
19,train,mobley_6201330
19,train,mobley_6232400
19,train,mobley_6239320
19,train,mobley_6248915
19,train,mobley_6257907
19,train,mobley_6266306
19,train,mobley_628086
19,train,mobley_628951
19,train,mobley_6303022
19,train,mobley_6309289
19,train,mobley_632905
19,train,mobley_6334915
19,train,mobley_6338073
19,train,mobley_6353617
19,train,mobley_6358463
19,train,mobley_6359135
19,train,mobley_6359156
19,train,mobley_63712
19,train,mobley_637522
19,train,mobley_6416775
19,train,mobley_6430250
19,train,mobley_6456034
19,train,mobley_646007
19,train,mobley_6474572
19,train,mobley_6620221
19,train,mobley_6632459
19,train,mobley_664966
19,train,mobley_667278
19,train,mobley_6688723
19,train,mobley_6714389
19,train,mobley_6727159
19,train,mobley_6733657
19,train,mobley_6739648
19,train,mobley_6743808
19,train,mobley_6794076
19,train,mobley_6804509
19,train,mobley_6843802
19,train,mobley_6854178
19,train,mobley_6861308
19,train,mobley_6896128
19,train,mobley_6911232
19,train,mobley_6917738
19,train,mobley_6929123
19,train,mobley_6935906
19,train,mobley_6973347
19,train,mobley_6978427
19,train,mobley_6981465
19,train,mobley_6988468
19,train,mobley_7009711
19,train,mobley_7010316
19,train,mobley_7015518
19,train,mobley_7017274
19,train,mobley_7047032
19,train,mobley_7066554
19,train,mobley_7106722
19,train,mobley_7142697
19,train,mobley_7150646
19,train,mobley_7157427
19,train,mobley_7176248
19,train,mobley_718988
19,train,mobley_7200804
19,train,mobley_7227357
19,train,mobley_7239499
19,train,mobley_7261305
19,train,mobley_7295828
19,train,mobley_7298388
19,train,mobley_7326706
19,train,mobley_7360181
19,train,mobley_7375018
19,train,mobley_7378987
19,train,mobley_7393673
19,train,mobley_7415647
19,train,mobley_7417968
19,train,mobley_7455579
19,train,mobley_7463408
19,train,mobley_7463799
19,train,mobley_7497999
19,train,mobley_7532833
19,train,mobley_7542832
19,train,mobley_7573149
19,train,mobley_7578802
19,train,mobley_7608435
19,train,mobley_7608462
19,train,mobley_7610437
19,train,mobley_766666
19,train,mobley_7676709
19,train,mobley_7688753
19,train,mobley_7690440
19,train,mobley_7708038
19,train,mobley_7732703
19,train,mobley_7754849
19,train,mobley_7758918
19,train,mobley_7769613
19,train,mobley_7794077
19,train,mobley_7859387
19,train,mobley_7860938
19,train,mobley_7869158
19,train,mobley_7893124
19,train,mobley_7912193
19,train,mobley_7943327
19,train,mobley_7977115
19,train,mobley_7988076
19,train,mobley_8006582
19,train,mobley_8048190
19,train,mobley_8052240
19,train,mobley_8057732
19,train,mobley_8117218
19,train,mobley_8118832
19,train,mobley_8124669
19,train,mobley_819018
19,train,mobley_8207196
19,train,mobley_820789
19,train,mobley_8208692
19,train,mobley_8221999
19,train,mobley_8311303
19,train,mobley_8311321
19,train,mobley_8320545
19,train,mobley_8426916
19,train,mobley_8427539
19,train,mobley_8436428
19,train,mobley_8449031
19,train,mobley_8467917
19,train,mobley_8492526
19,train,mobley_8514745
19,train,mobley_8522124
19,train,mobley_8525830
19,train,mobley_852937
19,train,mobley_8573194
19,train,mobley_8578590
19,train,mobley_859464
19,train,mobley_8668219
19,train,mobley_8685905
19,train,mobley_8691603
19,train,mobley_8705848
19,train,mobley_8713762
19,train,mobley_8723116
19,train,mobley_8739734
19,train,mobley_8754702
19,train,mobley_8764620
19,train,mobley_8765203
19,train,mobley_8785107
19,train,mobley_8789465
19,train,mobley_8789864
19,train,mobley_8809274
19,train,mobley_8823527
19,train,mobley_8827942
19,train,mobley_8861672
19,train,mobley_8882696
19,train,mobley_8883511
19,train,mobley_8899867
19,train,mobley_8916409
19,train,mobley_8966374
19,train,mobley_8983100
19,train,mobley_900088
19,train,mobley_9015240
19,train,mobley_9028462
19,train,mobley_9029594
19,train,mobley_9055303
19,train,mobley_9073553
19,train,mobley_9100956
19,train,mobley_9114381
19,train,mobley_9185328
19,train,mobley_9197172
19,train,mobley_9201263
19,train,mobley_9209581
19,train,mobley_9246215
19,train,mobley_9257453
19,train,mobley_9281946
19,train,mobley_929676
19,train,mobley_9407874
19,train,mobley_9414831
19,train,mobley_9434451
19,train,mobley_9460824
19,train,mobley_951560
19,train,mobley_9534740
19,train,mobley_9557440
19,train,mobley_9571888
19,train,mobley_9617923
19,train,mobley_9624458
19,train,mobley_9626434
19,train,mobley_9653690
19,train,mobley_967099
19,train,mobley_9671033
19,train,mobley_9705941
19,train,mobley_9717937
19,train,mobley_9729792
19,train,mobley_9733743
19,train,mobley_9740891
19,train,mobley_9741965
19,train,mobley_9794857
19,train,mobley_9821936
19,train,mobley_9838013
19,train,mobley_9883303
19,train,mobley_9897248
19,train,mobley_9913368
19,train,mobley_9942801
19,train,mobley_994483
19,train,mobley_9974966
19,train,mobley_9979854
19,valid,mobley_1017962
19,valid,mobley_1571523
19,valid,mobley_1733799
19,valid,mobley_1760914
19,valid,mobley_1781152
19,valid,mobley_1944394
19,valid,mobley_1952272
19,valid,mobley_2143011
19,valid,mobley_2146331
19,valid,mobley_2310185
19,valid,mobley_2328633
19,valid,mobley_2410897
19,valid,mobley_242480
19,valid,mobley_2457863
19,valid,mobley_2492140
19,valid,mobley_2689721
19,valid,mobley_2802855
19,valid,mobley_3151666
19,valid,mobley_3169935
19,valid,mobley_3201701
19,valid,mobley_3264884
19,valid,mobley_36119
19,valid,mobley_3690931
19,valid,mobley_3709920
19,valid,mobley_3761215
19,valid,mobley_4252724
19,valid,mobley_4463913
19,valid,mobley_4561957
19,valid,mobley_4690963
19,valid,mobley_486214
19,valid,mobley_4893032
19,valid,mobley_5026370
19,valid,mobley_5110043
19,valid,mobley_525934
19,valid,mobley_5282042
19,valid,mobley_5456566
19,valid,mobley_5518547
19,valid,mobley_5747981
19,valid,mobley_5759258
19,valid,mobley_5852491
19,valid,mobley_6250025
19,valid,mobley_6497672
19,valid,mobley_6571751
19,valid,mobley_6619554
19,valid,mobley_7039935
19,valid,mobley_7364468
19,valid,mobley_7599023
19,valid,mobley_7768165
19,valid,mobley_7814642
19,valid,mobley_7829570
19,valid,mobley_7913234
19,valid,mobley_8011706
19,valid,mobley_8260524
19,valid,mobley_8337722
19,valid,mobley_8337977
19,valid,mobley_8746821
19,valid,mobley_8772587
19,valid,mobley_8885088
19,valid,mobley_902954
19,valid,mobley_9121449
19,valid,mobley_9139060
19,valid,mobley_9478823
19,valid,mobley_9507933
19,valid,mobley_9510785
19,test,mobley_1563176
19,test,mobley_1674094
19,test,mobley_1717215
19,test,mobley_1821184
19,test,mobley_1849020
19,test,mobley_1858644
19,test,mobley_2043882
19,test,mobley_2123854
19,test,mobley_2183616
19,test,mobley_2245668
19,test,mobley_2364370
19,test,mobley_2577969
19,test,mobley_2636578
19,test,mobley_2782339
19,test,mobley_2789243
19,test,mobley_2845466
19,test,mobley_296847
19,test,mobley_2972345
19,test,mobley_2996632
19,test,mobley_3183805
19,test,mobley_3318135
19,test,mobley_3359593
19,test,mobley_3639400
19,test,mobley_3968043
19,test,mobley_4035953
19,test,mobley_4043951
19,test,mobley_4364398
19,test,mobley_4715906
19,test,mobley_4924862
19,test,mobley_4936555
19,test,mobley_4983965
19,test,mobley_5063386
19,test,mobley_5123639
19,test,mobley_5220185
19,test,mobley_5310099
19,test,mobley_5449201
19,test,mobley_5467162
19,test,mobley_5510474
19,test,mobley_5665561
19,test,mobley_5890803
19,test,mobley_5948990
19,test,mobley_6235784
19,test,mobley_627267
19,test,mobley_6522117
19,test,mobley_676247
19,test,mobley_6812653
19,test,mobley_7099614
19,test,mobley_7176290
19,test,mobley_7203421
19,test,mobley_7326982
19,test,mobley_755351
19,test,mobley_7735340
19,test,mobley_7774695
19,test,mobley_778352
19,test,mobley_7983227
19,test,mobley_8127829
19,test,mobley_8191186
19,test,mobley_8558116
19,test,mobley_8614858
19,test,mobley_8798016
19,test,mobley_8809190
19,test,mobley_9007496
19,test,mobley_9112978
19,test,mobley_9246351
19,test,mobley_9565165
